scheme,latency_slots,mean,ci95_low,ci95_high
B,0,0.0,0,0.0
B,1,0.06525786314525811,0.051620695396358635,0.07889503089415759
B,2,0.0654578831532613,0.05189299237734556,0.07902277392917703
B,3,0.2316263305322129,0.2004618270140007,0.26279083405042514
B,4,0.2321764705882353,0.2007244863850715,0.26362845479139907
B,5,0.4613002400960384,0.4279696399324099,0.49463084025966697
B,6,0.461800300120048,0.42846070699415706,0.495139893245939
B,7,0.672969787915166,0.64804592010769,0.6978936557226421
B,8,0.6737198279311725,0.6488354014277465,0.6986042544345984
B,9,0.6770207282913165,0.6484191399229048,0.7056223166597283
B,10,0.6787211484593838,0.6484254382573201,0.7090168586614475
B,11,0.681571968787515,0.647436127692813,0.715707809882217
B,12,0.683022368947579,0.647304103194507,0.7187406347006509
B,13,0.684072669067627,0.6472850622727199,0.7208602758625341
B,14,0.684822769107643,0.6479512560560472,0.7216942821592387
B,15,0.6857229891956783,0.6483324496165658,0.7231135287747908
B,16,0.6866231492597039,0.649068829966423,0.7241774685529848
B,17,0.6876733093237294,0.6498580898356265,0.7254885288118322
B,18,0.6889734893957583,0.6507318223727587,0.7272151564187579
B,19,0.6900735894357742,0.6516863048117019,0.7284608740598466
B,20,0.6910238095238095,0.6523167086689805,0.7297309103786385
B,21,0.6928741096438575,0.6539396792522558,0.7318085400354593
B,22,0.6949743697478992,0.6557371230473713,0.734211616448427
B,23,0.6969244897959184,0.6576355911102383,0.7362133884815985
B,24,0.6988245698279311,0.6595865921597455,0.7380625474961167
B,25,0.7006746498599439,0.6614673860721937,0.7398819136476941
B,26,0.7027747899159664,0.6635625005480488,0.7419870792838841
B,27,0.7041248899559824,0.6649626427644283,0.7432871371475366
B,28,0.7063750700280111,0.6670983978054477,0.7456517422505746
B,29,0.7073251900760305,0.6677826368245486,0.7468677433275123
B,30,0.7083753301320528,0.6681388105925945,0.7486118496715111
B,31,0.7092753901560624,0.6688537297793786,0.7496970505327463
B,32,0.7105755102040816,0.6700781800166616,0.7510728403915016
B,33,0.7122757302921168,0.6715171964096177,0.7530342641746158
B,34,0.7133258503401361,0.6721157307766,0.7545359699036721
B,35,0.7143759303721489,0.672716332669633,0.7560355280746647
B,36,0.7163760704281714,0.6744853260190607,0.7582668148372821
B,37,0.7180761704681873,0.6757579308267959,0.7603944101095786
B,38,0.7195762304921969,0.6768688423554449,0.7622836186289489
B,39,0.7220264105642257,0.678958814935437,0.7650940061930144
B,40,0.7242265906362545,0.680570535814715,0.7678826454577939
B,41,0.7258267106842737,0.6819327290103339,0.7697206923582136
B,42,0.7274268507402961,0.6835324425965233,0.7713212588840689
B,43,0.7290769707883152,0.6848274773833898,0.7733264641932407
B,44,0.7306270908363346,0.6865167617777843,0.7747374198948849
B,45,0.732277230892357,0.6880188431758845,0.7765356186088295
B,46,0.7339274109643857,0.6897194728173144,0.7781353491114571
B,47,0.7352774709883954,0.691294094434838,0.7792608475419527
B,48,0.7367775910364145,0.6925768848153832,0.7809782972574458
B,49,0.7381276910764305,0.6940140266350379,0.7822413555178231
B,50,0.7401279311724691,0.6957091761607413,0.7845466861841969
B,51,0.7418281712685074,0.6972180316207164,0.7864383109162985
B,52,0.7433284113645457,0.6985690057570901,0.7880878169720014
B,53,0.7453285514205683,0.7005623519355255,0.7900947509056111
B,54,0.7476787715086034,0.7027880127686531,0.7925695302485537
B,55,0.749428931572629,0.7043208668758675,0.7945369962693906
B,56,0.7517791716686675,0.706454628283173,0.797103715054162
B,57,0.7534294117647059,0.7076711795564654,0.7991876439729464
B,58,0.7546296318527411,0.7085896318810418,0.8006696318244404
B,59,0.7561297719087635,0.7097831028293814,0.8024764409881456
B,60,0.7575799919967987,0.7104949860393228,0.8046649979542746
B,61,0.7598802721088435,0.7120489519858142,0.8077115922318727
B,62,0.7620804921968788,0.7137599931304716,0.810400991263286
B,63,0.7644307322929171,0.7152153924279099,0.8136460721579244
B,64,0.7665809523809525,0.7166788782499323,0.8164830265119727
B,65,0.7689812324929973,0.7179348269603115,0.8200276380256831
B,66,0.7708813325330133,0.7195065342057059,0.8222561308603207
B,67,0.7726814925970388,0.7210292808274428,0.8243337043666348
B,68,0.7743816126450581,0.7228043149939128,0.8259589102962034
B,69,0.7765816926770708,0.7253691811423888,0.8277942042117528
B,70,0.7787318727490997,0.727132606256434,0.8303311392417654
B,71,0.7809820728291317,0.729245233769572,0.8327189118886914
B,72,0.7834823929571828,0.7309432133380652,0.8360215725763004
B,73,0.7865826930772308,0.7333990775991548,0.8397663085553069
B,74,0.7902830132052822,0.7367108914637573,0.843855134946807
B,75,0.7940335934373749,0.7402353924968034,0.8478317943779464
B,76,0.7972340336134454,0.7438891217039175,0.8505789455229732
B,77,0.800684393757503,0.7480139520744777,0.8533548354405283
B,78,0.8033845738295318,0.7510149697931597,0.8557541778659038
B,79,0.806684693877551,0.7553476944763013,0.8580216932788007
B,80,0.8094849339735894,0.7586741909157292,0.8602956770314497
B,81,0.8120850340136055,0.761620361519786,0.8625497065074251
B,82,0.8154352140856342,0.7650244538654917,0.8658459743057768
B,83,0.8189353341336534,0.7685892941641184,0.8692813741031884
B,84,0.8222854941976792,0.7721625906776688,0.8724083977176895
B,85,0.8251856342537015,0.7752078201756736,0.8751634483317294
B,86,0.8284858143257303,0.7790334001207312,0.8779382285307294
B,87,0.8312860144057623,0.7815119664188637,0.881060062392661
B,88,0.833686074429772,0.7844318068704881,0.882940341989056
B,89,0.8361361344537814,0.7869940048124929,0.8852782640950699
B,90,0.8389862144857942,0.7901632674499044,0.8878091615216841
B,91,0.8413363145258103,0.7929584878863623,0.8897141411652583
B,92,0.8430364145658263,0.7950021654474138,0.8910706636842389
B,93,0.8444364745898358,0.7966249107765272,0.8922480384031445
B,94,0.8460866546618647,0.7984657097625237,0.8937075995612057
B,95,0.8476868147258904,0.8004552842800415,0.8949183451717392
B,96,0.8495370148059224,0.8018612918849178,0.8972127377269269
B,97,0.8505871548619448,0.8027186139981869,0.8984556957257027
B,98,0.851587274909964,0.8034890063465252,0.8996855434734028
B,99,0.8529373349339736,0.8055716567080757,0.9003030131598715
B,100,0.854437575030012,0.8075355838123004,0.9013395662477237
B,101,0.8557877350940377,0.8093515054728029,0.9022239647152726
B,102,0.8570378551420569,0.8111217892653996,0.9029539210187142
B,103,0.8590880152060824,0.8132329896450589,0.9049430407671059
B,104,0.8607381352541016,0.8147579619184013,0.9067183085898018
B,105,0.8619382152861144,0.8158823153477094,0.9079941152245193
B,106,0.8630382953181273,0.8167398956262941,0.9093366950099604
B,107,0.8641885354141656,0.8177830900736515,0.9105939807546798
B,108,0.8651886554621848,0.8185482614893758,0.9118290494349939
B,109,0.866488775510204,0.8201854254529681,0.9127921255674398
B,110,0.8679389955982393,0.8221140045170158,0.9137639866794628
B,111,0.8690891156462585,0.8235274306409378,0.9146508006515791
B,112,0.8704392757102841,0.8252558993153595,0.9156226521052088
B,113,0.8723394757903161,0.8274548541629955,0.9172240974176368
B,114,0.874189675870348,0.8292636520705456,0.9191156996701504
B,115,0.875739855942377,0.8309648835649587,0.9205148283197954
B,116,0.8771399359743897,0.8326541686394041,0.9216257033093752
B,117,0.8785400160064026,0.8346858487233715,0.9223941832894338
B,118,0.8803400360144058,0.8371290972906731,0.9235509747381385
B,119,0.8818402160864346,0.8394868464220617,0.9241935857508075
B,120,0.8834404361744699,0.8415394719467002,0.9253414004022396
B,121,0.8848406362545018,0.8433111098759152,0.9263701626330885
B,122,0.8860907763105242,0.8451021706559895,0.927079381965059
B,123,0.8870409963985594,0.8459337097000843,0.9281482830970345
B,124,0.8888412164865946,0.8489309247450116,0.9287515082281776
B,125,0.8906914765906362,0.8511536430618496,0.9302293101194228
B,126,0.8920915566226492,0.8538550522078947,0.9303280610374036
B,127,0.8934416366546619,0.8562404083060677,0.9306428650032561
B,128,0.8952418567426971,0.858327303655662,0.9321564098297321
B,129,0.8970920968387355,0.8606699049499509,0.9335142887275201
B,130,0.8982922368947578,0.8627199982161121,0.9338644755734035
B,131,0.899592336934774,0.8646898406589915,0.9344948332105566
B,132,0.9008924969987996,0.8668626550723028,0.9349223389252964
B,133,0.902492657062825,0.8687871768855395,0.9361981372401105
B,134,0.9042428971588636,0.871173293003943,0.9373125013137843
B,135,0.9054430972388956,0.8723257975144725,0.9385603969633187
B,136,0.9064931572629051,0.8732732864562087,0.9397130280696016
B,137,0.9074432372949179,0.8742472574500498,0.940639217139786
B,138,0.9086433173269308,0.8753875227575836,0.9418991118962781
B,139,0.9098934173669467,0.8766822792750574,0.9431045554588361
B,140,0.9111934773909564,0.8784672477298221,0.9439197070520906
B,141,0.9123936374549819,0.8799849187102567,0.9448023561997071
B,142,0.9135437575030012,0.8810151155263488,0.9460723994796536
B,143,0.9147438575430172,0.882406859536251,0.9470808555497835
B,144,0.9157439575830333,0.88322687327471,0.9482610418913566
B,145,0.9171440376150459,0.8843121121496387,0.9499759630804532
B,146,0.9183441376550622,0.885469861446735,0.9512184138633893
B,147,0.9197943177270909,0.8868658586411762,0.9527227768130055
B,148,0.9211444977991197,0.8877773321683795,0.9545116634298598
B,149,0.9225447378951581,0.8890059620249626,0.9560835137653536
B,150,0.9239447979191677,0.890557026324655,0.9573325695136804
B,151,0.9254448579431772,0.891825794499465,0.9590639213868895
B,152,0.9273949379751901,0.8938537651572339,0.9609361107931463
B,153,0.928995018007203,0.8956688908321289,0.9623211451822771
B,154,0.9302950380152062,0.8969794771464313,0.963610598883981
B,155,0.9317950780312125,0.8985089916417591,0.9650811644206659
B,156,0.9330951180472189,0.9000988164406885,0.9660914196537493
B,157,0.9345951180472188,0.9014960357946202,0.9676942002998175
B,158,0.9360451580632252,0.9030487700170131,0.9690415461094373
B,159,0.9377952380952381,0.9050054151692654,0.9705850610212109
B,160,0.9394952581032414,0.9066849590284621,0.9723055571780207
B,161,0.9410952981192477,0.9082537789094351,0.9739368173290603
B,162,0.9424952981192477,0.9096906092133282,0.9752999870251672
B,163,0.9436953381352542,0.9109696120694125,0.9764210642010959
B,164,0.9448453381352542,0.9117801666280225,0.9779105096424858
B,165,0.9462454381752701,0.9132938828634002,0.97919699348714
B,166,0.9474455582232892,0.9145635996750154,0.980327516771563
B,167,0.9490456582633051,0.9161409662269167,0.9819503502996936
B,168,0.950795818327331,0.9179574196568062,0.9836342169978557
B,169,0.9523458583433373,0.9191649611817233,0.9855267555049513
B,170,0.9551459783913565,0.921454754385513,0.9888372023972
B,171,0.9569960584233693,0.9230904663441403,0.9909016505025984
B,172,0.9581961584633855,0.9242182069833634,0.9921741099434075
B,173,0.9589461584633854,0.9249221227910536,0.9929701941357172
B,174,0.9601961784713886,0.9258161225895691,0.9945762343532081
B,175,0.9610961784713885,0.9263298600812897,0.9958624968614873
B,176,0.961546218487395,0.9267492648635427,0.9963431721112472
B,177,0.9623462585034014,0.9277754267499272,0.9969170902568756
B,178,0.9631462785114046,0.929303049939421,0.9969895070833881
B,179,0.9637962785114046,0.930052475101367,0.9975400819214422
B,180,0.9642963185274109,0.9307811233095631,0.9978115137452588
B,181,0.9649963785514206,0.9316268453186746,0.9983659117841667
B,182,0.9657465586234494,0.9327031080838161,0.9987900091630827
B,183,0.9665966786714685,0.9340885238840605,0.9991048334588765
B,184,0.9669967987194876,0.9347721868211281,0.9992214106178472
B,185,0.9677469787915166,0.9357940358683712,0.999699921714662
B,186,0.9686970988395358,0.9368369897301502,1
B,187,0.9694972388955583,0.9376182796387496,1
B,188,0.9704473589435774,0.9386897012997696,1
B,189,0.971247418967587,0.9393377062951855,1
B,190,0.971697418967587,0.9397299983165002,1
B,191,0.972197519007603,0.9405111958929093,1
B,192,0.972847619047619,0.9414493364634565,1
B,193,0.9734977390956382,0.9426449559102437,1
B,194,0.9738477591036414,0.9430275266697399,1
B,195,0.9744978591436574,0.9439914732774118,1
B,196,0.9748979591836734,0.9446387818698296,1
B,197,0.9755480192076831,0.9463306977247393,1
B,198,0.9760481592637055,0.9470471537931787,1
B,199,0.9765482593037215,0.9476580095807788,1
B,200,0.9768982993197278,0.948331827941178,1
B,201,0.9773982993197279,0.9495808005344828,1
B,202,0.9777483193277312,0.9502340225523807,1
B,203,0.9783483393357344,0.9517771381009453,1
B,204,0.9788984393757503,0.9527782566954691,1
B,205,0.9793485394157664,0.9533460305352919,1
B,206,0.9796985794317727,0.954028259895138,1
B,207,0.979898599439776,0.954451436110384,1
B,208,0.9803986794717887,0.9554196643017094,1
B,209,0.980848699479792,0.9562645766071828,1
B,210,0.981148719487795,0.9567302190594147,1
B,211,0.9812987194877951,0.9570915884989394,1
B,212,0.9817988395358144,0.9579674232386065,1
B,213,0.9823489595838335,0.958991967828148,1
B,214,0.9826489595838336,0.9596021468281857,1
B,215,0.9829990196078432,0.9601310107893132,1
B,216,0.9832490396158464,0.9607150041003012,1
B,217,0.9835990796318528,0.9613809415033869,1
B,218,0.9839991796718688,0.9621326023930724,1
B,219,0.9843492396958783,0.9627913714576335,1
B,220,0.9846993197278912,0.9633482529128947,1
B,221,0.9849993397358944,0.9638337051610419,1
B,222,0.9852993797519007,0.9640653664112694,1
B,223,0.9854993797519007,0.9646059007906583,1
B,224,0.9857993797519007,0.9650784544884284,1
B,225,0.9858493797519008,0.9652452496887826,1
B,226,0.9863993797519007,0.9661589389988733,1
B,227,0.9868493997599039,0.9671428988776305,1
B,228,0.9876994197679071,0.9693363350310563,1
B,229,0.9880494197679072,0.9701054937033439,1
B,230,0.9882494397759104,0.9704956960703468,1
B,231,0.9882494397759104,0.9704956960703468,1
B,232,0.9886994797919166,0.9713546502698293,1
B,233,0.9887994797919167,0.971553250897781,1
B,234,0.98904949979992,0.9722681258964766,1
B,235,0.9894495198079233,0.9732227967089435,1
B,236,0.9897495198079233,0.9742231298282873,1
B,237,0.9903995198079232,0.9757301344892754,1
B,238,0.9907495198079233,0.976488271810802,1
B,239,0.9908995198079231,0.9768569141058216,1
B,240,0.9912495198079232,0.978020348478509,1
B,241,0.9914995398159265,0.9783402216090956,1
B,242,0.9919995598239297,0.9796193281235109,1
B,243,0.9927495798319328,0.9817228485245512,1
B,244,0.9931495798319327,0.9829194785311625,1
B,245,0.9935995798319329,0.9842771113497505,1
B,246,0.9939995798319329,0.9852025774907607,1
B,247,0.9940495798319329,0.9853669338557979,1
B,248,0.9942495798319329,0.9857632595975198,1
B,249,0.9943995798319328,0.9862551076260192,1
B,250,0.9944495798319328,0.9864188093756183,1
B,251,0.9949495798319329,0.9877884474315658,1
B,252,0.995049599839936,0.988019069793874,1
B,253,0.995149599839936,0.9880839322012673,1
B,254,0.995399599839936,0.9886305455730459,1
B,255,0.9956496398559425,0.9892558057102174,1
B,256,0.9957496598639456,0.9894858449187544,1
B,257,0.9957996598639456,0.9895178560070486,1
B,258,0.9958996598639456,0.9897107273588768,1
B,259,0.9959496598639456,0.9898735567230219,1
B,260,0.9960496598639456,0.9900636139838441,1
B,261,0.9960496598639456,0.9900636139838441,1
B,262,0.9960996598639456,0.9900967885543401,1
B,263,0.9960996598639456,0.9900967885543401,1
B,264,0.9960996598639456,0.9900967885543401,1
B,265,0.9960996598639456,0.9900967885543401,1
B,266,0.9960996598639456,0.9900967885543401,1
B,267,0.9961496598639455,0.9901250361403847,1
B,268,0.9961996598639457,0.9902872857518094,1
B,269,0.9962496598639455,0.9904492976759032,1
B,270,0.9963496798719488,0.990681675653518,1
B,271,0.996399699879952,0.9907498918622902,1
B,272,0.9964497198879553,0.9908156832292901,1
B,273,0.9965997398959584,0.9912074975844806,1
B,274,0.9965997398959584,0.9912074975844806,1
B,275,0.9966497398959584,0.9913714676393193,1
B,276,0.9966997398959584,0.9915352461043111,1
B,277,0.9966997398959584,0.9915352461043111,1
B,278,0.9967497398959584,0.9915676805605607,1
B,279,0.9968497599039616,0.9917956956832744,1
B,280,0.9968497599039616,0.9917956956832744,1
B,281,0.9969997799119649,0.992186770232681,1
B,282,0.997099799919968,0.9924120774589861,1
B,283,0.997149799919968,0.9925770123875877,1
B,284,0.997199799919968,0.9927417749087513,1
B,285,0.997199799919968,0.9927417749087513,1
B,286,0.997349799919968,0.9932348838832659,1
B,287,0.997349799919968,0.9932348838832659,1
B,288,0.997349799919968,0.9932348838832659,1
B,289,0.997349799919968,0.9932348838832659,1
B,290,0.9974998199279712,0.9933585537021126,1
B,291,0.9975998599439776,0.9934731127747902,1
B,292,0.9976498799519808,0.9935253206120555,1
B,293,0.9976998799519808,0.9936919565309098,1
B,294,0.9977998799519808,0.9940249305923067,1
B,295,0.997849899959984,0.9940752233687797,1
B,296,0.997849899959984,0.9940752233687797,1
B,297,0.997849899959984,0.9940752233687797,1
B,298,0.997849899959984,0.9940752233687797,1
B,299,0.9978999199679873,0.9941218114879768,1
B,300,0.9979999199679872,0.9943236069887325,1
B,301,0.9979999199679872,0.9943236069887325,1
B,302,0.9981999199679873,0.9948606207853813,1
B,303,0.9981999199679873,0.9948606207853813,1
B,304,0.9981999199679873,0.9948606207853813,1
B,305,0.9981999199679873,0.9948606207853813,1
B,306,0.9981999199679873,0.9948606207853813,1
B,307,0.9981999199679873,0.9948606207853813,1
B,308,0.9981999199679873,0.9948606207853813,1
B,309,0.9981999199679873,0.9948606207853813,1
B,310,0.9982499199679872,0.995027793132405,1
B,311,0.9982499199679872,0.995027793132405,1
B,312,0.9982499199679872,0.995027793132405,1
B,313,0.9982999199679873,0.9951948852020873,1
B,314,0.9983499199679873,0.9953618875569252,1
B,315,0.9983499199679873,0.9953618875569252,1
B,316,0.9983999199679873,0.995528789228904,1
B,317,0.9984499199679873,0.9955597244512444,1
B,318,0.9984499199679873,0.9955597244512444,1
B,319,0.9984999199679873,0.9955914711309314,1
B,320,0.9985499199679873,0.9956240140810485,1
B,321,0.9985999199679872,0.9957906576349439,1
B,322,0.9986999399759904,0.9960083030602844,1
B,323,0.9987499399759904,0.9961754773385468,1
B,324,0.9988999399759904,0.996676328709638,1
B,325,0.9989999599839936,0.9968925458406515,1
B,326,0.9990499599839936,0.9970600017774339,1
B,327,0.9990499599839936,0.9970600017774339,1
B,328,0.9991499599839936,0.9973946013408178,1
B,329,0.9991499599839936,0.9973946013408178,1
B,330,0.9991499599839936,0.9973946013408178,1
B,331,0.9991499599839936,0.9973946013408178,1
B,332,0.9991499599839936,0.9973946013408178,1
B,333,0.9991499599839936,0.9973946013408178,1
B,334,0.9991499599839936,0.9973946013408178,1
B,335,0.9992499599839937,0.997728623983809,1
B,336,0.9992999599839936,0.9978953288174719,1
B,337,0.9993499599839937,0.9980617552480483,1
B,338,0.9993499599839937,0.9980617552480483,1
B,339,0.9993499599839937,0.9980617552480483,1
B,340,0.9993499599839937,0.9980617552480483,1
B,341,0.9993999799919968,0.9981110066025511,1
B,342,0.9993999799919968,0.9981110066025511,1
B,343,0.9993999799919968,0.9981110066025511,1
B,344,0.9993999799919968,0.9981110066025511,1
B,345,0.9994499799919968,0.998278699975872,1
B,346,0.9994499799919968,0.998278699975872,1
B,347,0.9994999799919968,0.9984462729203257,1
B,348,0.9995999799919968,0.9987808501219222,1
B,349,0.9995999799919968,0.9987808501219222,1
B,350,0.9995999799919968,0.9987808501219222,1
B,351,0.9995999799919968,0.9987808501219222,1
B,352,0.9996499999999999,0.99882238151215,1
B,353,0.9996499999999999,0.99882238151215,1
B,354,0.9997,0.9989906127247,1
B,355,0.9997,0.9989906127247,1
B,356,0.9997,0.9989906127247,1
B,357,0.9997,0.9989906127247,1
B,358,0.99975,0.9991588439372501,1
B,359,0.99975,0.9991588439372501,1
B,360,0.99975,0.9991588439372501,1
B,361,0.99975,0.9991588439372501,1
B,362,0.99975,0.9991588439372501,1
B,363,0.99975,0.9991588439372501,1
B,364,0.9998,0.9993270751498,1
B,365,0.9998,0.9993270751498,1
B,366,0.99985,0.9994953063623501,1
B,367,0.99985,0.9994953063623501,1
B,368,0.99985,0.9994953063623501,1
B,369,0.99985,0.9994953063623501,1
B,370,0.99985,0.9994953063623501,1
B,371,0.99985,0.9994953063623501,1
B,372,0.99985,0.9994953063623501,1
B,373,0.99985,0.9994953063623501,1
B,374,0.99985,0.9994953063623501,1
B,375,0.99985,0.9994953063623501,1
B,376,0.9999,0.9996635375749,1
B,377,0.9999,0.9996635375749,1
B,378,0.9999,0.9996635375749,1
B,379,0.9999,0.9996635375749,1
B,380,0.9999,0.9996635375749,1
B,381,0.9999,0.9996635375749,1
B,382,0.9999,0.9996635375749,1
B,383,0.9999,0.9996635375749,1
B,384,0.9999,0.9996635375749,1
B,385,0.9999,0.9996635375749,1
B,386,0.9999,0.9996635375749,1
B,387,0.9999,0.9996635375749,1
B,388,0.9999,0.9996635375749,1
B,389,0.9999,0.9996635375749,1
B,390,0.9999,0.9996635375749,1
B,391,0.9999,0.9996635375749,1
B,392,0.9999,0.9996635375749,1
B,393,0.9999,0.9996635375749,1
B,394,0.9999,0.9996635375749,1
B,395,0.9999,0.9996635375749,1
B,396,0.9999,0.9996635375749,1
B,397,0.9999,0.9996635375749,1
B,398,0.9999,0.9996635375749,1
B,399,0.99995,0.9998317687874501,1
B,400,0.99995,0.9998317687874501,1
B,401,0.99995,0.9998317687874501,1
B,402,0.99995,0.9998317687874501,1
B,403,0.99995,0.9998317687874501,1
B,404,0.99995,0.9998317687874501,1
B,405,0.99995,0.9998317687874501,1
B,406,0.99995,0.9998317687874501,1
B,407,0.99995,0.9998317687874501,1
B,408,0.99995,0.9998317687874501,1
B,409,0.99995,0.9998317687874501,1
B,410,0.99995,0.9998317687874501,1
B,411,0.99995,0.9998317687874501,1
B,412,0.99995,0.9998317687874501,1
B,413,0.99995,0.9998317687874501,1
B,414,0.99995,0.9998317687874501,1
B,415,0.99995,0.9998317687874501,1
B,416,0.99995,0.9998317687874501,1
B,417,0.99995,0.9998317687874501,1
B,418,0.99995,0.9998317687874501,1
B,419,0.99995,0.9998317687874501,1
B,420,0.99995,0.9998317687874501,1
B,421,0.99995,0.9998317687874501,1
B,422,0.99995,0.9998317687874501,1
B,423,0.99995,0.9998317687874501,1
B,424,0.99995,0.9998317687874501,1
B,425,0.99995,0.9998317687874501,1
B,426,0.99995,0.9998317687874501,1
B,427,1.0,1.0,1
B,428,1.0,1.0,1
B,429,1.0,1.0,1
B,430,1.0,1.0,1
B,431,1.0,1.0,1
B,432,1.0,1.0,1
B,433,1.0,1.0,1
B,434,1.0,1.0,1
B,435,1.0,1.0,1
B,436,1.0,1.0,1
B,437,1.0,1.0,1
B,438,1.0,1.0,1
B,439,1.0,1.0,1
B,440,1.0,1.0,1
B,441,1.0,1.0,1
B,442,1.0,1.0,1
B,443,1.0,1.0,1
B,444,1.0,1.0,1
B,445,1.0,1.0,1
B,446,1.0,1.0,1
B,447,1.0,1.0,1
B,448,1.0,1.0,1
B,449,1.0,1.0,1
B,450,1.0,1.0,1
B,451,1.0,1.0,1
B,452,1.0,1.0,1
B,453,1.0,1.0,1
B,454,1.0,1.0,1
B,455,1.0,1.0,1
B,456,1.0,1.0,1
B,457,1.0,1.0,1
B,458,1.0,1.0,1
B,459,1.0,1.0,1
B,460,1.0,1.0,1
B,461,1.0,1.0,1
B,462,1.0,1.0,1
B,463,1.0,1.0,1
B,464,1.0,1.0,1
B,465,1.0,1.0,1
B,466,1.0,1.0,1
B,467,1.0,1.0,1
B,468,1.0,1.0,1
B,469,1.0,1.0,1
B,470,1.0,1.0,1
B,471,1.0,1.0,1
B,472,1.0,1.0,1
B,473,1.0,1.0,1
B,474,1.0,1.0,1
B,475,1.0,1.0,1
B,476,1.0,1.0,1
B,477,1.0,1.0,1
B,478,1.0,1.0,1
B,479,1.0,1.0,1
B,480,1.0,1.0,1
B,481,1.0,1.0,1
B,482,1.0,1.0,1
B,483,1.0,1.0,1
B,484,1.0,1.0,1
B,485,1.0,1.0,1
B,486,1.0,1.0,1
B,487,1.0,1.0,1
B,488,1.0,1.0,1
B,489,1.0,1.0,1
B,490,1.0,1.0,1
B,491,1.0,1.0,1
B,492,1.0,1.0,1
B,493,1.0,1.0,1
B,494,1.0,1.0,1
B,495,1.0,1.0,1
B,496,1.0,1.0,1
B,497,1.0,1.0,1
B,498,1.0,1.0,1
B,499,1.0,1.0,1
B,500,1.0,1.0,1
B,501,1.0,1.0,1
B,502,1.0,1.0,1
B,503,1.0,1.0,1
B,504,1.0,1.0,1
B,505,1.0,1.0,1
B,506,1.0,1.0,1
B,507,1.0,1.0,1
B,508,1.0,1.0,1
B,509,1.0,1.0,1
B,510,1.0,1.0,1
B,511,1.0,1.0,1
B,512,1.0,1.0,1
B,513,1.0,1.0,1
B,514,1.0,1.0,1
B,515,1.0,1.0,1
B,516,1.0,1.0,1
B,517,1.0,1.0,1
B,518,1.0,1.0,1
B,519,1.0,1.0,1
B,520,1.0,1.0,1
B,521,1.0,1.0,1
B,522,1.0,1.0,1
B,523,1.0,1.0,1
B,524,1.0,1.0,1
B,525,1.0,1.0,1
B,526,1.0,1.0,1
B,527,1.0,1.0,1
B,528,1.0,1.0,1
B,529,1.0,1.0,1
B,530,1.0,1.0,1
B,531,1.0,1.0,1
B,532,1.0,1.0,1
B,533,1.0,1.0,1
B,534,1.0,1.0,1
B,535,1.0,1.0,1
B,536,1.0,1.0,1
B,537,1.0,1.0,1
B,538,1.0,1.0,1
B,539,1.0,1.0,1
B,540,1.0,1.0,1
B,541,1.0,1.0,1
B,542,1.0,1.0,1
B,543,1.0,1.0,1
B,544,1.0,1.0,1
B,545,1.0,1.0,1
B,546,1.0,1.0,1
B,547,1.0,1.0,1
B,548,1.0,1.0,1
B,549,1.0,1.0,1
B,550,1.0,1.0,1
B,551,1.0,1.0,1
B,552,1.0,1.0,1
B,553,1.0,1.0,1
B,554,1.0,1.0,1
B,555,1.0,1.0,1
B,556,1.0,1.0,1
B,557,1.0,1.0,1
B,558,1.0,1.0,1
B,559,1.0,1.0,1
B,560,1.0,1.0,1
B,561,1.0,1.0,1
B,562,1.0,1.0,1
B,563,1.0,1.0,1
B,564,1.0,1.0,1
B,565,1.0,1.0,1
B,566,1.0,1.0,1
B,567,1.0,1.0,1
B,568,1.0,1.0,1
B,569,1.0,1.0,1
B,570,1.0,1.0,1
B,571,1.0,1.0,1
B,572,1.0,1.0,1
B,573,1.0,1.0,1
B,574,1.0,1.0,1
B,575,1.0,1.0,1
B,576,1.0,1.0,1
B,577,1.0,1.0,1
B,578,1.0,1.0,1
B,579,1.0,1.0,1
B,580,1.0,1.0,1
B,581,1.0,1.0,1
B,582,1.0,1.0,1
B,583,1.0,1.0,1
B,584,1.0,1.0,1
B,585,1.0,1.0,1
B,586,1.0,1.0,1
B,587,1.0,1.0,1
B,588,1.0,1.0,1
B,589,1.0,1.0,1
B,590,1.0,1.0,1
B,591,1.0,1.0,1
B,592,1.0,1.0,1
B,593,1.0,1.0,1
B,594,1.0,1.0,1
B,595,1.0,1.0,1
B,596,1.0,1.0,1
B,597,1.0,1.0,1
B,598,1.0,1.0,1
B,599,1.0,1.0,1
B,600,1.0,1.0,1
B,601,1.0,1.0,1
B,602,1.0,1.0,1
B,603,1.0,1.0,1
B,604,1.0,1.0,1
B,605,1.0,1.0,1
B,606,1.0,1.0,1
B,607,1.0,1.0,1
B,608,1.0,1.0,1
B,609,1.0,1.0,1
B,610,1.0,1.0,1
B,611,1.0,1.0,1
B,612,1.0,1.0,1
B,613,1.0,1.0,1
B,614,1.0,1.0,1
B,615,1.0,1.0,1
B,616,1.0,1.0,1
B,617,1.0,1.0,1
B,618,1.0,1.0,1
B,619,1.0,1.0,1
B,620,1.0,1.0,1
B,621,1.0,1.0,1
B,622,1.0,1.0,1
B,623,1.0,1.0,1
B,624,1.0,1.0,1
B,625,1.0,1.0,1
B,626,1.0,1.0,1
B,627,1.0,1.0,1
B,628,1.0,1.0,1
B,629,1.0,1.0,1
B,630,1.0,1.0,1
B,631,1.0,1.0,1
B,632,1.0,1.0,1
B,633,1.0,1.0,1
B,634,1.0,1.0,1
B,635,1.0,1.0,1
B,636,1.0,1.0,1
B,637,1.0,1.0,1
B,638,1.0,1.0,1
B,639,1.0,1.0,1
B,640,1.0,1.0,1
B,641,1.0,1.0,1
B,642,1.0,1.0,1
B,643,1.0,1.0,1
B,644,1.0,1.0,1
B,645,1.0,1.0,1
B,646,1.0,1.0,1
B,647,1.0,1.0,1
B,648,1.0,1.0,1
B,649,1.0,1.0,1
B,650,1.0,1.0,1
B,651,1.0,1.0,1
B,652,1.0,1.0,1
B,653,1.0,1.0,1
B,654,1.0,1.0,1
B,655,1.0,1.0,1
B,656,1.0,1.0,1
B,657,1.0,1.0,1
B,658,1.0,1.0,1
B,659,1.0,1.0,1
B,660,1.0,1.0,1
B,661,1.0,1.0,1
B,662,1.0,1.0,1
B,663,1.0,1.0,1
B,664,1.0,1.0,1
B,665,1.0,1.0,1
B,666,1.0,1.0,1
B,667,1.0,1.0,1
B,668,1.0,1.0,1
B,669,1.0,1.0,1
B,670,1.0,1.0,1
B,671,1.0,1.0,1
B,672,1.0,1.0,1
B,673,1.0,1.0,1
B,674,1.0,1.0,1
B,675,1.0,1.0,1
B,676,1.0,1.0,1
B,677,1.0,1.0,1
B,678,1.0,1.0,1
B,679,1.0,1.0,1
B,680,1.0,1.0,1
B,681,1.0,1.0,1
B,682,1.0,1.0,1
B,683,1.0,1.0,1
B,684,1.0,1.0,1
B,685,1.0,1.0,1
B,686,1.0,1.0,1
B,687,1.0,1.0,1
B,688,1.0,1.0,1
B,689,1.0,1.0,1
B,690,1.0,1.0,1
B,691,1.0,1.0,1
B,692,1.0,1.0,1
B,693,1.0,1.0,1
B,694,1.0,1.0,1
B,695,1.0,1.0,1
B,696,1.0,1.0,1
B,697,1.0,1.0,1
B,698,1.0,1.0,1
B,699,1.0,1.0,1
H2,0,0.0,0,0.0
H2,1,0.14784999999999998,0.1404541674858646,0.15524583251413537
H2,2,0.14800000000000002,0.1406278311816253,0.15537216881837473
H2,3,0.4557,0.44683119536454036,0.46456880463545963
H2,4,0.45629999999999993,0.44729001470720514,0.4653099852927947
H2,5,0.45680000000000004,0.44779134462705694,0.46580865537294314
H2,6,0.45745,0.4484538776815308,0.46644612231846927
H2,7,0.45785,0.448907311206802,0.46679268879319796
H2,8,0.4581,0.4490264077854124,0.4671735922145876
H2,9,0.45825,0.4490797557996236,0.46742024420037637
H2,10,0.45864999999999995,0.449460612581313,0.4678393874186869
H2,11,0.45875000000000005,0.44959108650844,0.4679089134915601
H2,12,0.45895,0.44985848869443434,0.4680415113055657
H2,13,0.45930000000000004,0.45024226764021136,0.4683577323597887
H2,14,0.45955,0.450604631950119,0.468495368049881
H2,15,0.4596,0.45061087272354705,0.46858912727645297
H2,16,0.46004999999999996,0.4511691571994778,0.4689308428005221
H2,17,0.4604,0.45164130920283824,0.4691586907971617
H2,18,0.46054999999999996,0.45180602730504454,0.4692939726949554
H2,19,0.46090000000000003,0.45214176520652455,0.4696582347934755
H2,20,0.4611,0.45228721323221105,0.46991278676778897
H2,21,0.46125,0.45247593297584265,0.47002406702415733
H2,22,0.46155000000000007,0.45269618150800744,0.4704038184919927
H2,23,0.46185000000000004,0.45288768192440293,0.47081231807559715
H2,24,0.4622,0.4530558155813785,0.4713441844186215
H2,25,0.46245,0.45337871895387644,0.4715212810461236
H2,26,0.46275,0.4536330449593966,0.4718669550406034
H2,27,0.46309999999999996,0.4539039870152336,0.4722960129847663
H2,28,0.4634499999999999,0.4541930601588507,0.47270693984114914
H2,29,0.46385,0.4545208584153591,0.47317914158464086
H2,30,0.46449999999999997,0.45489776197855925,0.4741022380214407
H2,31,0.4648,0.45506516290593246,0.4745348370940675
H2,32,0.46554999999999996,0.45549637356032935,0.4756036264396706
H2,33,0.4664500000000001,0.45573038041150926,0.4771696195884909
H2,34,0.46710000000000007,0.45591605220107434,0.4782839477989258
H2,35,0.46785000000000004,0.45577428209417503,0.47992571790582506
H2,36,0.4685,0.45586086771058704,0.481139132289413
H2,37,0.46915000000000007,0.4558461926199803,0.48245380738001986
H2,38,0.4696,0.4560103887233452,0.48318961127665483
H2,39,0.4701,0.4566251980644096,0.48357480193559044
H2,40,0.47095,0.45766121142945526,0.4842387885705447
H2,41,0.47180000000000005,0.4588286988493245,0.4847713011506756
H2,42,0.4728,0.45957017410467005,0.48602982589532995
H2,43,0.4734500000000001,0.46007493427780155,0.48682506572219864
H2,44,0.47415,0.4607236720698728,0.48757632793012723
H2,45,0.47485000000000005,0.4612598744203667,0.4884401255796334
H2,46,0.47625,0.46212891615724266,0.49037108384275735
H2,47,0.47765,0.46255081806248316,0.4927491819375169
H2,48,0.47855000000000003,0.4632151271934362,0.49388487280656385
H2,49,0.4795,0.46343173630126794,0.495568263698732
H2,50,0.4811,0.4638929334534042,0.49830706654659584
H2,51,0.4824,0.4645824122489083,0.5002175877510917
H2,52,0.4835499999999999,0.4656479381589622,0.5014520618410376
H2,53,0.48519999999999996,0.466511559503869,0.5038884404961309
H2,54,0.4869,0.4676782704721772,0.5061217295278229
H2,55,0.4888,0.46932786435996765,0.5082721356400324
H2,56,0.49080000000000007,0.4700435782345995,0.5115564217654006
H2,57,0.49305000000000004,0.47120170730568717,0.514898292694313
H2,58,0.4945,0.4722246084242904,0.5167753915757095
H2,59,0.4961,0.473828911946925,0.518371088053075
H2,60,0.49755000000000005,0.47507420517955107,0.5200257948204491
H2,61,0.49995,0.4775603759296215,0.5223396240703785
H2,62,0.50265,0.4798674602153255,0.5254325397846745
H2,63,0.50505,0.4814775560311458,0.5286224439688542
H2,64,0.5075000000000001,0.4837339717601112,0.5312660282398889
H2,65,0.50995,0.48608222495882,0.5338177750411801
H2,66,0.51235,0.48813601180227884,0.5365639881977211
H2,67,0.51485,0.4893970021038281,0.540302997896172
H2,68,0.5166,0.49090054825769514,0.5422994517423048
H2,69,0.5186499999999999,0.4927925569477026,0.5445074430522973
H2,70,0.5207,0.4942362730702143,0.5471637269297858
H2,71,0.52275,0.49571431910669295,0.5497856808933071
H2,72,0.52485,0.49690827754215056,0.5527917224578495
H2,73,0.52745,0.49926604960326204,0.5556339503967379
H2,74,0.53015,0.5013825837838942,0.5589174162161058
H2,75,0.5334,0.5043556589142036,0.5624443410857963
H2,76,0.53685,0.507281557968027,0.5664184420319731
H2,77,0.5404,0.5100695375710792,0.5707304624289208
H2,78,0.5432,0.512391879569078,0.5740081204309221
H2,79,0.5456999999999999,0.5146245598207382,0.5767754401792615
H2,80,0.5478000000000001,0.5164098595827706,0.5791901404172295
H2,81,0.5498000000000001,0.5185240689640196,0.5810759310359805
H2,82,0.55155,0.5194644985181834,0.5836355014818165
H2,83,0.55305,0.5208305922613992,0.5852694077386009
H2,84,0.5547500000000001,0.5229586153090343,0.5865413846909658
H2,85,0.5562499999999999,0.5242849689925249,0.588215031007475
H2,86,0.5578,0.525891463109366,0.589708536890634
H2,87,0.5600499999999999,0.5282189415839906,0.5918810584160092
H2,88,0.5619,0.5299310646796557,0.5938689353203442
H2,89,0.5642,0.5314489480457526,0.5969510519542475
H2,90,0.5665,0.5336448488320701,0.5993551511679299
H2,91,0.56905,0.535965565081741,0.6021344349182589
H2,92,0.5704500000000001,0.5375085629521218,0.6033914370478785
H2,93,0.5720000000000001,0.5388123611453524,0.6051876388546478
H2,94,0.5741,0.5404094089478075,0.6077905910521926
H2,95,0.5760000000000001,0.5422671145045557,0.6097328854954445
H2,96,0.57785,0.5440797511673732,0.6116202488326268
H2,97,0.58055,0.5469409785648804,0.6141590214351196
H2,98,0.58365,0.5498932362481753,0.6174067637518247
H2,99,0.5857500000000001,0.5517214983320494,0.6197785016679508
H2,100,0.588,0.5533393233022541,0.6226606766977458
H2,101,0.59045,0.5559693453245743,0.6249306546754257
H2,102,0.5927,0.5576899831069513,0.6277100168930487
H2,103,0.5947,0.5598266879288272,0.6295733120711728
H2,104,0.5962999999999999,0.5612566880078007,0.6313433119921992
H2,105,0.59765,0.5625794881918149,0.6327205118081851
H2,106,0.5991500000000001,0.5641862439955824,0.6341137560044178
H2,107,0.60205,0.5669517120438565,0.6371482879561434
H2,108,0.60405,0.5690570134699473,0.6390429865300526
H2,109,0.60635,0.5717080241410478,0.6409919758589521
H2,110,0.60855,0.5737559438975118,0.6433440561024882
H2,111,0.6107499999999999,0.5760444421247858,0.645455557875214
H2,112,0.61255,0.5778847432793925,0.6472152567206075
H2,113,0.6143000000000001,0.5793507255799673,0.6492492744200329
H2,114,0.61615,0.5812335670217696,0.6510664329782303
H2,115,0.6187,0.5833119147931112,0.6540880852068889
H2,116,0.6204,0.5851022049374158,0.6556977950625841
H2,117,0.62215,0.5871325973010914,0.6571674026989086
H2,118,0.6244500000000001,0.5894643188117846,0.6594356811882155
H2,119,0.6266499999999999,0.591571061954451,0.6617289380455489
H2,120,0.6286,0.5936871989117973,0.6635128010882028
H2,121,0.6308499999999999,0.5956880464744762,0.6660119535255237
H2,122,0.63405,0.5990063745913059,0.6690936254086941
H2,123,0.637,0.6017937476020724,0.6722062523979276
H2,124,0.63935,0.6045284060115446,0.6741715939884554
H2,125,0.6414,0.6063101051799437,0.6764898948200563
H2,126,0.6441,0.6087281703341518,0.6794718296658482
H2,127,0.64625,0.6105369319038029,0.6819630680961971
H2,128,0.6501000000000001,0.6135535210571974,0.6866464789428028
H2,129,0.65455,0.6183230667747835,0.6907769332252164
H2,130,0.65705,0.6205270516948134,0.6935729483051867
H2,131,0.65935,0.6223658695866724,0.6963341304133276
H2,132,0.6614999999999999,0.6246514015500314,0.6983485984499683
H2,133,0.664,0.6276286835724302,0.7003713164275699
H2,134,0.6676,0.631403921362797,0.703796078637203
H2,135,0.67025,0.6339666644915841,0.7065333355084159
H2,136,0.6730499999999999,0.6368914841888231,0.7092085158111767
H2,137,0.6759000000000001,0.639876131091467,0.7119238689085331
H2,138,0.6783999999999999,0.6421686296263089,0.7146313703736908
H2,139,0.6808,0.6436438914783843,0.7179561085216156
H2,140,0.68385,0.6462243611879814,0.7214756388120185
H2,141,0.687,0.6509777941486149,0.7230222058513852
H2,142,0.68955,0.6539675678419157,0.7251324321580843
H2,143,0.6927,0.6571035121386897,0.7282964878613103
H2,144,0.6958,0.6605769620881816,0.7310230379118183
H2,145,0.6990500000000001,0.6639628653955103,0.7341371346044898
H2,146,0.7018,0.6673232548058574,0.7362767451941425
H2,147,0.7041,0.6690475715820735,0.7391524284179264
H2,148,0.70605,0.6705736837950732,0.7415263162049267
H2,149,0.7078,0.6728643271661682,0.7427356728338318
H2,150,0.7102,0.6755679117139785,0.7448320882860217
H2,151,0.7125,0.6772929535123284,0.7477070464876716
H2,152,0.7142999999999999,0.6783782743856892,0.7502217256143107
H2,153,0.71615,0.6799724909055183,0.7523275090944817
H2,154,0.7186999999999999,0.682748934011257,0.7546510659887428
H2,155,0.7209999999999999,0.6854231523867232,0.7565768476132765
H2,156,0.72355,0.6875307046833888,0.7595692953166112
H2,157,0.7270000000000001,0.6908211385665795,0.7631788614334207
H2,158,0.7302500000000001,0.6933588573047796,0.7671411426952205
H2,159,0.73315,0.6952883907988446,0.7710116092011553
H2,160,0.7371,0.6995654137729593,0.7746345862270406
H2,161,0.74025,0.7034420960622432,0.7770579039377568
H2,162,0.7429,0.7059712826261044,0.7798287173738956
H2,163,0.7456500000000001,0.7090770023466394,0.7822229976533609
H2,164,0.74875,0.7125722701120347,0.7849277298879653
H2,165,0.7516999999999999,0.7153072771520276,0.7880927228479723
H2,166,0.7541500000000001,0.7173347183698034,0.7909652816301967
H2,167,0.7559499999999999,0.7189712694471808,0.792928730552819
H2,168,0.75825,0.7213670860983242,0.7951329139016757
H2,169,0.7602500000000001,0.7233982855693534,0.7971017144306468
H2,170,0.76185,0.7250994320716414,0.7986005679283587
H2,171,0.7644000000000001,0.7277168456268359,0.8010831543731642
H2,172,0.7666499999999999,0.729992140648326,0.8033078593516739
H2,173,0.76925,0.7328087202879283,0.8056912797120717
H2,174,0.7714,0.7349874188645288,0.8078125811354712
H2,175,0.77435,0.7384097393739952,0.8102902606260047
H2,176,0.7768000000000002,0.7407498649707802,0.8128501350292201
H2,177,0.77875,0.7424263993516236,0.8150736006483765
H2,178,0.78085,0.7443916270090754,0.8173083729909247
H2,179,0.78245,0.7459749797243819,0.8189250202756181
H2,180,0.78425,0.74753465986156,0.82096534013844
H2,181,0.7863000000000001,0.7489039969274474,0.8236960030725529
H2,182,0.789,0.751193045919582,0.826806954080418
H2,183,0.7914500000000001,0.7530660380426015,0.8298339619573987
H2,184,0.79325,0.7547639955555259,0.8317360044444742
H2,185,0.7951,0.756726938937382,0.8334730610626181
H2,186,0.7973,0.7594053615373735,0.8351946384626265
H2,187,0.80055,0.7627574419831885,0.8383425580168115
H2,188,0.8041999999999999,0.7662959825761412,0.8421040174238587
H2,189,0.80655,0.7688734445353618,0.8442265554646382
H2,190,0.8088000000000002,0.77198035212333,0.8456196478766703
H2,191,0.8114,0.7758204582255241,0.8469795417744759
H2,192,0.8142,0.7794688751676295,0.8489311248323705
H2,193,0.8164,0.7816725551893433,0.8511274448106567
H2,194,0.8201,0.7863274746127364,0.8538725253872637
H2,195,0.8231999999999999,0.7890781712434211,0.8573218287565788
H2,196,0.8263499999999999,0.7912594507276844,0.8614405492723154
H2,197,0.8290000000000001,0.7936041283252945,0.8643958716747057
H2,198,0.83165,0.7967058969878711,0.8665941030121289
H2,199,0.8338000000000001,0.7990716351473565,0.8685283648526437
H2,200,0.8368000000000001,0.8027475341514002,0.8708524658486
H2,201,0.84095,0.8068183698823299,0.87508163011767
H2,202,0.8447500000000001,0.8107353506939419,0.8787646493060584
H2,203,0.8472999999999999,0.8134967413624082,0.8811032586375916
H2,204,0.8499500000000001,0.8167039560524235,0.8831960439475767
H2,205,0.85175,0.8186621851465763,0.8848378148534237
H2,206,0.8534,0.8207314882027851,0.886068511797215
H2,207,0.8548999999999999,0.8223707892167298,0.88742921078327
H2,208,0.8567000000000001,0.8244945716915071,0.8889054283084932
H2,209,0.8586,0.8255962730589066,0.8916037269410935
H2,210,0.86005,0.8267031984205038,0.8933968015794962
H2,211,0.86195,0.8285275905385152,0.8953724094614848
H2,212,0.8641,0.8307722170691164,0.8974277829308835
H2,213,0.86565,0.832458299826453,0.898841700173547
H2,214,0.8674999999999999,0.8344127585041166,0.9005872414958833
H2,215,0.8695,0.8364630111507054,0.9025369888492947
H2,216,0.8710500000000001,0.8379337108286931,0.9041662891713071
H2,217,0.8727,0.8394528448562345,0.9059471551437656
H2,218,0.8745999999999999,0.8414885051059655,0.9077114948940344
H2,219,0.8764500000000001,0.8431746569194472,0.909725343080553
H2,220,0.8781999999999999,0.8451266428253308,0.911273357174669
H2,221,0.8803500000000001,0.84767638445213,0.9130236155478701
H2,222,0.88235,0.8505802306908786,0.9141197693091213
H2,223,0.88385,0.8525598019041507,0.9151401980958493
H2,224,0.8858999999999999,0.8546313486290679,0.917168651370932
H2,225,0.8886999999999999,0.8584588157919618,0.918941184208038
H2,226,0.8911,0.8619893172851703,0.9202106827148298
H2,227,0.89495,0.8679146145616629,0.9219853854383372
H2,228,0.8986999999999999,0.8733846333418283,0.9240153666581716
H2,229,0.9012499999999999,0.8769195134748825,0.9255804865251173
H2,230,0.9036499999999998,0.880945780833013,0.9263542191669867
H2,231,0.9058000000000002,0.8842668904539702,0.9273331095460301
H2,232,0.9081500000000001,0.8869594551278621,0.9293405448721381
H2,233,0.9100000000000001,0.8890048149034439,0.9309951850965564
H2,234,0.91225,0.8917741425504583,0.9327258574495417
H2,235,0.9152500000000001,0.8949429748693278,0.9355570251306724
H2,236,0.91705,0.8970134344616972,0.9370865655383028
H2,237,0.9192000000000001,0.9008157932156728,0.9375842067843274
H2,238,0.9212,0.9046254465949944,0.9377745534050056
H2,239,0.9233499999999999,0.9093962122453609,0.9373037877546389
H2,240,0.9251999999999999,0.9129991673525881,0.9374008326474117
H2,241,0.9263999999999999,0.915672093760397,0.9371279062396027
H2,242,0.92745,0.9176890433669967,0.9372109566330032
H2,243,0.92875,0.9196857661495572,0.9378142338504427
H2,244,0.9295,0.9209317031885141,0.9380682968114858
H2,245,0.93055,0.9224254053149572,0.9386745946850428
H2,246,0.93145,0.9238056150768724,0.9390943849231276
H2,247,0.93195,0.9244950020343659,0.939404997965634
H2,248,0.93245,0.9249950020343659,0.9399049979656341
H2,249,0.9328000000000001,0.925168033607567,0.9404319663924331
H2,250,0.9332,0.9256142247500434,0.9407857752499567
H2,251,0.9336,0.9261395127880497,0.9410604872119502
H2,252,0.9337,0.9262186636913813,0.9411813363086187
H2,253,0.9339,0.926465790688292,0.9413342093117079
H2,254,0.93415,0.9266639939847231,0.941636006015277
H2,255,0.9345499999999999,0.926998127973264,0.9421018720267358
H2,256,0.9348,0.9273781572982478,0.9422218427017521
H2,257,0.9350999999999999,0.9275930827545918,0.942606917245408
H2,258,0.9352999999999999,0.9277042278856572,0.9428957721143426
H2,259,0.9356500000000001,0.9281267406767012,0.943173259323299
H2,260,0.9361,0.9286571999481019,0.9435428000518982
H2,261,0.93645,0.9288675160731228,0.9440324839268772
H2,262,0.9367000000000001,0.929110540162743,0.9442894598372572
H2,263,0.9372,0.9295096461283648,0.9448903538716352
H2,264,0.9374,0.9298226533918129,0.9449773466081871
H2,265,0.93775,0.9304257968850813,0.9450742031149186
H2,266,0.9380000000000001,0.9305997136687878,0.9454002863312123
H2,267,0.9387000000000001,0.9311337302331234,0.9462662697668768
H2,268,0.9392,0.9318560563462602,0.9465439436537398
H2,269,0.9398,0.9320806179976084,0.9475193820023915
H2,270,0.94035,0.9326691298905799,0.9480308701094201
H2,271,0.9408500000000001,0.9329375892806724,0.9487624107193278
H2,272,0.94155,0.9336436487556113,0.9494563512443887
H2,273,0.9421499999999999,0.933842627065727,0.9504573729342729
H2,274,0.9424499999999999,0.934236424941792,0.9506635750582078
H2,275,0.94285,0.9346715102319136,0.9510284897680863
H2,276,0.9433499999999999,0.935086975791748,0.9516130242082518
H2,277,0.9440999999999998,0.9355074989120145,0.9526925010879852
H2,278,0.9447,0.9359984948629441,0.9534015051370559
H2,279,0.9452499999999999,0.936474112393896,0.9540258876061039
H2,280,0.9462,0.9372179843759866,0.9551820156240135
H2,281,0.94655,0.9375485517742672,0.9555514482257328
H2,282,0.9470000000000001,0.9380108727235471,0.955989127276453
H2,283,0.9475000000000001,0.9388500543357509,0.9561499456642494
H2,284,0.9479500000000002,0.9391941596155036,0.9567058403844968
H2,285,0.9486,0.9398376620276657,0.9573623379723343
H2,286,0.9490500000000001,0.9402006935829555,0.9578993064170446
H2,287,0.9495,0.9407399413342029,0.9582600586657971
H2,288,0.9500500000000001,0.9410423421958029,0.9590576578041973
H2,289,0.95045,0.9416124357589838,0.9592875642410162
H2,290,0.95075,0.9420417274133064,0.9594582725866936
H2,291,0.9511999999999999,0.9425810453906784,0.9598189546093214
H2,292,0.9519999999999998,0.9432540862932252,0.9607459137067745
H2,293,0.9522499999999999,0.9437131075989479,0.960786892401052
H2,294,0.9531,0.9445803180308712,0.9616196819691287
H2,295,0.9533499999999999,0.9451024573343536,0.9615975426656462
H2,296,0.9538,0.945475217589041,0.962124782410959
H2,297,0.95455,0.9457750226376539,0.9633249773623461
H2,298,0.9551,0.9465915762874829,0.963608423712517
H2,299,0.9556,0.9471608608244942,0.9640391391755058
H2,300,0.95605,0.9476062478183984,0.9644937521816015
H2,301,0.9563,0.9479202269008355,0.9646797730991645
H2,302,0.95655,0.947972036562242,0.965127963437758
H2,303,0.95695,0.9483144952789692,0.9655855047210308
H2,304,0.95705,0.9484590096814483,0.9656409903185517
H2,305,0.9574499999999999,0.9487573348831109,0.966142665116889
H2,306,0.9576499999999999,0.9488941596155033,0.9664058403844965
H2,307,0.95795,0.9492472327359355,0.9666527672640645
H2,308,0.9582999999999999,0.9497728207842601,0.9668271792157398
H2,309,0.9588999999999999,0.9504518737051504,0.9673481262948493
H2,310,0.95915,0.9507803610106308,0.9675196389893691
H2,311,0.95975,0.9515783498649463,0.9679216501350537
H2,312,0.96025,0.9519310967157645,0.9685689032842356
H2,313,0.9607500000000001,0.9523327774725611,0.9691672225274391
H2,314,0.9611000000000001,0.9524500543357508,0.9697499456642493
H2,315,0.96135,0.9526831025732097,0.9700168974267904
H2,316,0.96165,0.9530897476089096,0.9702102523910904
H2,317,0.96195,0.9534121719721922,0.9704878280278078
H2,318,0.9622999999999999,0.9539374024957301,0.9706625975042698
H2,319,0.9628499999999999,0.9543873489845127,0.971312651015487
H2,320,0.9635999999999999,0.9552617951510082,0.9719382048489916
H2,321,0.96395,0.955523293007987,0.972376706992013
H2,322,0.9644499999999999,0.9558860159236314,0.9730139840763684
H2,323,0.96485,0.9563459193864182,0.9733540806135818
H2,324,0.9652499999999998,0.9565087682907792,0.9739912317092204
H2,325,0.9657500000000001,0.9570481506283326,0.9744518493716676
H2,326,0.9659500000000001,0.9573990839469473,0.9745009160530529
H2,327,0.9665000000000001,0.9578796553488005,0.9751203446511998
H2,328,0.9668000000000001,0.958212613358071,0.9753873866419293
H2,329,0.9670500000000001,0.9585355934851342,0.975564406514866
H2,330,0.9673,0.9588518737051506,0.9757481262948495
H2,331,0.9678,0.9593438406945815,0.9762561593054185
H2,332,0.9682499999999999,0.9596441459634765,0.9768558540365234
H2,333,0.9686,0.9600107532071464,0.9771892467928537
H2,334,0.9687,0.960094494038061,0.977305505961939
H2,335,0.9691500000000001,0.9605860159236316,0.9777139840763686
H2,336,0.96945,0.9608034024859301,0.97809659751407
H2,337,0.9698,0.960995828105702,0.9786041718942979
H2,338,0.9701,0.9612636786323817,0.9789363213676182
H2,339,0.9705499999999999,0.961918196044521,0.9791818039554788
H2,340,0.9709999999999999,0.9623090580113846,0.9796909419886152
H2,341,0.9714999999999999,0.9627764912324821,0.9802235087675177
H2,342,0.9718499999999999,0.9632293078733521,0.9804706921266476
H2,343,0.9722999999999998,0.9635344719942324,0.9810655280057673
H2,344,0.9724999999999999,0.9636672952584894,0.9813327047415105
H2,345,0.9729000000000001,0.9638953355651257,0.9819046644348745
H2,346,0.9732500000000002,0.9642140098934034,0.9822859901065969
H2,347,0.9738,0.9649037676287641,0.9826962323712359
H2,348,0.9740500000000001,0.9651332521927088,0.9829667478072913
H2,349,0.9744,0.9655813236940659,0.9832186763059342
H2,350,0.9750500000000001,0.9662568356653984,0.9838431643346017
H2,351,0.9755,0.9665487180991872,0.9844512819008129
H2,352,0.9758,0.9667506493254272,0.9848493506745728
H2,353,0.9764499999999999,0.9675404216184723,0.9853595783815275
H2,354,0.97715,0.9681405688166189,0.986159431183381
H2,355,0.9774999999999999,0.9687035433020189,0.9862964566979809
H2,356,0.9776999999999999,0.9690629922959089,0.9863370077040909
H2,357,0.9783000000000002,0.9694636786323819,0.9871363213676184
H2,358,0.9786000000000001,0.9698962002226952,0.9873037997773051
H2,359,0.9788000000000001,0.9701311443037315,0.9874688556962687
H2,360,0.9791000000000001,0.9705205234988904,0.9876794765011098
H2,361,0.9793499999999999,0.9708524969476128,0.9878475030523871
H2,362,0.9796,0.9712273791167956,0.9879726208832045
H2,363,0.9798500000000001,0.9715657359106351,0.9881342640893651
H2,364,0.9800500000000001,0.9717860091583161,0.988313990841684
H2,365,0.9806999999999999,0.9725954619716097,0.9888045380283901
H2,366,0.98125,0.973142136274798,0.989357863725202
H2,367,0.98175,0.9740162738950022,0.9894837261049978
H2,368,0.9821500000000001,0.9743832930043601,0.98991670699564
H2,369,0.98255,0.9749496284886112,0.9901503715113888
H2,370,0.9828,0.9751910941273373,0.9904089058726627
H2,371,0.98295,0.9753896709310741,0.9905103290689259
H2,372,0.9833999999999999,0.975986772324601,0.9908132276753989
H2,373,0.98385,0.9765127213456243,0.9911872786543757
H2,374,0.9842,0.9769524032504173,0.9914475967495826
H2,375,0.9844499999999999,0.9774048538423248,0.9914951461576751
H2,376,0.9846999999999999,0.9775774718287376,0.9918225281712623
H2,377,0.98505,0.978157298483134,0.9919427015168659
H2,378,0.98525,0.9783168564860196,0.9921831435139803
H2,379,0.9855499999999999,0.9786747035902887,0.9924252964097111
H2,380,0.98575,0.9790883092682494,0.9924116907317506
H2,381,0.9859999999999999,0.9792879888190674,0.9927120111809323
H2,382,0.9863,0.9796219920273745,0.9929780079726254
H2,383,0.9865999999999999,0.9799381593871398,0.99326184061286
H2,384,0.9868499999999999,0.9802910213937998,0.9934089786062
H2,385,0.9870499999999999,0.9807052046870726,0.9933947953129272
H2,386,0.9872,0.9810571761221587,0.9933428238778412
H2,387,0.98735,0.981267450185524,0.9934325498144759
H2,388,0.9874999999999998,0.9814284584423432,0.9935715415576565
H2,389,0.9876499999999999,0.981677442731355,0.9936225572686448
H2,390,0.9878499999999999,0.9818734318356529,0.9938265681643469
H2,391,0.9883,0.9824454654061319,0.994154534593868
H2,392,0.9884499999999998,0.98269263072117,0.9942073692788297
H2,393,0.9888000000000001,0.9830744554881649,0.9945255445118354
H2,394,0.98925,0.9836558838553177,0.9948441161446823
H2,395,0.9895,0.9839049914952258,0.9950950085047743
H2,396,0.9901,0.9850197907807093,0.9951802092192906
H2,397,0.9905999999999999,0.9855759186765852,0.9956240813234146
H2,398,0.9908,0.9858560527025236,0.9957439472974764
H2,399,0.9909500000000001,0.9859708353742069,0.9959291646257933
H2,400,0.9912,0.986217427527173,0.9961825724728269
H2,401,0.9915,0.9864671818279089,0.9965328181720912
H2,402,0.99185,0.9868548187196498,0.9968451812803503
H2,403,0.9922499999999999,0.987283685889062,0.9972163141109377
H2,404,0.9924499999999998,0.9874500237281155,0.9974499762718841
H2,405,0.9928499999999998,0.9877613465066725,0.9979386534933271
H2,406,0.9928499999999998,0.9877613465066725,0.9979386534933271
H2,407,0.9930499999999998,0.9879066995848972,0.9981933004151023
H2,408,0.9933499999999998,0.9883997959440352,0.9983002040559645
H2,409,0.9937499999999999,0.98880625466528,0.9986937453347198
H2,410,0.9940499999999999,0.989278922178371,0.9988210778216288
H2,411,0.9942000000000001,0.9893837233480322,0.999016276651968
H2,412,0.9943500000000001,0.9896192738386914,0.9990807261613087
H2,413,0.9944500000000001,0.989818241454158,0.9990817585458421
H2,414,0.99465,0.9900824961618432,0.9992175038381569
H2,415,0.99475,0.99013898271055,0.99936101728945
H2,416,0.9950000000000001,0.9904148234592277,0.9995851765407725
H2,417,0.9950500000000002,0.9904337886595772,0.9996662113404232
H2,418,0.9950500000000002,0.9904337886595772,0.9996662113404232
H2,419,0.9951000000000001,0.9904602721829394,0.9997397278170608
H2,420,0.9951000000000001,0.9904602721829394,0.9997397278170608
H2,421,0.9951500000000002,0.9904941601035994,0.999805839896401
H2,422,0.9953000000000001,0.9908572743833417,0.9997427256166584
H2,423,0.9953000000000001,0.9908572743833417,0.9997427256166584
H2,424,0.9954000000000001,0.9911889576750972,0.9996110423249029
H2,425,0.9956500000000001,0.9918732046851274,0.9994267953148729
H2,426,0.9959499999999999,0.9924727157188111,0.9994272842811887
H2,427,0.9959499999999999,0.9924727157188111,0.9994272842811887
H2,428,0.9961,0.9928344694420055,0.9993655305579945
H2,429,0.9961500000000001,0.9929980474846152,0.999301952515385
H2,430,0.9962,0.9931612705397602,0.9992387294602397
H2,431,0.9963,0.9933533544953068,0.9992466455046931
H2,432,0.9964,0.9936773795177305,0.9991226204822694
H2,433,0.99655,0.9940543090107138,0.9990456909892863
H2,434,0.99655,0.9940543090107138,0.9990456909892863
H2,435,0.99675,0.9946929322194308,0.9988070677805693
H2,436,0.9967999999999999,0.9948500808896459,0.9987499191103539
H2,437,0.99685,0.9950058746085925,0.9986941253914076
H2,438,0.99685,0.9950058746085925,0.9986941253914076
H2,439,0.9968999999999999,0.9951600662021829,0.9986399337978169
H2,440,0.99695,0.9951630707594932,0.9987369292405068
H2,441,0.9969999999999999,0.9953136872709807,0.9986863127290191
H2,442,0.9970999999999999,0.995503722247743,0.9986962777522568
H2,443,0.9970999999999999,0.995503722247743,0.9986962777522568
H2,444,0.9970999999999999,0.995503722247743,0.9986962777522568
H2,445,0.9971999999999999,0.9957925306060634,0.9986074693939363
H2,446,0.99725,0.9959311597253686,0.9985688402746313
H2,447,0.99725,0.9959311597253686,0.9985688402746313
H2,448,0.99725,0.9959311597253686,0.9985688402746313
H2,449,0.9972999999999999,0.9960648212743274,0.9985351787256723
H2,450,0.9974000000000001,0.9961360551720431,0.9986639448279571
H2,451,0.9974000000000001,0.9961360551720431,0.9986639448279571
H2,452,0.99745,0.9961617989894492,0.9987382010105507
H2,453,0.99745,0.9961617989894492,0.9987382010105507
H2,454,0.99745,0.9961617989894492,0.9987382010105507
H2,455,0.9975,0.996290965582281,0.9987090344177191
H2,456,0.9975,0.996290965582281,0.9987090344177191
H2,457,0.9975,0.996290965582281,0.9987090344177191
H2,458,0.9975999999999999,0.9964554492789492,0.9987445507210506
H2,459,0.9975999999999999,0.9964554492789492,0.9987445507210506
H2,460,0.9975999999999999,0.9964554492789492,0.9987445507210506
H2,461,0.9977500000000001,0.9966346089715833,0.998865391028417
H2,462,0.9977500000000001,0.9966346089715833,0.998865391028417
H2,463,0.9978000000000001,0.9966554492789494,0.9989445507210508
H2,464,0.9978000000000001,0.9966554492789494,0.9989445507210508
H2,465,0.9978500000000001,0.9967346089715833,0.998965391028417
H2,466,0.9979000000000001,0.9968163930379665,0.9989836069620337
H2,467,0.9980500000000001,0.9969417935296203,0.9991582064703799
H2,468,0.9980500000000001,0.9969417935296203,0.9991582064703799
H2,469,0.9981500000000001,0.9971557726106299,0.9991442273893703
H2,470,0.9981500000000001,0.9971557726106299,0.9991442273893703
H2,471,0.9982500000000001,0.9973573739201663,0.9991426260798338
H2,472,0.9982500000000001,0.9973573739201663,0.9991426260798338
H2,473,0.9982500000000001,0.9973573739201663,0.9991426260798338
H2,474,0.9983000000000001,0.9973929489474229,0.9992070510525772
H2,475,0.9983000000000001,0.9973929489474229,0.9992070510525772
H2,476,0.9983000000000001,0.9973929489474229,0.9992070510525772
H2,477,0.9983500000000001,0.9974663678632383,0.9992336321367619
H2,478,0.9983500000000001,0.9974663678632383,0.9992336321367619
H2,479,0.9984000000000001,0.9975243133360059,0.9992756866639942
H2,480,0.9984000000000001,0.9975243133360059,0.9992756866639942
H2,481,0.9985,0.9977056229934049,0.9992943770065952
H2,482,0.99855,0.9978364026742357,0.9992635973257644
H2,483,0.9986,0.9978416331032258,0.9993583668967743
H2,484,0.9987,0.9979684390408723,0.9994315609591278
H2,485,0.9987,0.9979684390408723,0.9994315609591278
H2,486,0.9987500000000001,0.9980947570550308,0.9994052429449695
H2,487,0.9987500000000001,0.9980947570550308,0.9994052429449695
H2,488,0.9988000000000001,0.9981807960216952,0.9994192039783051
H2,489,0.9988000000000001,0.9981807960216952,0.9994192039783051
H2,490,0.9988500000000001,0.9981947570550308,0.9995052429449695
H2,491,0.9989000000000001,0.99823718174042,0.9995628182595803
H2,492,0.9989000000000001,0.99823718174042,0.9995628182595803
H2,493,0.9989000000000001,0.99823718174042,0.9995628182595803
H2,494,0.9989000000000001,0.99823718174042,0.9995628182595803
H2,495,0.9989000000000001,0.99823718174042,0.9995628182595803
H2,496,0.9989000000000001,0.99823718174042,0.9995628182595803
H2,497,0.9989000000000001,0.99823718174042,0.9995628182595803
H2,498,0.9989000000000001,0.99823718174042,0.9995628182595803
H2,499,0.9989500000000001,0.9983324106371638,0.9995675893628364
H2,500,0.9989500000000001,0.9983324106371638,0.9995675893628364
H2,501,0.9990000000000001,0.9984071573259404,0.9995928426740598
H2,502,0.9990000000000001,0.9984071573259404,0.9995928426740598
H2,503,0.9990000000000001,0.9984071573259404,0.9995928426740598
H2,504,0.9990500000000001,0.9984865158742577,0.9996134841257425
H2,505,0.9990500000000001,0.9984865158742577,0.9996134841257425
H2,506,0.9990500000000001,0.9984865158742577,0.9996134841257425
H2,507,0.9990500000000001,0.9984865158742577,0.9996134841257425
H2,508,0.9990500000000001,0.9984865158742577,0.9996134841257425
H2,509,0.9990500000000001,0.9984865158742577,0.9996134841257425
H2,510,0.9990500000000001,0.9984865158742577,0.9996134841257425
H2,511,0.9990500000000001,0.9984865158742577,0.9996134841257425
H2,512,0.9990500000000001,0.9984865158742577,0.9996134841257425
H2,513,0.9991000000000001,0.9985418570765627,0.9996581429234375
H2,514,0.9991000000000001,0.9985418570765627,0.9996581429234375
H2,515,0.9991000000000001,0.9985418570765627,0.9996581429234375
H2,516,0.9992000000000001,0.9986347466889759,0.9997652533110243
H2,517,0.9992500000000001,0.9986454827911406,0.9998545172088595
H2,518,0.9992500000000001,0.9986454827911406,0.9998545172088595
H2,519,0.9992500000000001,0.9986454827911406,0.9998545172088595
H2,520,0.9992500000000001,0.9986454827911406,0.9998545172088595
H2,521,0.9992500000000001,0.9986454827911406,0.9998545172088595
H2,522,0.9992500000000001,0.9986454827911406,0.9998545172088595
H2,523,0.9992500000000001,0.9986454827911406,0.9998545172088595
H2,524,0.9992500000000001,0.9986454827911406,0.9998545172088595
H2,525,0.9993000000000001,0.9986872800116628,0.9999127199883373
H2,526,0.9993500000000001,0.9987324106371639,0.9999675893628363
H2,527,0.9994000000000001,0.9988944220688173,0.9999055779311828
H2,528,0.9994000000000001,0.9988944220688173,0.9999055779311828
H2,529,0.9994000000000001,0.9988944220688173,0.9999055779311828
H2,530,0.9994500000000001,0.9989156188350987,0.9999843811649014
H2,531,0.9994500000000001,0.9989156188350987,0.9999843811649014
H2,532,0.9995,0.9989418570765627,1
H2,533,0.9995,0.9989418570765627,1
H2,534,0.9995,0.9989418570765627,1
H2,535,0.9995,0.9989418570765627,1
H2,536,0.9995,0.9989418570765627,1
H2,537,0.9995,0.9989418570765627,1
H2,538,0.9995,0.9989418570765627,1
H2,539,0.9995,0.9989418570765627,1
H2,540,0.9995,0.9989418570765627,1
H2,541,0.9995,0.9989418570765627,1
H2,542,0.9995,0.9989418570765627,1
H2,543,0.99955,0.9989725141341601,1
H2,544,0.99955,0.9989725141341601,1
H2,545,0.99955,0.9989725141341601,1
H2,546,0.9996,0.9990347466889758,1
H2,547,0.9996,0.9990347466889758,1
H2,548,0.99965,0.9990725141341601,1
H2,549,0.99965,0.9990725141341601,1
H2,550,0.99965,0.9990725141341601,1
H2,551,0.99965,0.9990725141341601,1
H2,552,0.99965,0.9990725141341601,1
H2,553,0.99965,0.9990725141341601,1
H2,554,0.99965,0.9990725141341601,1
H2,555,0.99965,0.9990725141341601,1
H2,556,0.99965,0.9990725141341601,1
H2,557,0.99965,0.9990725141341601,1
H2,558,0.99965,0.9990725141341601,1
H2,559,0.99965,0.9990725141341601,1
H2,560,0.9997,0.9991139328933086,1
H2,561,0.99975,0.9992791911552694,1
H2,562,0.99975,0.9992791911552694,1
H2,563,0.99975,0.9992791911552694,1
H2,564,0.9998,0.9994425024164424,1
H2,565,0.9998,0.9994425024164424,1
H2,566,0.9998,0.9994425024164424,1
H2,567,0.9998,0.9994425024164424,1
H2,568,0.9998,0.9994425024164424,1
H2,569,0.9998,0.9994425024164424,1
H2,570,0.9998,0.9994425024164424,1
H2,571,0.9998,0.9994425024164424,1
H2,572,0.9998,0.9994425024164424,1
H2,573,0.9998,0.9994425024164424,1
H2,574,0.9998,0.9994425024164424,1
H2,575,0.9998,0.9994425024164424,1
H2,576,0.9998,0.9994425024164424,1
H2,577,0.9998,0.9994425024164424,1
H2,578,0.9998,0.9994425024164424,1
H2,579,0.9998,0.9994425024164424,1
H2,580,0.9998,0.9994425024164424,1
H2,581,0.9998,0.9994425024164424,1
H2,582,0.99985,0.9996011922118088,1
H2,583,0.99985,0.9996011922118088,1
H2,584,0.99985,0.9996011922118088,1
H2,585,0.99985,0.9996011922118088,1
H2,586,0.9999,0.9996635375749,1
H2,587,0.9999,0.9996635375749,1
H2,588,0.9999,0.9996635375749,1
H2,589,0.9999,0.9996635375749,1
H2,590,0.9999,0.9996635375749,1
H2,591,0.9999,0.9996635375749,1
H2,592,0.9999,0.9996635375749,1
H2,593,0.9999,0.9996635375749,1
H2,594,0.9999,0.9996635375749,1
H2,595,0.9999,0.9996635375749,1
H2,596,0.9999,0.9996635375749,1
H2,597,0.9999,0.9996635375749,1
H2,598,0.9999,0.9996635375749,1
H2,599,0.9999,0.9996635375749,1
H2,600,0.9999,0.9996635375749,1
H2,601,0.9999,0.9996635375749,1
H2,602,0.9999,0.9996635375749,1
H2,603,0.9999,0.9996635375749,1
H2,604,0.9999,0.9996635375749,1
H2,605,0.9999,0.9996635375749,1
H2,606,0.9999,0.9996635375749,1
H2,607,0.9999,0.9996635375749,1
H2,608,0.9999,0.9996635375749,1
H2,609,0.9999,0.9996635375749,1
H2,610,0.9999,0.9996635375749,1
H2,611,0.9999,0.9996635375749,1
H2,612,0.9999,0.9996635375749,1
H2,613,0.9999,0.9996635375749,1
H2,614,0.9999,0.9996635375749,1
H2,615,0.9999,0.9996635375749,1
H2,616,0.9999,0.9996635375749,1
H2,617,0.9999,0.9996635375749,1
H2,618,0.9999,0.9996635375749,1
H2,619,0.9999,0.9996635375749,1
H2,620,0.9999,0.9996635375749,1
H2,621,0.9999,0.9996635375749,1
H2,622,0.9999,0.9996635375749,1
H2,623,0.9999,0.9996635375749,1
H2,624,0.9999,0.9996635375749,1
H2,625,0.9999,0.9996635375749,1
H2,626,0.9999,0.9996635375749,1
H2,627,0.9999,0.9996635375749,1
H2,628,0.9999,0.9996635375749,1
H2,629,0.9999,0.9996635375749,1
H2,630,0.9999,0.9996635375749,1
H2,631,0.9999,0.9996635375749,1
H2,632,0.9999,0.9996635375749,1
H2,633,0.9999,0.9996635375749,1
H2,634,0.9999,0.9996635375749,1
H2,635,0.9999,0.9996635375749,1
H2,636,0.9999,0.9996635375749,1
H2,637,0.9999,0.9996635375749,1
H2,638,0.9999,0.9996635375749,1
H2,639,0.9999,0.9996635375749,1
H2,640,0.9999,0.9996635375749,1
H2,641,0.9999,0.9996635375749,1
H2,642,0.9999,0.9996635375749,1
H2,643,0.9999,0.9996635375749,1
H2,644,0.9999,0.9996635375749,1
H2,645,0.9999,0.9996635375749,1
H2,646,0.9999,0.9996635375749,1
H2,647,0.9999,0.9996635375749,1
H2,648,0.9999,0.9996635375749,1
H2,649,0.9999,0.9996635375749,1
H2,650,0.9999,0.9996635375749,1
H2,651,0.9999,0.9996635375749,1
H2,652,0.9999,0.9996635375749,1
H2,653,0.9999,0.9996635375749,1
H2,654,0.9999,0.9996635375749,1
H2,655,0.9999,0.9996635375749,1
H2,656,0.9999,0.9996635375749,1
H2,657,0.9999,0.9996635375749,1
H2,658,0.9999,0.9996635375749,1
H2,659,0.99995,0.9998317687874501,1
H2,660,0.99995,0.9998317687874501,1
H2,661,0.99995,0.9998317687874501,1
H2,662,0.99995,0.9998317687874501,1
H2,663,0.99995,0.9998317687874501,1
H2,664,0.99995,0.9998317687874501,1
H2,665,0.99995,0.9998317687874501,1
H2,666,0.99995,0.9998317687874501,1
H2,667,0.99995,0.9998317687874501,1
H2,668,0.99995,0.9998317687874501,1
H2,669,0.99995,0.9998317687874501,1
H2,670,0.99995,0.9998317687874501,1
H2,671,0.99995,0.9998317687874501,1
H2,672,0.99995,0.9998317687874501,1
H2,673,0.99995,0.9998317687874501,1
H2,674,0.99995,0.9998317687874501,1
H2,675,0.99995,0.9998317687874501,1
H2,676,0.99995,0.9998317687874501,1
H2,677,0.99995,0.9998317687874501,1
H2,678,0.99995,0.9998317687874501,1
H2,679,0.99995,0.9998317687874501,1
H2,680,0.99995,0.9998317687874501,1
H2,681,0.99995,0.9998317687874501,1
H2,682,0.99995,0.9998317687874501,1
H2,683,0.99995,0.9998317687874501,1
H2,684,0.99995,0.9998317687874501,1
H2,685,0.99995,0.9998317687874501,1
H2,686,0.99995,0.9998317687874501,1
H2,687,0.99995,0.9998317687874501,1
H2,688,0.99995,0.9998317687874501,1
H2,689,0.99995,0.9998317687874501,1
H2,690,0.99995,0.9998317687874501,1
H2,691,0.99995,0.9998317687874501,1
H2,692,0.99995,0.9998317687874501,1
H2,693,0.99995,0.9998317687874501,1
H2,694,0.99995,0.9998317687874501,1
H2,695,0.99995,0.9998317687874501,1
H2,696,0.99995,0.9998317687874501,1
H2,697,0.99995,0.9998317687874501,1
H2,698,0.99995,0.9998317687874501,1
H2,699,1.0,1.0,1
H3,0,0.0,0,0.0
H3,1,0.08925,0.08212144641502832,0.09637855358497167
H3,2,0.08935,0.08216230348625404,0.09653769651374595
H3,3,0.3127,0.3018128191617937,0.32358718083820626
H3,4,0.31299999999999994,0.30225721248505144,0.32374278751494845
H3,5,0.5821500000000001,0.5728191461357046,0.5914808538642955
H3,6,0.5826,0.5733050628275018,0.5918949371724982
H3,7,0.5841000000000001,0.5735481422381048,0.5946518577618953
H3,8,0.58505,0.5742199213599876,0.5958800786400124
H3,9,0.58605,0.5744472377565104,0.5976527622434895
H3,10,0.58675,0.5754711955691894,0.5980288044308106
H3,11,0.5878,0.5768846087625257,0.5987153912374743
H3,12,0.58865,0.5778346825269329,0.5994653174730671
H3,13,0.58965,0.5787427529732119,0.6005572470267881
H3,14,0.59085,0.5794024865120865,0.6022975134879135
H3,15,0.59115,0.5794567170437013,0.6028432829562986
H3,16,0.5921499999999998,0.580393359584166,0.6039066404158336
H3,17,0.5944999999999999,0.581993012055223,0.6070069879447768
H3,18,0.59615,0.5828564035643138,0.6094435964356861
H3,19,0.59785,0.583760628926796,0.611939371073204
H3,20,0.6005499999999999,0.5845842828948697,0.6165157171051301
H3,21,0.60395,0.5856778533864798,0.6222221466135202
H3,22,0.60755,0.5871237462685093,0.6279762537314908
H3,23,0.6125,0.5889568433464498,0.6360431566535503
H3,24,0.6165499999999999,0.5904031771777585,0.6426968228222414
H3,25,0.62025,0.5920722854452388,0.6484277145547611
H3,26,0.624,0.5939457413833146,0.6540542586166854
H3,27,0.62865,0.5969494485615399,0.6603505514384602
H3,28,0.6335999999999999,0.60054548653041,0.6666545134695899
H3,29,0.638,0.603375293200349,0.672624706799651
H3,30,0.6413,0.6054642105861852,0.6771357894138148
H3,31,0.6444,0.6077783028061765,0.6810216971938234
H3,32,0.6462,0.6093755796760062,0.6830244203239938
H3,33,0.6487,0.6112442367040651,0.686155763295935
H3,34,0.65185,0.6126656972471153,0.6910343027528848
H3,35,0.65505,0.6146603122545122,0.6954396877454878
H3,36,0.6576000000000001,0.6168303824629618,0.6983696175370383
H3,37,0.6607000000000001,0.6191426357744458,0.7022573642255543
H3,38,0.6636,0.6209479013314644,0.7062520986685356
H3,39,0.66605,0.6222224738803448,0.7098775261196553
H3,40,0.6698500000000001,0.6246898553273869,0.7150101446726133
H3,41,0.6734000000000001,0.6265459897268087,0.7202540102731915
H3,42,0.6768,0.6287581238157331,0.7248418761842668
H3,43,0.68065,0.6311624236850242,0.7301375763149758
H3,44,0.6842999999999999,0.6329979289888539,0.7356020710111459
H3,45,0.6888500000000001,0.635175801199202,0.7425241988007981
H3,46,0.6915,0.6365191990352581,0.7464808009647419
H3,47,0.6940000000000001,0.6379546282512333,0.7500453717487668
H3,48,0.6974999999999999,0.639613603680857,0.7553863963191428
H3,49,0.7022,0.6429834091821292,0.7614165908178709
H3,50,0.7069,0.6458519227624195,0.7679480772375804
H3,51,0.71145,0.6485705708865993,0.7743294291134007
H3,52,0.71585,0.6497040253010389,0.7819959746989611
H3,53,0.7196999999999999,0.6515046418728173,0.7878953581271825
H3,54,0.72305,0.6537173695505893,0.7923826304494106
H3,55,0.72655,0.6558888283706095,0.7972111716293906
H3,56,0.7303499999999999,0.6582407705883491,0.8024592294116508
H3,57,0.7350500000000001,0.6613198745029694,0.8087801254970308
H3,58,0.7390000000000001,0.6647551018721537,0.8132448981278465
H3,59,0.74275,0.6672431932685546,0.8182568067314454
H3,60,0.7468499999999999,0.6700378281242512,0.8236621718757486
H3,61,0.7508000000000001,0.6731024420543473,0.8284975579456529
H3,62,0.75435,0.6766404275207338,0.8320595724792661
H3,63,0.758,0.6804121107509147,0.8355878892490853
H3,64,0.7610499999999999,0.6836214501152323,0.8384785498847674
H3,65,0.7646,0.6865997536651479,0.842600246334852
H3,66,0.7685500000000001,0.6898205542673291,0.847279445732671
H3,67,0.77325,0.6942791484315974,0.8522208515684025
H3,68,0.7785500000000001,0.7005276496543928,0.8565723503456073
H3,69,0.7828,0.7042125087430822,0.8613874912569179
H3,70,0.7884000000000001,0.7092786690513361,0.8675213309486641
H3,71,0.7939499999999999,0.7147700478809772,0.8731299521190227
H3,72,0.79855,0.719177095145231,0.877922904854769
H3,73,0.80355,0.7238558103848295,0.8832441896151705
H3,74,0.8075499999999999,0.7271435484964303,0.8879564515035695
H3,75,0.8128500000000001,0.7317373439005749,0.8939626560994253
H3,76,0.8190500000000001,0.7387498159148418,0.8993501840851583
H3,77,0.8256,0.7454463629710912,0.9057536370289088
H3,78,0.8311499999999999,0.750447258829355,0.9118527411706449
H3,79,0.8365,0.7553681799544935,0.9176318200455066
H3,80,0.8412000000000001,0.7595229502713192,0.9228770497286809
H3,81,0.8449,0.7630910794733949,0.926708920526605
H3,82,0.8481000000000001,0.7666384371560419,0.9295615628439583
H3,83,0.85215,0.7717416610099659,0.932558338990034
H3,84,0.85745,0.777942156149902,0.9369578438500981
H3,85,0.8618499999999999,0.7826354531259428,0.9410645468740569
H3,86,0.866,0.7862557985654146,0.9457442014345854
H3,87,0.8708,0.7907820097716793,0.9508179902283207
H3,88,0.8735999999999999,0.793889061134833,0.9533109388651668
H3,89,0.8757500000000001,0.7975117258157715,0.9539882741842288
H3,90,0.87945,0.8022812384047726,0.9566187615952273
H3,91,0.8839000000000001,0.8078030157425223,0.9599969842574779
H3,92,0.8872,0.8114221065494538,0.9629778934505462
H3,93,0.8901499999999999,0.8147406877954991,0.9655593122045006
H3,94,0.8934000000000001,0.8181531276524351,0.9686468723475651
H3,95,0.89715,0.8228359690936871,0.971464030906313
H3,96,0.9017999999999999,0.8287446449737587,0.9748553550262412
H3,97,0.90505,0.8332933379638218,0.9768066620361783
H3,98,0.9086500000000001,0.8381599572894652,0.9791400427105349
H3,99,0.91305,0.8433698467679291,0.9827301532320709
H3,100,0.9172999999999999,0.8477479401257296,0.9868520598742702
H3,101,0.9208,0.8513701863816592,0.9902298136183407
H3,102,0.9243499999999999,0.8554680363520087,0.993231963647991
H3,103,0.92775,0.8596073271983323,0.9958926728016676
H3,104,0.92985,0.8629399225353526,0.9967600774646473
H3,105,0.93155,0.8655961919549463,0.9975038080450537
H3,106,0.933,0.8682189125393388,0.9977810874606613
H3,107,0.9344,0.8712715546462206,0.9975284453537794
H3,108,0.9359999999999999,0.8734353693753591,0.9985646306246407
H3,109,0.93715,0.8752173644251902,0.9990826355748099
H3,110,0.9385999999999999,0.8776346068254249,0.9995653931745748
H3,111,0.9392999999999999,0.87923648266088,0.9993635173391199
H3,112,0.93995,0.8807432739050708,0.9991567260949291
H3,113,0.9408,0.8825402321428184,0.9990597678571815
H3,114,0.94175,0.8846913424374611,0.9988086575625389
H3,115,0.94295,0.8875263615835084,0.9983736384164915
H3,116,0.94465,0.8923046935562245,0.9969953064437754
H3,117,0.94645,0.8967496586403372,0.9961503413596628
H3,118,0.9477,0.900521576747577,0.9948784232524229
H3,119,0.9492,0.9046761193895614,0.9937238806104387
H3,120,0.9507000000000001,0.9089198835780451,0.9924801164219551
H3,121,0.9519500000000001,0.9122756446221878,0.9916243553778123
H3,122,0.9531499999999999,0.9148174737210999,0.9914825262789
H3,123,0.954,0.9167567122829597,0.9912432877170402
H3,124,0.9548,0.9188594893417458,0.9907405106582542
H3,125,0.9558499999999999,0.9213269776049022,0.9903730223950975
H3,126,0.9575499999999999,0.9264197611866412,0.9886802388133586
H3,127,0.9597,0.9328122659293789,0.9865877340706211
H3,128,0.9616,0.9378964004644963,0.9853035995355037
H3,129,0.96295,0.9409552262821504,0.9849447737178495
H3,130,0.9644999999999999,0.9446277080846612,0.9843722919153386
H3,131,0.96595,0.94835487332701,0.98354512667299
H3,132,0.96685,0.9506928122708714,0.9830071877291285
H3,133,0.96795,0.9531209184657325,0.9827790815342674
H3,134,0.9689500000000001,0.9550156889843111,0.9828843110156891
H3,135,0.9697,0.9563311318136748,0.9830688681863252
H3,136,0.9703499999999999,0.9574052826493288,0.9832947173506711
H3,137,0.97105,0.9585734655791651,0.9835265344208348
H3,138,0.9713999999999999,0.9590637430770659,0.983736256922934
H3,139,0.9719499999999999,0.9596585833233684,0.9842414166766313
H3,140,0.9723,0.9601152178541937,0.9844847821458064
H3,141,0.9727,0.9602711734871514,0.9851288265128486
H3,142,0.9732000000000001,0.9609065526576116,0.9854934473423885
H3,143,0.9736500000000001,0.9611638659051934,0.9861361340948068
H3,144,0.9738000000000001,0.9613144256834588,0.9862855743165414
H3,145,0.9740500000000001,0.9615958935941018,0.9865041064058984
H3,146,0.9742500000000001,0.9618466659033863,0.9866533340966138
H3,147,0.97495,0.9623448036373454,0.9875551963626545
H3,148,0.9753,0.9627318497097708,0.9878681502902291
H3,149,0.9756499999999999,0.9630924202990787,0.9882075797009211
H3,150,0.9759499999999999,0.9633530442966395,0.9885469557033603
H3,151,0.9761,0.9635394787156577,0.9886605212843422
H3,152,0.9763,0.9637611194393257,0.9888388805606741
H3,153,0.9769,0.9643853504150468,0.9894146495849532
H3,154,0.97725,0.9648370096192964,0.9896629903807035
H3,155,0.9776999999999999,0.965425084768131,0.9899749152318688
H3,156,0.9780499999999999,0.9657183574100604,0.9903816425899393
H3,157,0.9784499999999999,0.9662368163002093,0.9906631836997906
H3,158,0.9785999999999999,0.9663808497382991,0.9908191502617008
H3,159,0.9787000000000001,0.966457665023146,0.9909423349768542
H3,160,0.9789,0.9667862245814778,0.9910137754185222
H3,161,0.9791500000000001,0.9670168702668881,0.9912831297331121
H3,162,0.9794,0.9672070261828062,0.9915929738171939
H3,163,0.9797,0.9674668030437024,0.9919331969562977
H3,164,0.98,0.9677808497382991,0.9922191502617008
H3,165,0.9801500000000001,0.9680109466098853,0.9922890533901149
H3,166,0.9804500000000002,0.9685039660258633,0.992396033974137
H3,167,0.9808000000000001,0.9688118314463967,0.9927881685536035
H3,168,0.9810500000000001,0.9692920008080551,0.9928079991919451
H3,169,0.9814,0.9697730815170378,0.9930269184829623
H3,170,0.9816,0.9699607219474526,0.9932392780525474
H3,171,0.9818,0.9701895814096692,0.9934104185903309
H3,172,0.98215,0.9706808759018102,0.9936191240981898
H3,173,0.98245,0.9709523565129108,0.9939476434870893
H3,174,0.98265,0.9711655640096754,0.9941344359903247
H3,175,0.98275,0.9712495779200356,0.9942504220799644
H3,176,0.9828,0.9713252185620994,0.9942747814379006
H3,177,0.9832,0.9716323150632779,0.9947676849367221
H3,178,0.9834499999999999,0.9719363887612238,0.9949636112387761
H3,179,0.9835999999999999,0.9722020485671039,0.9949979514328959
H3,180,0.98375,0.9725600722197002,0.9949399277802998
H3,181,0.9841000000000001,0.9728179205649891,0.9953820794350111
H3,182,0.9843500000000001,0.9732022681510213,0.9954977318489788
H3,183,0.9845999999999999,0.9735956924419825,0.9956043075580173
H3,184,0.9849,0.9738612670934435,0.9959387329065565
H3,185,0.9852,0.9742437051188424,0.9961562948811575
H3,186,0.98555,0.9747976435608594,0.9963023564391407
H3,187,0.98595,0.9754959651261833,0.9964040348738167
H3,188,0.9862,0.9758680724349748,0.9965319275650252
H3,189,0.9866,0.9767720669675619,0.9964279330324382
H3,190,0.9869,0.9770319171987915,0.9967680828012085
H3,191,0.9871,0.97749443508785,0.9967055649121499
H3,192,0.9873,0.9780020555218277,0.9965979444781722
H3,193,0.9874499999999999,0.9780441144180049,0.996855885581995
H3,194,0.9874499999999999,0.9780441144180049,0.996855885581995
H3,195,0.9876500000000001,0.9782619652370331,0.9970380347629672
H3,196,0.9877,0.9782672956776118,0.9971327043223882
H3,197,0.9878499999999999,0.9784322326692829,0.9972677673307169
H3,198,0.9882,0.9789584973087028,0.9974415026912972
H3,199,0.9884000000000001,0.9790947561115217,0.9977052438884784
H3,200,0.98855,0.9791509107324522,0.9979490892675479
H3,201,0.9887499999999999,0.9793619652370329,0.9981380347629669
H3,202,0.9888500000000001,0.9794415670657954,0.9982584329342048
H3,203,0.9890500000000001,0.9797827111836294,0.9983172888163708
H3,204,0.9893000000000001,0.9800987768091586,0.9985012231908416
H3,205,0.9894000000000001,0.980219200338556,0.9985807996614441
H3,206,0.9895,0.9804088181746129,0.9985911818253872
H3,207,0.98955,0.9804558532827389,0.9986441467172612
H3,208,0.98975,0.9809713822289149,0.9985286177710851
H3,209,0.9900000000000001,0.9812778648331365,0.9987221351668637
H3,210,0.9900000000000001,0.9812778648331365,0.9987221351668637
H3,211,0.9901000000000001,0.9813271848450943,0.9988728151549059
H3,212,0.9904000000000001,0.9818368320908281,0.9989631679091721
H3,213,0.99055,0.982063784627883,0.9990362153721171
H3,214,0.9908,0.9822892295892248,0.9993107704107752
H3,215,0.9909,0.9823821933736122,0.9994178066263878
H3,216,0.991,0.9824592487992024,0.9995407512007976
H3,217,0.99115,0.9828455121546692,0.9994544878453308
H3,218,0.9912,0.9829156153850752,0.9994843846149247
H3,219,0.9914,0.9831581492627183,0.9996418507372816
H3,220,0.9914999999999999,0.9832586338636734,0.9997413661363265
H3,221,0.99155,0.983305363359989,0.9997946366400111
H3,222,0.9917,0.9835208998285269,0.9998791001714732
H3,223,0.9917,0.9835208998285269,0.9998791001714732
H3,224,0.99175,0.9835666282796699,0.9999333717203301
H3,225,0.99185,0.9837707572883784,0.9999292427116216
H3,226,0.99195,0.9838579146604879,1
H3,227,0.99205,0.9840872729762102,1
H3,228,0.99215,0.9841402638480654,1
H3,229,0.9922500000000001,0.9843446591196607,1
H3,230,0.9923500000000001,0.9845453325841824,1
H3,231,0.99265,0.9850139790249967,1
H3,232,0.99285,0.9851338523305121,1
H3,233,0.99295,0.9853643563755476,1
H3,234,0.99325,0.9856192111479687,1
H3,235,0.99325,0.9856192111479687,1
H3,236,0.9933,0.985641391253635,1
H3,237,0.9934,0.9857596652208508,1
H3,238,0.9935999999999999,0.9860289810310026,1
H3,239,0.99365,0.9861885760032488,1
H3,240,0.9937999999999999,0.9863095937848773,1
H3,241,0.9941500000000001,0.9871059877329946,1
H3,242,0.9943500000000001,0.987419161100207,1
H3,243,0.9943500000000001,0.987419161100207,1
H3,244,0.9944500000000001,0.9877393277846388,1
H3,245,0.9946000000000002,0.9880104942192697,1
H3,246,0.99475,0.9881764235655189,1
H3,247,0.9948999999999999,0.9885405862291136,1
H3,248,0.99505,0.9887532265339891,1
H3,249,0.99515,0.9889826809723463,1
H3,250,0.99515,0.9889826809723463,1
H3,251,0.9953000000000001,0.9892760065956023,1
H3,252,0.99535,0.9893387828420197,1
H3,253,0.9954000000000001,0.9895012898712993,1
H3,254,0.9954000000000001,0.9895012898712993,1
H3,255,0.9956499999999999,0.9900701810255722,1
H3,256,0.9957,0.9902320689082843,1
H3,257,0.9958,0.9904584309803008,1
H3,258,0.9958500000000001,0.990502639444766,1
H3,259,0.9958500000000001,0.990502639444766,1
H3,260,0.9959,0.9905651645247071,1
H3,261,0.9959500000000001,0.9906041334339144,1
H3,262,0.99605,0.9906832554321703,1
H3,263,0.9961500000000001,0.9907847440237163,1
H3,264,0.9962500000000001,0.9908787921328465,1
H3,265,0.9963000000000001,0.9909174645716501,1
H3,266,0.99635,0.9909506102481377,1
H3,267,0.9966,0.9915600447623917,1
H3,268,0.9967,0.9917795356739789,1
H3,269,0.9968000000000001,0.9919837233480322,1
H3,270,0.9968000000000001,0.9919837233480322,1
H3,271,0.9968500000000001,0.9920124173194368,1
H3,272,0.9968500000000001,0.9920124173194368,1
H3,273,0.9968500000000001,0.9920124173194368,1
H3,274,0.9968500000000001,0.9920124173194368,1
H3,275,0.9968500000000001,0.9920124173194368,1
H3,276,0.9969500000000001,0.9920745877925294,1
H3,277,0.997,0.99224044628471,1
H3,278,0.997,0.99224044628471,1
H3,279,0.9971,0.9924602721829393,1
H3,280,0.9972000000000001,0.9926568259615881,1
H3,281,0.9973,0.9928500884091885,1
H3,282,0.9973,0.9928500884091885,1
H3,283,0.9973,0.9928500884091885,1
H3,284,0.99735,0.9928779299215695,1
H3,285,0.9974000000000001,0.9930435138524201,1
H3,286,0.9974000000000001,0.9930435138524201,1
H3,287,0.9974500000000001,0.9930827551018883,1
H3,288,0.9974500000000001,0.9930827551018883,1
H3,289,0.9974500000000001,0.9930827551018883,1
H3,290,0.9974500000000001,0.9930827551018883,1
H3,291,0.9974500000000001,0.9930827551018883,1
H3,292,0.9974999999999999,0.9931371011892847,1
H3,293,0.99755,0.9933033052550476,1
H3,294,0.99755,0.9933033052550476,1
H3,295,0.9976,0.9933549513975474,1
H3,296,0.9976,0.9933549513975474,1
H3,297,0.99765,0.9933920345646667,1
H3,298,0.9977,0.9935587720022486,1
H3,299,0.99785,0.9939259143758821,1
H3,300,0.9979000000000001,0.9940923989845729,1
H3,301,0.9979000000000001,0.9940923989845729,1
H3,302,0.9979000000000001,0.9940923989845729,1
H3,303,0.9979000000000001,0.9940923989845729,1
H3,304,0.99795,0.9941437103677753,1
H3,305,0.9980000000000001,0.9941746088046356,1
H3,306,0.9980000000000001,0.9941746088046356,1
H3,307,0.9980000000000001,0.9941746088046356,1
H3,308,0.99805,0.9943415010096474,1
H3,309,0.9981000000000001,0.9945083055580183,1
H3,310,0.99815,0.9946750136105416,1
H3,311,0.99825,0.9950080985503312,1
H3,312,0.99825,0.9950080985503312,1
H3,313,0.9983000000000001,0.9950393652926719,1
H3,314,0.99835,0.9952056593754177,1
H3,315,0.99835,0.9952056593754177,1
H3,316,0.99835,0.9952056593754177,1
H3,317,0.9984000000000001,0.9953718034292002,1
H3,318,0.9984500000000001,0.9955377795037716,1
H3,319,0.9985,0.9957035666993216,1
H3,320,0.9985,0.9957035666993216,1
H3,321,0.99855,0.9958691405424983,1
H3,322,0.9987,0.9962572815077203,1
H3,323,0.9987,0.9962572815077203,1
H3,324,0.99875,0.9963093261372677,1
H3,325,0.99875,0.9963093261372677,1
H3,326,0.9988,0.9964762657068755,1
H3,327,0.9988,0.9964762657068755,1
H3,328,0.9988,0.9964762657068755,1
H3,329,0.99885,0.9966430676346785,1
H3,330,0.99885,0.9966430676346785,1
H3,331,0.99885,0.9966430676346785,1
H3,332,0.9989,0.9968097088469771,1
H3,333,0.99905,0.997192925646325,1
H3,334,0.99905,0.997192925646325,1
H3,335,0.99905,0.997192925646325,1
H3,336,0.99905,0.997192925646325,1
H3,337,0.99915,0.9975270485756694,1
H3,338,0.99915,0.9975270485756694,1
H3,339,0.99915,0.9975270485756694,1
H3,340,0.99915,0.9975270485756694,1
H3,341,0.9992,0.9976938359086974,1
H3,342,0.9992500000000001,0.9978603790252865,1
H3,343,0.99935,0.9980617989894492,1
H3,344,0.99935,0.9980617989894492,1
H3,345,0.99935,0.9980617989894492,1
H3,346,0.9994000000000001,0.9981110241316286,1
H3,347,0.9994000000000001,0.9981110241316286,1
H3,348,0.9994000000000001,0.9981110241316286,1
H3,349,0.9995499999999999,0.9986136992231096,1
H3,350,0.9995499999999999,0.9986136992231096,1
H3,351,0.9996,0.9986541502996,1
H3,352,0.9996,0.9986541502996,1
H3,353,0.9996499999999999,0.99882238151215,1
H3,354,0.9996499999999999,0.99882238151215,1
H3,355,0.9996499999999999,0.99882238151215,1
H3,356,0.9996499999999999,0.99882238151215,1
H3,357,0.9996499999999999,0.99882238151215,1
H3,358,0.9996499999999999,0.99882238151215,1
H3,359,0.9997,0.9989906127247,1
H3,360,0.9997,0.9989906127247,1
H3,361,0.9997,0.9989906127247,1
H3,362,0.9998,0.9993270751498,1
H3,363,0.9998,0.9993270751498,1
H3,364,0.9998,0.9993270751498,1
H3,365,0.9998,0.9993270751498,1
H3,366,0.9998,0.9993270751498,1
H3,367,0.9998,0.9993270751498,1
H3,368,0.99985,0.9994953063623501,1
H3,369,0.99985,0.9994953063623501,1
H3,370,0.99985,0.9994953063623501,1
H3,371,0.99985,0.9994953063623501,1
H3,372,0.99985,0.9994953063623501,1
H3,373,0.99985,0.9994953063623501,1
H3,374,0.99985,0.9994953063623501,1
H3,375,0.99985,0.9994953063623501,1
H3,376,0.99985,0.9994953063623501,1
H3,377,0.99985,0.9994953063623501,1
H3,378,0.99985,0.9994953063623501,1
H3,379,0.99985,0.9994953063623501,1
H3,380,0.99985,0.9994953063623501,1
H3,381,0.99985,0.9994953063623501,1
H3,382,0.99985,0.9994953063623501,1
H3,383,0.99985,0.9994953063623501,1
H3,384,0.99985,0.9994953063623501,1
H3,385,0.99985,0.9994953063623501,1
H3,386,0.99985,0.9994953063623501,1
H3,387,0.99985,0.9994953063623501,1
H3,388,0.99985,0.9994953063623501,1
H3,389,0.99985,0.9994953063623501,1
H3,390,0.99985,0.9994953063623501,1
H3,391,0.99985,0.9994953063623501,1
H3,392,0.99985,0.9994953063623501,1
H3,393,0.99985,0.9994953063623501,1
H3,394,0.99985,0.9994953063623501,1
H3,395,0.99985,0.9994953063623501,1
H3,396,0.99985,0.9994953063623501,1
H3,397,0.99985,0.9994953063623501,1
H3,398,0.99985,0.9994953063623501,1
H3,399,0.99985,0.9994953063623501,1
H3,400,0.99985,0.9994953063623501,1
H3,401,0.99985,0.9994953063623501,1
H3,402,0.99985,0.9994953063623501,1
H3,403,0.99985,0.9994953063623501,1
H3,404,0.99985,0.9994953063623501,1
H3,405,0.99985,0.9994953063623501,1
H3,406,0.99985,0.9994953063623501,1
H3,407,0.99985,0.9994953063623501,1
H3,408,0.99985,0.9994953063623501,1
H3,409,0.99985,0.9994953063623501,1
H3,410,0.99985,0.9994953063623501,1
H3,411,0.99985,0.9994953063623501,1
H3,412,0.99985,0.9994953063623501,1
H3,413,0.99985,0.9994953063623501,1
H3,414,0.99985,0.9994953063623501,1
H3,415,0.99985,0.9994953063623501,1
H3,416,0.99985,0.9994953063623501,1
H3,417,0.99985,0.9994953063623501,1
H3,418,0.99985,0.9994953063623501,1
H3,419,0.99985,0.9994953063623501,1
H3,420,0.99985,0.9994953063623501,1
H3,421,0.99985,0.9994953063623501,1
H3,422,0.99985,0.9994953063623501,1
H3,423,0.99985,0.9994953063623501,1
H3,424,0.99985,0.9994953063623501,1
H3,425,0.99985,0.9994953063623501,1
H3,426,0.99985,0.9994953063623501,1
H3,427,0.99985,0.9994953063623501,1
H3,428,0.99985,0.9994953063623501,1
H3,429,0.99985,0.9994953063623501,1
H3,430,0.99985,0.9994953063623501,1
H3,431,0.99985,0.9994953063623501,1
H3,432,0.99985,0.9994953063623501,1
H3,433,0.99985,0.9994953063623501,1
H3,434,0.99985,0.9994953063623501,1
H3,435,0.99985,0.9994953063623501,1
H3,436,0.99985,0.9994953063623501,1
H3,437,0.99985,0.9994953063623501,1
H3,438,0.99985,0.9994953063623501,1
H3,439,0.99985,0.9994953063623501,1
H3,440,0.99985,0.9994953063623501,1
H3,441,0.99985,0.9994953063623501,1
H3,442,0.99985,0.9994953063623501,1
H3,443,0.99985,0.9994953063623501,1
H3,444,0.9999,0.9996635375749,1
H3,445,0.9999,0.9996635375749,1
H3,446,0.9999,0.9996635375749,1
H3,447,0.9999,0.9996635375749,1
H3,448,0.9999,0.9996635375749,1
H3,449,0.9999,0.9996635375749,1
H3,450,0.9999,0.9996635375749,1
H3,451,0.9999,0.9996635375749,1
H3,452,0.9999,0.9996635375749,1
H3,453,0.99995,0.9998317687874501,1
H3,454,1.0,1.0,1
H3,455,1.0,1.0,1
H3,456,1.0,1.0,1
H3,457,1.0,1.0,1
H3,458,1.0,1.0,1
H3,459,1.0,1.0,1
H3,460,1.0,1.0,1
H3,461,1.0,1.0,1
H3,462,1.0,1.0,1
H3,463,1.0,1.0,1
H3,464,1.0,1.0,1
H3,465,1.0,1.0,1
H3,466,1.0,1.0,1
H3,467,1.0,1.0,1
H3,468,1.0,1.0,1
H3,469,1.0,1.0,1
H3,470,1.0,1.0,1
H3,471,1.0,1.0,1
H3,472,1.0,1.0,1
H3,473,1.0,1.0,1
H3,474,1.0,1.0,1
H3,475,1.0,1.0,1
H3,476,1.0,1.0,1
H3,477,1.0,1.0,1
H3,478,1.0,1.0,1
H3,479,1.0,1.0,1
H3,480,1.0,1.0,1
H3,481,1.0,1.0,1
H3,482,1.0,1.0,1
H3,483,1.0,1.0,1
H3,484,1.0,1.0,1
H3,485,1.0,1.0,1
H3,486,1.0,1.0,1
H3,487,1.0,1.0,1
H3,488,1.0,1.0,1
H3,489,1.0,1.0,1
H3,490,1.0,1.0,1
H3,491,1.0,1.0,1
H3,492,1.0,1.0,1
H3,493,1.0,1.0,1
H3,494,1.0,1.0,1
H3,495,1.0,1.0,1
H3,496,1.0,1.0,1
H3,497,1.0,1.0,1
H3,498,1.0,1.0,1
H3,499,1.0,1.0,1
H3,500,1.0,1.0,1
H3,501,1.0,1.0,1
H3,502,1.0,1.0,1
H3,503,1.0,1.0,1
H3,504,1.0,1.0,1
H3,505,1.0,1.0,1
H3,506,1.0,1.0,1
H3,507,1.0,1.0,1
H3,508,1.0,1.0,1
H3,509,1.0,1.0,1
H3,510,1.0,1.0,1
H3,511,1.0,1.0,1
H3,512,1.0,1.0,1
H3,513,1.0,1.0,1
H3,514,1.0,1.0,1
H3,515,1.0,1.0,1
H3,516,1.0,1.0,1
H3,517,1.0,1.0,1
H3,518,1.0,1.0,1
H3,519,1.0,1.0,1
H3,520,1.0,1.0,1
H3,521,1.0,1.0,1
H3,522,1.0,1.0,1
H3,523,1.0,1.0,1
H3,524,1.0,1.0,1
H3,525,1.0,1.0,1
H3,526,1.0,1.0,1
H3,527,1.0,1.0,1
H3,528,1.0,1.0,1
H3,529,1.0,1.0,1
H3,530,1.0,1.0,1
H3,531,1.0,1.0,1
H3,532,1.0,1.0,1
H3,533,1.0,1.0,1
H3,534,1.0,1.0,1
H3,535,1.0,1.0,1
H3,536,1.0,1.0,1
H3,537,1.0,1.0,1
H3,538,1.0,1.0,1
H3,539,1.0,1.0,1
H3,540,1.0,1.0,1
H3,541,1.0,1.0,1
H3,542,1.0,1.0,1
H3,543,1.0,1.0,1
H3,544,1.0,1.0,1
H3,545,1.0,1.0,1
H3,546,1.0,1.0,1
H3,547,1.0,1.0,1
H3,548,1.0,1.0,1
H3,549,1.0,1.0,1
H3,550,1.0,1.0,1
H3,551,1.0,1.0,1
H3,552,1.0,1.0,1
H3,553,1.0,1.0,1
H3,554,1.0,1.0,1
H3,555,1.0,1.0,1
H3,556,1.0,1.0,1
H3,557,1.0,1.0,1
H3,558,1.0,1.0,1
H3,559,1.0,1.0,1
H3,560,1.0,1.0,1
H3,561,1.0,1.0,1
H3,562,1.0,1.0,1
H3,563,1.0,1.0,1
H3,564,1.0,1.0,1
H3,565,1.0,1.0,1
H3,566,1.0,1.0,1
H3,567,1.0,1.0,1
H3,568,1.0,1.0,1
H3,569,1.0,1.0,1
H3,570,1.0,1.0,1
H3,571,1.0,1.0,1
H3,572,1.0,1.0,1
H3,573,1.0,1.0,1
H3,574,1.0,1.0,1
H3,575,1.0,1.0,1
H3,576,1.0,1.0,1
H3,577,1.0,1.0,1
H3,578,1.0,1.0,1
H3,579,1.0,1.0,1
H3,580,1.0,1.0,1
H3,581,1.0,1.0,1
H3,582,1.0,1.0,1
H3,583,1.0,1.0,1
H3,584,1.0,1.0,1
H3,585,1.0,1.0,1
H3,586,1.0,1.0,1
H3,587,1.0,1.0,1
H3,588,1.0,1.0,1
H3,589,1.0,1.0,1
H3,590,1.0,1.0,1
H3,591,1.0,1.0,1
H3,592,1.0,1.0,1
H3,593,1.0,1.0,1
H3,594,1.0,1.0,1
H3,595,1.0,1.0,1
H3,596,1.0,1.0,1
H3,597,1.0,1.0,1
H3,598,1.0,1.0,1
H3,599,1.0,1.0,1
H3,600,1.0,1.0,1
H3,601,1.0,1.0,1
H3,602,1.0,1.0,1
H3,603,1.0,1.0,1
H3,604,1.0,1.0,1
H3,605,1.0,1.0,1
H3,606,1.0,1.0,1
H3,607,1.0,1.0,1
H3,608,1.0,1.0,1
H3,609,1.0,1.0,1
H3,610,1.0,1.0,1
H3,611,1.0,1.0,1
H3,612,1.0,1.0,1
H3,613,1.0,1.0,1
H3,614,1.0,1.0,1
H3,615,1.0,1.0,1
H3,616,1.0,1.0,1
H3,617,1.0,1.0,1
H3,618,1.0,1.0,1
H3,619,1.0,1.0,1
H3,620,1.0,1.0,1
H3,621,1.0,1.0,1
H3,622,1.0,1.0,1
H3,623,1.0,1.0,1
H3,624,1.0,1.0,1
H3,625,1.0,1.0,1
H3,626,1.0,1.0,1
H3,627,1.0,1.0,1
H3,628,1.0,1.0,1
H3,629,1.0,1.0,1
H3,630,1.0,1.0,1
H3,631,1.0,1.0,1
H3,632,1.0,1.0,1
H3,633,1.0,1.0,1
H3,634,1.0,1.0,1
H3,635,1.0,1.0,1
H3,636,1.0,1.0,1
H3,637,1.0,1.0,1
H3,638,1.0,1.0,1
H3,639,1.0,1.0,1
H3,640,1.0,1.0,1
H3,641,1.0,1.0,1
H3,642,1.0,1.0,1
H3,643,1.0,1.0,1
H3,644,1.0,1.0,1
H3,645,1.0,1.0,1
H3,646,1.0,1.0,1
H3,647,1.0,1.0,1
H3,648,1.0,1.0,1
H3,649,1.0,1.0,1
H3,650,1.0,1.0,1
H3,651,1.0,1.0,1
H3,652,1.0,1.0,1
H3,653,1.0,1.0,1
H3,654,1.0,1.0,1
H3,655,1.0,1.0,1
H3,656,1.0,1.0,1
H3,657,1.0,1.0,1
H3,658,1.0,1.0,1
H3,659,1.0,1.0,1
H3,660,1.0,1.0,1
H3,661,1.0,1.0,1
H3,662,1.0,1.0,1
H3,663,1.0,1.0,1
H3,664,1.0,1.0,1
H3,665,1.0,1.0,1
H3,666,1.0,1.0,1
H3,667,1.0,1.0,1
H3,668,1.0,1.0,1
H3,669,1.0,1.0,1
H3,670,1.0,1.0,1
H3,671,1.0,1.0,1
H3,672,1.0,1.0,1
H3,673,1.0,1.0,1
H3,674,1.0,1.0,1
H3,675,1.0,1.0,1
H3,676,1.0,1.0,1
H3,677,1.0,1.0,1
H3,678,1.0,1.0,1
H3,679,1.0,1.0,1
H3,680,1.0,1.0,1
H3,681,1.0,1.0,1
H3,682,1.0,1.0,1
H3,683,1.0,1.0,1
H3,684,1.0,1.0,1
H3,685,1.0,1.0,1
H3,686,1.0,1.0,1
H3,687,1.0,1.0,1
H3,688,1.0,1.0,1
H3,689,1.0,1.0,1
H3,690,1.0,1.0,1
H3,691,1.0,1.0,1
H3,692,1.0,1.0,1
H3,693,1.0,1.0,1
H3,694,1.0,1.0,1
H3,695,1.0,1.0,1
H3,696,1.0,1.0,1
H3,697,1.0,1.0,1
H3,698,1.0,1.0,1
H3,699,1.0,1.0,1
