comparison,metric,mean_difference,sample_sd,standard_error,ci95_low,ci95_high,exact_sign_flip_p,leave_one_out_min,leave_one_out_max,leave_one_out_sign_stable
H3-B,correct_delivery_probability,9.999999999998899e-05,0.0001851640199544899,6.54653670707905e-05,-5.480099457621905e-05,0.000254800994576197,0.5,5.7142857142850847e-05,0.00011428571428570169,True
H3-B,terminal_failure_probability,0.0,0.0,0.0,0.0,0.0,1.0,0.0,0.0,False
H3-B,mean_latency,-3.0284441776710675,6.096370245253349,2.155392370521269,-8.12513724742604,2.0682488920839033,0.1953125,-5.059961424569827,-2.2633647744812206,True
H3-B,p95_latency,-61.512500000000045,16.954597985713022,5.9943556039947286,-75.68689863032373,-47.33810136967636,0.0078125,-67.15714285714292,-59.57857142857146,True
H3-B,p99_latency,-11.758750000000077,31.30558345338964,11.068195174446595,-37.93087272429767,14.413372724297517,0.3203125,-20.721428571428664,-6.867142857142945,True
H3-B,max_latency,6.875,40.22947568991814,14.22326753196024,-26.7576833345341,40.5076833345341,0.65625,-4.0,13.428571428571429,False
H3-B,scheduled_attempts_per_packet,-0.008500000000000008,0.030766029503798028,0.010877434046160489,-0.034221044334204156,0.017221044334204138,0.4921875,-0.018628571428571432,-0.00491428571428572,True
H3-B,scheduled_prb_slots,-21.25,76.9150737594951,27.19358511540123,-85.55261083551038,43.05261083551038,0.4921875,-46.57142857142857,-12.285714285714286,True
H3-B,mean_queue,1.5557869019190615,19.629088294794364,6.939930720879289,-14.854541580932016,17.96611538477014,0.90625,-4.836461436099356,4.117537072897799,False
H3-B,mean_wait,-0.6058517574163362,9.476233451909094,3.3503544669758627,-8.52818117947364,7.316477664640967,0.8828125,-3.5577514644031294,0.8027777820277089,False
H3-B,fraction_at_cap2,0.06957072469698328,0.09093397503738102,0.032150015194590174,-0.006451980902163132,0.1455934302961297,0.0078125,0.04311568897139354,0.07787962926513238,True
H3-B,rlc_retransmissions_per_packet,-0.256,0.020360185236317052,0.007198412523407008,-0.27302154082155033,-0.23897845917844968,0.0078125,-0.2629714285714286,-0.2541142857142857,True
H3-B,total_occupied_prb_slots,-77.5,66.05409038918678,23.353647619651564,-132.72260151073652,-22.27739848926349,0.03125,-98.71428571428571,-69.57142857142857,True
H3-B,cb_attempts_per_slot,-1.8299386219635467,0.24872587253694137,0.08793787556370605,-2.0378786551029062,-1.621998588824187,0.0078125,-1.8862633535893332,-1.769402348388137,True
H3-B,scheduled_attempts_per_slot,0.034966433016205056,0.07445144491026115,0.026322560782591164,-0.027276532558731546,0.09720939859114167,0.1953125,0.010047382803978211,0.042629930002878576,True
H3-H2,correct_delivery_probability,0.0,0.0,0.0,0.0,0.0,1.0,0.0,0.0,False
H3-H2,terminal_failure_probability,0.0,0.0,0.0,0.0,0.0,1.0,0.0,0.0,False
H3-H2,mean_latency,-57.70185,2.4877105935262778,0.8795385151560209,-59.781628102626456,-55.622071897373544,0.0078125,-58.10565714285714,-57.22245714285714,True
H3-H2,p95_latency,-182.6562500000001,9.200793347004764,3.2529716839815697,-190.34830573175924,-174.964194268241,0.0078125,-184.61428571428587,-180.60714285714297,True
H3-H2,p99_latency,-188.99624999999992,37.72453159322959,13.337636053329398,-220.53474766271455,-157.45775233728529,0.0078125,-199.28285714285707,-181.85142857142844,True
H3-H2,max_latency,-245.25,35.11511680987874,12.415068609211492,-274.60697231117035,-215.89302768882968,0.0078125,-251.14285714285714,-236.0,True
H3-H2,scheduled_attempts_per_packet,-0.09784999999999999,0.011363978176677399,0.004017773014992263,-0.10735052350626409,-0.0883494764937359,0.0078125,-0.10068571428571428,-0.09571428571428571,True
H3-H2,scheduled_prb_slots,-244.625,28.409945441693477,10.04443253748065,-268.3763087656602,-220.8736912343398,0.0078125,-251.71428571428572,-239.28571428571428,True
H3-H2,mean_queue,-140.29023078707277,9.947753933444826,3.517062131956994,-148.60676119657205,-131.9737003775735,0.0078125,-143.29142832417082,-138.48704230149104,True
H3-H2,mean_wait,-82.11243532891712,5.5808333001319435,1.973122535597498,-86.77812872678557,-77.44674193104866,0.0078125,-83.75174613174191,-81.05490467011727,True
H3-H2,fraction_at_cap2,-0.032269054459438604,0.03463854111767719,0.012246573657359296,-0.06122759952128816,-0.003310509397589048,0.0078125,-0.036079509332829995,-0.02092417898238062,True
H3-H2,rlc_retransmissions_per_packet,0.03345,0.005446624118269434,0.0019256724243012584,0.028896508286015282,0.03800349171398472,0.0078125,0.031714285714285716,0.03422857142857143,True
H3-H2,total_occupied_prb_slots,-279.625,30.009224772202487,10.609863167287852,-304.7133397451605,-254.5366602548395,0.0078125,-286.85714285714283,-271.7142857142857,True
H3-H2,cb_attempts_per_slot,3.974575402213096,0.14587286176187256,0.05157384487145395,3.8526226379127437,4.096528166513448,0.0078125,3.953321809339718,4.0067147245418715,True
H3-H2,scheduled_attempts_per_slot,-0.0030745630807058333,0.019735833026125457,0.006977670682569366,-0.019574132392201078,0.013425006230789412,0.7265625,-0.00647338716363726,0.002655341601614688,False
