scheme,seed,p95_latency,p99_latency,max_latency
B,9101,188.0,234.01999999999998,352.0
B,9102,124.0,150.01999999999998,230.0
B,9103,160.05000000000018,187.0,243.0
B,9104,239.05000000000018,316.0500000000011,427.0
B,9105,157.0,191.01000000000022,290.0
B,9106,162.05000000000018,207.01000000000022,320.0
B,9107,160.0,201.0500000000011,319.0
B,9108,164.0,221.01000000000022,317.0
H2,9101,294.0,393.0100000000002,586.0
H2,9102,294.10000000000036,393.0100000000002,517.0
H2,9103,269.0500000000002,351.0100000000002,532.0
H2,9104,339.0,435.0,699.0
H2,9105,272.0500000000002,395.0100000000002,543.0
H2,9106,282.10000000000036,397.02000000000044,530.0
H2,9107,273.0,364.0,560.0
H2,9108,300.0,397.0100000000002,548.0
H3,9101,125.05000000000018,240.01000000000022,351.0
H3,9102,102.0,201.0,313.0
H3,9103,85.0,141.0,222.0
H3,9104,166.0,318.0100000000002,454.0
H3,9105,91.0,156.0,305.0
H3,9106,102.0,188.02000000000044,281.0
H3,9107,88.0,164.04000000000087,284.0
H3,9108,103.0,205.02000000000044,343.0
