scheme,seed,receiver_acceptance_probability,correct_delivery_probability,undetected_error_probability,terminal_failure_probability,mean_latency,median_latency,p95_latency,p99_latency,max_latency,phy_attempts_per_packet,harq_episodes_per_packet,rlc_retransmissions_per_packet,rescue_admission_rate,rv2_nack_rate,rv3_nack_rate,conditional_admission_rate,first_scheduled_success_probability,scheduled_attempts_per_rescued_packet,trigger_to_tx_delay,cb_attempts_per_slot,scheduled_attempts_per_slot,scheduled_attempts_per_packet,scheduled_prb_slots,cb_prb_slots,total_occupied_prb_slots,mean_queue,median_queue,p95_queue,max_queue,mean_wait,p95_wait,fraction_at_cap2,mean_residual_cb_prbs,runtime_seconds,peak_rss_kib
B,9101,1.0,0.9996,0.0004,0.0,41.324929971988794,7.0,188.0,234.01999999999998,352.0,3.7048,1.3096,0.3096,0.0,0.7688,0.5208,0.0,0.5064599483204134,1.554263565891473,0.0,10.949728260869565,1.6345108695652173,0.4812,1203,1899,3611,107.4211956521739,128.0,220.5,254,65.67996674979219,113.0,0.8206521739130435,4.302989130434782,330.79980043299656,905464
B,9102,1.0,0.9996,0.0004,0.0,21.558623449379752,5.0,124.0,150.01999999999998,230.0,3.366,1.2392,0.2392,0.0,0.6716,0.4284,0.0,0.5016722408026756,1.5668896321070234,0.0,11.194610778443113,1.402694610778443,0.3748,937,1978,3433,55.956586826347305,38.0,140.0,157,39.732123799359655,74.0,0.7275449101796407,4.458083832335329,318.1282316279976,896732
B,9103,1.0,1.0,0.0,0.0,31.2544,7.0,160.05000000000018,187.0,243.0,3.6284,1.2924,0.2924,0.0,0.7364,0.508,0.0,0.4746922024623803,1.585499316005472,0.0,10.988888888888889,1.6097222222222223,0.4636,1159,1891,3582,80.38333333333334,81.0,197.04999999999995,216,49.90422778257118,101.0,0.8138888888888889,4.343055555555556,329.7559441339981,897460
B,9104,1.0,1.0,0.0,0.0,57.488,7.0,239.05000000000018,316.0500000000011,427.0,3.6856,1.3024,0.3024,0.0,0.7656,0.5236,0.0,0.5264550264550265,1.5304232804232805,0.0,11.159279778393351,1.6024930747922437,0.4628,1157,1876,3621,162.48614958448752,183.0,247.0,252,96.80034572169404,124.0,0.945983379501385,4.095567867036011,348.8325462040011,908092
B,9105,1.0,1.0,0.0,0.0,32.8884,7.0,157.0,191.01000000000022,290.0,3.6704,1.2972,0.2972,0.0,0.7508,0.5276,0.0,0.5289367429340511,1.5289367429340512,0.0,11.601731601731602,1.6392496392496392,0.4544,1136,1861,3573,90.7027417027417,92,180.0,195,53.50704225352113,90.0,0.9466089466089466,4.095238095238095,346.1622812459973,906436
B,9106,1.0,1.0,0.0,0.0,36.0404,7.0,162.05000000000018,207.01000000000022,320.0,3.6868,1.3044,0.3044,0.0,0.7652,0.5264,0.0,0.5295663600525624,1.519053876478318,0.0,11.581896551724139,1.660919540229885,0.4624,1156,1857,3585,100.44396551724138,121.5,189.25,197,59.871107266435985,95.0,0.9339080459770115,4.114942528735632,307.1743955409984,906124
B,9107,1.0,1.0,0.0,0.0,35.7664,7.0,160.0,201.0500000000011,319.0,3.6884,1.3036,0.3036,0.0,0.7636,0.5308,0.0,0.5177865612648221,1.5507246376811594,0.0,11.23463687150838,1.643854748603352,0.4708,1177,1861,3629,97.31983240223464,109.0,190.0,211,58.16057774001699,98.20000000000005,0.9287709497206704,4.128491620111732,340.9137031160062,907584
B,9108,1.0,1.0,0.0,0.0,40.1496,7.0,164.0,221.01000000000022,317.0,3.6768,1.2832,0.2832,0.0,0.7792,0.528,0.0,0.5169491525423728,1.5240112994350283,0.0,11.913362701908957,1.5844346549192365,0.4316,1079,1895,3586,118.37444933920705,140,168,176,70.22798887859129,84.0,0.9720998531571219,4.046989720998532,351.0745985429967,895228
H2,9101,1.0,1.0,0.0,0.0,93.8564,58.5,294.0,393.0100000000002,586.0,2.3788,1.0012,0.0012,0.4844,0.4844,0.0,1.0,0.8670520231213873,1.1370767960363337,143.05780346820808,5.519323671497585,1.6630434782608696,0.5508,1377,1793,3788,245.48067632850243,264.0,452.65,485,143.75671750181553,228.0,0.9915458937198067,4.015700483091788,231.47043817899976,872980
H2,9102,1.0,1.0,0.0,0.0,92.9352,65.0,294.10000000000036,393.0100000000002,517.0,2.3624,1.002,0.002,0.474,0.474,0.0,1.0,0.8675105485232067,1.139240506329114,146.73502109704643,5.469387755102041,1.6206482593037215,0.54,1350,1805,3779,250.57983193277312,243,457.0,480,146.81851851851852,233.0,0.9915966386554622,4.0156062424969985,245.4948618349954,877324
H2,9103,1.0,1.0,0.0,0.0,79.304,38.0,269.0500000000002,351.0100000000002,532.0,2.3588,1.0024,0.0024,0.4736,0.4736,0.0,1.0,0.8606418918918919,1.146114864864865,123.50844594594595,5.536585365853658,1.6548780487804877,0.5428,1357,1797,3784,209.71219512195123,214.5,412.0999999999999,434,123.11643330876934,208.0,0.9902439024390244,4.017073170731707,243.73998139899777,872124
H2,9104,1.0,1.0,0.0,0.0,109.2724,90.0,339.0,435.0,699.0,2.3436,1.0016,0.0016,0.4672,0.4672,0.0,1.0,0.884417808219178,1.1215753424657535,171.35787671232876,5.520631067961165,1.5898058252427185,0.524,1310,1839,3781,288.25728155339806,310.0,471.0,486,171.10076335877864,236.0,0.9890776699029126,4.016990291262136,247.3991368679999,872028
H2,9105,1.0,1.0,0.0,0.0,88.3276,62.0,272.0500000000002,395.0100000000002,543.0,2.3712,1.002,0.002,0.4784,0.4784,0.0,1.0,0.8787625418060201,1.1270903010033444,139.23996655518394,5.558252427184466,1.6359223300970873,0.5392,1348,1796,3757,236.2148058252427,243.5,446.0,471,138.44510385756678,224.0,0.9854368932038835,4.024271844660194,228.63732935200096,873540
H2,9106,1.0,1.0,0.0,0.0,90.3868,62.0,282.10000000000036,397.02000000000044,530.0,2.3632,1.0024,0.0024,0.4796,0.4796,0.0,1.0,0.8807339449541285,1.1276063386155128,141.0909090909091,5.5157384987893465,1.6368038740920097,0.5408,1352,1811,3786,238.0314769975787,241.0,457.0,467,140.8284023668639,230.0,0.9818401937046005,4.0290556900726395,228.24206530499941,873024
H2,9107,1.0,1.0,0.0,0.0,82.2576,51.0,273.0,364.0,560.0,2.3496,1.0024,0.0024,0.4716,0.4716,0.0,1.0,0.8634435962680237,1.1441899915182359,129.29431721798133,5.531784841075795,1.6491442542787287,0.5396,1349,1795,3764,221.5232273838631,236.0,410.29999999999995,446,130.0919199406968,208.0,0.9853300733496333,4.0244498777506115,221.4760693460048,876484
H2,9108,1.0,1.0,0.0,0.0,97.518,76.5,300.0,397.0100000000002,548.0,2.3684,1.0024,0.0024,0.4768,0.4768,0.0,1.0,0.875,1.1308724832214765,152.53691275167785,5.536319612590799,1.631961259079903,0.5392,1348,1837,3798,258.05690072639226,279.0,448.75,468,151.77818991097922,227.0,0.9891041162227603,4.020581113801453,212.12520838799537,870472
H3,9101,1.0,1.0,0.0,0.0,37.46,5.0,125.05000000000018,240.01000000000022,351.0,3.0756,1.0468,0.0468,0.4,0.6844,0.4,1.0,0.883,1.182,64.595,9.26923076923077,1.6837606837606838,0.4728,1182,1803,3559,109.35612535612536,127.5,207.95000000000005,249,63.87901861252115,108.0,0.9829059829059829,4.028490028490029,291.9847820790019,891644
H3,9102,1.0,1.0,0.0,0.0,32.7508,5.0,102.0,201.0,313.0,3.0116,1.032,0.032,0.3884,0.6712,0.3884,1.0,0.917610710607621,1.125643666323378,60.225540679711635,9.492625368731563,1.612094395280236,0.4372,1093,1817,3504,102.25811209439529,84.5,191.0,206,59.78956999085087,96.0,0.9823008849557522,4.032448377581121,280.28944993500045,893296
H3,9103,1.0,1.0,0.0,0.0,23.7064,5.0,85.0,141.0,222.0,2.9788,1.0332,0.0332,0.3776,0.6512,0.3776,1.0,0.9120762711864406,1.138771186440678,41.86228813559322,9.553223388305847,1.6116941529235382,0.43,1075,1815,3449,66.86656671664169,75,156.4000000000001,180,41.2493023255814,81.0,0.8785607196401799,4.193403298350825,276.3660466799993,887072
H3,9104,1.0,1.0,0.0,0.0,54.0924,5.0,166.0,318.0100000000002,454.0,3.0044,1.0368,0.0368,0.3808,0.6616,0.3808,1.0,0.9033613445378151,1.1512605042016806,101.21218487394958,9.270231213872833,1.583815028901734,0.4384,1096,1822,3506,168.97543352601156,192.0,251.0,265,100.46350364963503,126.0,0.9682080924855492,4.050578034682081,283.9509758830027,888828
H3,9105,1.0,1.0,0.0,0.0,27.27,5.0,91.0,156.0,305.0,2.9916,1.0328,0.0328,0.384,0.6556,0.384,1.0,0.9145833333333333,1.1302083333333333,49.364583333333336,9.615037593984962,1.631578947368421,0.434,1085,1808,3465,83.30225563909775,83,168.0,184,48.92995391705069,85.0,0.9609022556390977,4.07218045112782,277.9754762390003,891096
H3,9106,1.0,1.0,0.0,0.0,31.984,5.0,102.0,188.02000000000044,281.0,3.0196,1.0352,0.0352,0.3872,0.6728,0.3872,1.0,0.9090909090909091,1.1456611570247934,57.513429752066116,9.611940298507463,1.655223880597015,0.4436,1109,1822,3497,95.86567164179104,110.0,188.0,194,57.22813345356177,94.59999999999991,0.9462686567164179,4.088059701492537,279.83618095600104,890308
H3,9107,1.0,1.0,0.0,0.0,27.3824,5.0,88.0,164.04000000000087,284.0,2.9968,1.0368,0.0368,0.3864,0.6616,0.3864,1.0,0.9047619047619048,1.1480331262939958,47.82919254658385,9.512667660208644,1.652757078986587,0.4436,1109,1827,3504,80.94336810730253,87,156.5,176,47.69431920649234,81.0,0.9433681073025335,4.092399403874814,280.2259162890041,886444
H3,9108,1.0,1.0,0.0,0.0,37.5972,5.0,103.0,205.02000000000044,343.0,3.0112,1.0304,0.0304,0.3852,0.674,0.3852,1.0,0.9210799584631361,1.12668743509865,70.36967808930426,9.659670164917541,1.6266866566716642,0.434,1085,1856,3516,117.96701649175412,129,190.0,199,69.80276497695853,95.79999999999995,0.9835082458770614,4.026986506746627,283.64870108800096,881784
