scheme,seed,receiver_acceptance_probability,correct_delivery_probability,undetected_error_probability,terminal_failure_probability,mean_latency,median_latency,p95_latency,p99_latency,max_latency,phy_attempts_per_packet,harq_episodes_per_packet,scheduled_attempts_per_packet,scheduled_attempts_per_rescued_packet,first_scheduled_success_probability,fraction_entering_early_rescue,fraction_completing_scheduled_rv3,fraction_requiring_scheduled_rv1,mean_llr_observation_count,mean_rescue_trigger_to_tx_delay,final_harq_failures_per_packet,rlc_retransmissions_per_packet,fraction_reaching_rlc_6,scheduled_attempts,scheduled_prb_slots,total_occupied_prb_slots,mean_scheduled_queue_length,mean_scheduled_wait,p95_scheduled_wait,fraction_at_cap2,mean_residual_cb_prbs,runtime_seconds,peak_rss_kib
B,9101,1.0,0.9996,0.0004,0.0,41.324929971988794,7.0,188.0,234.01999999999998,352.0,3.7048,1.3096,0.4812,1.554263565891473,0.5064599483204134,0.0,0.0188,0.0,0.0,0.0,0.3096,0.3096,0.0,1203,1203,3611,107.4211956521739,65.67996674979219,113.0,0.8206521739130435,4.302989130434782,330.79980043299656,905464
B,9102,1.0,0.9996,0.0004,0.0,21.558623449379752,5.0,124.0,150.01999999999998,230.0,3.366,1.2392,0.3748,1.5668896321070234,0.5016722408026756,0.0,0.014,0.0012,0.0,0.0,0.2392,0.2392,0.0,937,937,3433,55.956586826347305,39.732123799359655,74.0,0.7275449101796407,4.458083832335329,318.1282316279976,896732
B,9103,1.0,1.0,0.0,0.0,31.2544,7.0,160.05000000000018,187.0,243.0,3.6284,1.2924,0.4636,1.585499316005472,0.4746922024623803,0.0,0.016,0.0008,0.0,0.0,0.2924,0.2924,0.0,1159,1159,3582,80.38333333333334,49.90422778257118,101.0,0.8138888888888889,4.343055555555556,329.7559441339981,897460
B,9104,1.0,1.0,0.0,0.0,57.488,7.0,239.05000000000018,316.0500000000011,427.0,3.6856,1.3024,0.4628,1.5304232804232805,0.5264550264550265,0.0,0.0156,0.0008,0.0,0.0,0.3024,0.3024,0.0,1157,1157,3621,162.48614958448752,96.80034572169404,124.0,0.945983379501385,4.095567867036011,348.8325462040011,908092
B,9105,1.0,1.0,0.0,0.0,32.8884,7.0,157.0,191.01000000000022,290.0,3.6704,1.2972,0.4544,1.5289367429340512,0.5289367429340511,0.0,0.014,0.0016,0.0,0.0,0.2972,0.2972,0.0,1136,1136,3573,90.7027417027417,53.50704225352113,90.0,0.9466089466089466,4.095238095238095,346.1622812459973,906436
B,9106,1.0,1.0,0.0,0.0,36.0404,7.0,162.05000000000018,207.01000000000022,320.0,3.6868,1.3044,0.4624,1.519053876478318,0.5295663600525624,0.0,0.014,0.0004,0.0,0.0,0.3044,0.3044,0.0,1156,1156,3585,100.44396551724138,59.871107266435985,95.0,0.9339080459770115,4.114942528735632,307.1743955409984,906124
B,9107,1.0,1.0,0.0,0.0,35.7664,7.0,160.0,201.0500000000011,319.0,3.6884,1.3036,0.4708,1.5507246376811594,0.5177865612648221,0.0,0.0184,0.0012,0.0,0.0,0.3036,0.3036,0.0,1177,1177,3629,97.31983240223464,58.16057774001699,98.20000000000005,0.9287709497206704,4.128491620111732,340.9137031160062,907584
B,9108,1.0,1.0,0.0,0.0,40.1496,7.0,164.0,221.01000000000022,317.0,3.6768,1.2832,0.4316,1.5240112994350283,0.5169491525423728,0.0,0.01,0.0008,0.0,0.0,0.2832,0.2832,0.0,1079,1079,3586,118.37444933920705,70.22798887859129,84.0,0.9720998531571219,4.046989720998532,351.0745985429967,895228
H,9101,1.0,1.0,0.0,0.0,93.8564,58.5,294.0,393.0100000000002,586.0,2.3788,1.0012,0.5508,1.1370767960363337,0.8670520231213873,0.4844,0.42,0.0644,3.111111111111111,143.05780346820808,0.0012,0.0012,0.0,1377,1377,3788,245.48067632850243,143.75671750181553,228.0,0.9915458937198067,4.015700483091788,231.47043817899976,872980
H,9102,1.0,1.0,0.0,0.0,92.9352,65.0,294.10000000000036,393.0100000000002,517.0,2.3624,1.002,0.54,1.139240506329114,0.8675105485232067,0.474,0.4112,0.0628,3.1066666666666665,146.73502109704643,0.002,0.002,0.0,1350,1350,3779,250.57983193277312,146.81851851851852,233.0,0.9915966386554622,4.0156062424969985,245.4948618349954,877324
H,9103,1.0,1.0,0.0,0.0,79.304,38.0,269.0500000000002,351.0100000000002,532.0,2.3588,1.0024,0.5428,1.146114864864865,0.8606418918918919,0.4736,0.4076,0.066,3.1112748710390568,123.50844594594595,0.0024,0.0024,0.0,1357,1357,3784,209.71219512195123,123.11643330876934,208.0,0.9902439024390244,4.017073170731707,243.73998139899777,872124
H,9104,1.0,1.0,0.0,0.0,109.2724,90.0,339.0,435.0,699.0,2.3436,1.0016,0.524,1.1215753424657535,0.884417808219178,0.4672,0.4132,0.054,3.094656488549618,171.35787671232876,0.0016,0.0016,0.0,1310,1310,3781,288.25728155339806,171.10076335877864,236.0,0.9890776699029126,4.016990291262136,247.3991368679999,872028
H,9105,1.0,1.0,0.0,0.0,88.3276,62.0,272.0500000000002,395.0100000000002,543.0,2.3712,1.002,0.5392,1.1270903010033444,0.8787625418060201,0.4784,0.4204,0.058,3.0986646884273,139.23996655518394,0.002,0.002,0.0,1348,1348,3757,236.2148058252427,138.44510385756678,224.0,0.9854368932038835,4.024271844660194,228.63732935200096,873540
H,9106,1.0,1.0,0.0,0.0,90.3868,62.0,282.10000000000036,397.02000000000044,530.0,2.3632,1.0024,0.5408,1.1276063386155128,0.8807339449541285,0.4796,0.4224,0.0572,3.0939349112426036,141.0909090909091,0.0024,0.0024,0.0,1352,1352,3786,238.0314769975787,140.8284023668639,230.0,0.9818401937046005,4.0290556900726395,228.24206530499941,873024
H,9107,1.0,1.0,0.0,0.0,82.2576,51.0,273.0,364.0,560.0,2.3496,1.0024,0.5396,1.1441899915182359,0.8634435962680237,0.4716,0.4076,0.0644,3.1089696071163826,129.29431721798133,0.0024,0.0024,0.0,1349,1349,3764,221.5232273838631,130.0919199406968,208.0,0.9853300733496333,4.0244498777506115,221.4760693460048,876484
H,9108,1.0,1.0,0.0,0.0,97.518,76.5,300.0,397.0100000000002,548.0,2.3684,1.0024,0.5392,1.1308724832214765,0.875,0.4768,0.4172,0.0596,3.1008902077151337,152.53691275167785,0.0024,0.0024,0.0,1348,1348,3798,258.05690072639226,151.77818991097922,227.0,0.9891041162227603,4.020581113801453,212.12520838799537,870472
F,9101,1.0,1.0,0.0,0.0,189.2036,110.0,559.0500000000002,708.0200000000004,867.0,2.5088,1.4528,0.702,1.5503533568904593,0.5097173144876325,0.4528,0.0224,0.0024,1.3971509971509972,204.12809187279152,0.0,0.0,0.0,1755,1755,4410,362.0321665089877,210.84216524216524,328.0,0.9924314096499527,4.013245033112582,236.92790128000343,871896
F,9102,1.0,1.0,0.0,0.0,180.968,100.0,546.0,694.0,857.0,2.4716,1.4252,0.6628,1.5587958607714016,0.49482596425211667,0.4252,0.022,0.0004,1.3934821967410984,209.64816556914394,0.0,0.0,0.0,1657,1657,4348,364.6,215.95111647555825,325.0,0.9913875598086125,4.016267942583732,237.20040927999798,870588
F,9103,1.0,1.0,0.0,0.0,173.0476,84.0,527.0500000000002,670.0100000000002,881.0,2.492,1.4376,0.692,1.5813528336380256,0.48811700182815354,0.4376,0.0272,0.0016,1.413872832369942,189.07678244972578,0.0,0.0,0.0,1730,1730,4393,333.39791073124405,195.33988439306358,308.0,0.99335232668566,4.01329534662868,240.4202309350003,872636
F,9104,1.0,0.9996,0.0004,0.0,209.03681472589037,141.0,600.0,749.0,852.0,2.4536,1.4304,0.6644,1.5436802973977695,0.5120817843866171,0.4304,0.0224,0.0008,1.3895243829018664,235.3410780669145,0.0,0.0,0.0,1661,1661,4393,406.6505681818182,240.70138470800723,345,0.990530303030303,4.016098484848484,236.23994787400443,871648
F,9105,1.0,1.0,0.0,0.0,175.8944,91.5,541.0,678.0100000000002,892.0,2.4748,1.4296,0.6756,1.5726256983240223,0.4888268156424581,0.4296,0.0224,0.002,1.4061574896388396,202.3482309124767,0.0,0.0,0.0,1689,1689,4345,353.95781399808243,207.5352279455299,314.0,0.9913710450623202,4.015340364333653,232.15892642900144,871588
F,9106,1.0,1.0,0.0,0.0,172.9724,95.5,537.0,675.0100000000002,756.0,2.466,1.4328,0.6676,1.5425138632162663,0.5083179297597042,0.4328,0.0196,0.0012,1.3864589574595567,199.16358595194086,0.0,0.0,0.0,1669,1669,4339,345.93901258470476,204.3409227082085,319.0,0.9883833494675702,4.0203291384317525,234.06867992099433,871836
F,9107,1.0,1.0,0.0,0.0,168.1008,97.0,524.0500000000002,662.0100000000002,788.0,2.464,1.4344,0.6704,1.5432780847145489,0.5165745856353591,0.4344,0.0236,0.0012,1.392601431980907,193.98526703499078,0.0,0.0,0.0,1676,1676,4311,340.91497584541065,200.54773269689738,306.0,0.9932367149758454,4.01352657004831,234.1289278119948,871496
F,9108,1.0,1.0,0.0,0.0,202.4072,127.5,578.0,737.0100000000002,939.0,2.4952,1.442,0.6956,1.5737556561085972,0.49049773755656106,0.442,0.026,0.0012,1.4071305347901093,223.0660633484163,0.0,0.0,0.0,1739,1739,4453,389.75763182238666,227.97297297297297,337.0,0.9944495837187789,4.010175763182239,241.890474187996,871492
