seed,policy,packets_checked,attempts_checked,harq_episodes_checked,slots_checked,reinjection_decisions_checked,invariant_violations
9101,reference,2500,7589,2808,560,0,0
9102,reference,2500,19555,5670,599,0,0
9103,reference,2500,32580,8688,611,0,0
9104,reference,2500,62150,15615,595,0,0
9105,reference,2500,14176,4338,602,0,0
9106,reference,2500,7829,2851,565,0,0
9107,reference,2500,21315,6057,615,0,0
9108,reference,2500,36083,9492,606,0,0
9101,backoff,2500,7301,2745,559,269,0
9102,backoff,2500,6960,2719,556,246,0
9103,backoff,2500,7094,2727,570,241,0
9104,backoff,2500,67554,16922,606,14579,0
9105,backoff,2500,7125,2719,561,254,0
9106,backoff,2500,6899,2678,567,203,0
9107,backoff,2500,6824,2692,571,227,0
9108,backoff,2500,7208,2734,561,299,0
