packet_latency_bound_slots,Reference Fast-CB,Backoff Fast-CB
0,0.0,0.0
1,0.09784999999999999,0.13625
2,0.0981,0.13655
3,0.31074999999999997,0.4223
4,0.31124999999999997,0.42285
5,0.50235,0.66735
6,0.5032,0.66825
7,0.62315,0.80795
8,0.62385,0.80855
9,0.6308,0.81085
10,0.63135,0.8142
11,0.6479,0.82255
12,0.64825,0.83015
13,0.66885,0.8398
14,0.66915,0.8513999999999999
15,0.68765,0.85925
16,0.68815,0.86615
17,0.6895,0.8694000000000001
18,0.68985,0.872
19,0.6926,0.8724999999999999
20,0.693,0.8731
21,0.69755,0.8735999999999999
22,0.69775,0.8745
23,0.70275,0.87525
24,0.70305,0.87595
25,0.7035,0.87675
26,0.704,0.87755
27,0.70465,0.878
28,0.7049,0.87825
29,0.70645,0.87835
30,0.7067,0.87845
31,0.7085,0.8785499999999999
32,0.7088,0.8787
33,0.7092,0.8789
34,0.70945,0.879
35,0.7099,0.8791
36,0.7101999999999999,0.8792
37,0.71135,0.87925
38,0.7118,0.87935
39,0.7128,0.8794000000000001
40,0.71305,0.8794000000000001
41,0.7136,0.8794500000000001
42,0.71385,0.87955
43,0.7147,0.87955
44,0.71505,0.8796
45,0.7161500000000001,0.8796
46,0.71655,0.8796
47,0.71965,0.8797
48,0.72015,0.87975
49,0.72065,0.8798
50,0.72105,0.8798
51,0.72265,0.87995
52,0.7233,0.88005
53,0.7264,0.8801
54,0.7267,0.88015
55,0.73015,0.8802
56,0.7305,0.8803
57,0.7309,0.8804
58,0.73105,0.8805000000000001
59,0.7313000000000001,0.8806
60,0.73145,0.8809
61,0.73145,0.88125
62,0.7316,0.8814
63,0.73165,0.88185
64,0.7318,0.8822
65,0.7318,0.8824
66,0.7318,0.88275
67,0.7318,0.88295
68,0.73185,0.883
69,0.73195,0.8832
70,0.732,0.8832
71,0.732,0.8832
72,0.732,0.8832
73,0.732,0.8832
74,0.73205,0.8832
75,0.73205,0.8832
76,0.7321,0.8832
77,0.7321,0.8832
78,0.7321,0.88325
79,0.73215,0.88325
80,0.73215,0.88325
81,0.73215,0.8833
82,0.73215,0.8833
83,0.7322,0.8833
84,0.7322,0.8833
85,0.7322500000000001,0.8833
86,0.7322500000000001,0.8833
87,0.7322500000000001,0.8833
88,0.7322500000000001,0.88335
89,0.7322500000000001,0.88335
90,0.7322500000000001,0.88335
91,0.7323000000000001,0.88335
92,0.7323000000000001,0.8834
93,0.7323000000000001,0.88345
94,0.7323000000000001,0.88345
95,0.7323000000000001,0.88345
96,0.7323000000000001,0.88345
97,0.7323500000000001,0.88345
98,0.7323500000000001,0.88345
99,0.7323500000000001,0.88345
100,0.7324,0.8835000000000001
101,0.7324,0.8835000000000001
102,0.73245,0.8835000000000001
103,0.73245,0.8835000000000001
104,0.73245,0.8835000000000001
105,0.73245,0.8835000000000001
106,0.73245,0.8835000000000001
107,0.73245,0.8835000000000001
108,0.73245,0.8835500000000001
109,0.73245,0.8835500000000001
110,0.73245,0.8835500000000001
111,0.73245,0.8835500000000001
112,0.73245,0.8836
113,0.73245,0.8836
114,0.73245,0.88365
115,0.73245,0.88365
116,0.73245,0.88365
117,0.73245,0.88365
118,0.73245,0.88365
119,0.73245,0.8837
120,0.73245,0.8837
121,0.73245,0.8837
122,0.73245,0.8837
123,0.73245,0.8837
124,0.73245,0.8837
125,0.73245,0.8837
126,0.73245,0.8837
127,0.73245,0.8837
128,0.73245,0.88375
129,0.73245,0.88375
130,0.73245,0.88375
131,0.73245,0.88375
132,0.73245,0.8838
133,0.73245,0.8838
134,0.73245,0.8838
135,0.73245,0.8838
136,0.73245,0.8838
137,0.73245,0.8838
138,0.73245,0.8838
139,0.73245,0.8838
140,0.73245,0.8838
141,0.73245,0.8838
142,0.73245,0.8838
143,0.73245,0.8838
144,0.73245,0.8838
145,0.73245,0.8838
146,0.73245,0.8838
147,0.73245,0.8838
148,0.73245,0.8838
149,0.73245,0.8838
150,0.7325,0.8838
151,0.7325,0.8838
152,0.7325,0.8838
153,0.7325,0.8838
154,0.7325,0.8838
155,0.7325,0.8838
156,0.7325,0.8838
157,0.7325,0.8838
158,0.7325,0.8838
159,0.7325,0.8838
160,0.7325,0.8838
161,0.7325,0.8838
162,0.7325,0.8838
163,0.7325,0.88385
164,0.7325,0.8839
