metric,seed,reference,backoff,backoff_minus_reference
packet_delivery_probability,9101,0.9996,0.9996,0.0
packet_delivery_probability,9102,0.8128,1.0,0.18720000000000003
packet_delivery_probability,9103,0.618,1.0,0.382
packet_delivery_probability,9104,0.1624,0.072,-0.0904
packet_delivery_probability,9105,0.912,1.0,0.08799999999999997
packet_delivery_probability,9106,0.9996,0.9996,0.0
packet_delivery_probability,9107,0.7984,1.0,0.2016
packet_delivery_probability,9108,0.5572,1.0,0.44279999999999997
terminal_failure_probability,9101,0.0,0.0,0.0
terminal_failure_probability,9102,0.1872,0.0,-0.1872
terminal_failure_probability,9103,0.3812,0.0,-0.3812
terminal_failure_probability,9104,0.8372,0.928,0.09079999999999999
terminal_failure_probability,9105,0.088,0.0,-0.088
terminal_failure_probability,9106,0.0,0.0,0.0
terminal_failure_probability,9107,0.2016,0.0,-0.2016
terminal_failure_probability,9108,0.4424,0.0,-0.4424
undetected_error_probability,9101,0.0004,0.0004,0.0
undetected_error_probability,9102,0.0,0.0,0.0
undetected_error_probability,9103,0.0008,0.0,-0.0008
undetected_error_probability,9104,0.0004,0.0,-0.0004
undetected_error_probability,9105,0.0,0.0,0.0
undetected_error_probability,9106,0.0004,0.0004,0.0
undetected_error_probability,9107,0.0,0.0,0.0
undetected_error_probability,9108,0.0004,0.0,-0.0004
rlc_retransmissions_per_exogenous_packet,9101,0.1232,0.098,-0.0252
rlc_retransmissions_per_exogenous_packet,9102,1.268,0.0876,-1.1804000000000001
rlc_retransmissions_per_exogenous_packet,9103,2.4752,0.0908,-2.3844
rlc_retransmissions_per_exogenous_packet,9104,5.246,5.7688,0.5227999999999993
rlc_retransmissions_per_exogenous_packet,9105,0.7352,0.0876,-0.6476
rlc_retransmissions_per_exogenous_packet,9106,0.1404,0.0712,-0.0692
rlc_retransmissions_per_exogenous_packet,9107,1.4228,0.0768,-1.346
rlc_retransmissions_per_exogenous_packet,9108,2.7968,0.0936,-2.7032000000000003
cb_attempts_per_exogenous_packet,9101,3.0356,2.9204,-0.11520000000000019
cb_attempts_per_exogenous_packet,9102,7.822,2.784,-5.038
cb_attempts_per_exogenous_packet,9103,13.032,2.8376,-10.1944
cb_attempts_per_exogenous_packet,9104,24.86,27.0216,2.1616
cb_attempts_per_exogenous_packet,9105,5.6704,2.85,-2.8204
cb_attempts_per_exogenous_packet,9106,3.1316,2.7596,-0.37200000000000033
cb_attempts_per_exogenous_packet,9107,8.526,2.7296,-5.7964
cb_attempts_per_exogenous_packet,9108,14.4332,2.8832,-11.549999999999999
cb_measured_attempts_per_recorded_slot,9101,13.551785714285714,13.0608228980322,-0.49096281625351423
cb_measured_attempts_per_recorded_slot,9102,32.646076794657766,12.517985611510792,-20.128091183146974
cb_measured_attempts_per_recorded_slot,9103,53.32242225859247,12.445614035087718,-40.87680822350475
cb_measured_attempts_per_recorded_slot,9104,104.45378151260505,111.47524752475248,7.021466012147428
cb_measured_attempts_per_recorded_slot,9105,23.548172757475083,12.70053475935829,-10.847637998116793
cb_measured_attempts_per_recorded_slot,9106,13.856637168141592,12.167548500881834,-1.6890886672597585
cb_measured_attempts_per_recorded_slot,9107,34.65853658536585,11.950963222416812,-22.70757336294904
cb_measured_attempts_per_recorded_slot,9108,59.54290429042904,12.848484848484848,-46.69441944194419
cb_all_attempts_per_injection_slot,9101,16.003649635036496,15.456204379562044,-0.547445255474452
cb_all_attempts_per_injection_slot,9102,34.742753623188406,14.98731884057971,-19.755434782608695
cb_all_attempts_per_injection_slot,9103,56.613190730837786,14.754010695187166,-41.859180035650624
cb_all_attempts_per_injection_slot,9104,111.69741697416974,119.35424354243543,7.656826568265686
cb_all_attempts_per_injection_slot,9105,23.976363636363637,15.325454545454546,-8.65090909090909
cb_all_attempts_per_injection_slot,9106,16.387096774193548,14.636200716845877,-1.7508960573476706
cb_all_attempts_per_injection_slot,9107,36.566071428571426,14.448214285714286,-22.11785714285714
cb_all_attempts_per_injection_slot,9108,64.40794223826715,15.756317689530686,-48.651624548736464
cb_injection_slot_attempt_p95,9101,25.0,25.0,0.0
cb_injection_slot_attempt_p95,9102,149.45000000000005,25.0,-124.45000000000005
cb_injection_slot_attempt_p95,9103,159,24,-135.0
cb_injection_slot_attempt_p95,9104,167.0,167.0,0.0
cb_injection_slot_attempt_p95,9105,83.09999999999991,24.0,-59.09999999999991
cb_injection_slot_attempt_p95,9106,29.0,22.0,-7.0
cb_injection_slot_attempt_p95,9107,150.0,23.0,-127.0
cb_injection_slot_attempt_p95,9108,150.0,26.0,-124.0
cb_injection_slot_attempt_variance,9101,31.576629015930525,23.558300921732645,-8.01832809419788
cb_injection_slot_attempt_variance,9102,2002.4483170552405,28.903824695442133,-1973.5444923597984
cb_injection_slot_attempt_variance,9103,3665.5277404431226,27.16587072359328,-3638.3618697195293
cb_injection_slot_attempt_variance,9104,3236.8198826268704,2702.287795645484,-534.5320869813863
cb_injection_slot_attempt_variance,9105,775.4048958677686,24.03044297520661,-751.374452892562
cb_injection_slot_attempt_variance,9106,44.09388368597526,22.38557122852995,-21.708312457445306
cb_injection_slot_attempt_variance,9107,2124.9884917091836,24.66517538265306,-2100.3233163265304
cb_injection_slot_attempt_variance,9108,3645.418420675364,29.639174888243037,-3615.779245787121
packets_unresolved_at_injection_end,9101,48,45,-3.0
packets_unresolved_at_injection_end,9102,152,13,-139.0
packets_unresolved_at_injection_end,9103,188,27,-161.0
packets_unresolved_at_injection_end,9104,292,341,49.0
packets_unresolved_at_injection_end,9105,178,37,-141.0
packets_unresolved_at_injection_end,9106,18,17,-1.0
packets_unresolved_at_injection_end,9107,186,37,-149.0
packets_unresolved_at_injection_end,9108,165,26,-139.0
drain_slots,9101,12,11,-1.0
drain_slots,9102,47,4,-43.0
drain_slots,9103,50,9,-41.0
drain_slots,9104,53,64,11.0
drain_slots,9105,52,11,-41.0
drain_slots,9106,7,9,2.0
drain_slots,9107,55,11,-44.0
drain_slots,9108,52,7,-45.0
p99_packet_latency_conditioned_on_delivery_slots,9101,19.0,18.0,-1.0
p99_packet_latency_conditioned_on_delivery_slots,9102,53.0,20.0,-33.0
p99_packet_latency_conditioned_on_delivery_slots,9103,55.0,18.0,-37.0
p99_packet_latency_conditioned_on_delivery_slots,9104,84.89999999999998,138.51000000000025,53.61000000000027
p99_packet_latency_conditioned_on_delivery_slots,9105,53.0,17.0,-36.0
p99_packet_latency_conditioned_on_delivery_slots,9106,23.0,16.0,-7.0
p99_packet_latency_conditioned_on_delivery_slots,9107,53.0,17.0,-36.0
p99_packet_latency_conditioned_on_delivery_slots,9108,55.0,18.0,-37.0
cb_overlap_probability,9101,0.9358281723547239,0.9311053280372552,-0.004722844317468722
cb_overlap_probability,9102,0.9749936077729481,0.9158045977011494,-0.059189010071798664
cb_overlap_probability,9103,0.9905156537753222,0.921623907527488,-0.06889174624783423
cb_overlap_probability,9104,0.9995655671761866,0.9997927583858839,0.00022719120969727502
cb_overlap_probability,9105,0.9647996613995485,0.9185964912280702,-0.04620317017147835
cb_overlap_probability,9106,0.9315365947119684,0.9124510798666473,-0.01908551484532106
cb_overlap_probability,9107,0.9781374618813042,0.9065064478311841,-0.07163101405012018
cb_overlap_probability,9108,0.9919075464900369,0.9159267480577137,-0.0759807984323232
