seed,policy,packet_delivery_probability,terminal_failure_probability,undetected_error_probability,rlc_retransmissions_per_exogenous_packet,cb_attempts_per_exogenous_packet,cb_measured_attempts_per_recorded_slot,cb_all_attempts_per_injection_slot,cb_injection_slot_attempt_p95,cb_injection_slot_attempt_variance,packets_unresolved_at_injection_end,drain_slots,p99_packet_latency_conditioned_on_delivery_slots,cb_overlap_probability,injection_horizon_slots,reinjection_decisions_all_packets
9101,Reference Fast-CB,0.9996,0.0,0.0004,0.1232,3.0356,13.551785714285714,16.003649635036496,25.0,31.576629015930525,48,12,19.0,0.9358281723547239,548,
9101,Backoff Fast-CB,0.9996,0.0,0.0004,0.098,2.9204,13.0608228980322,15.456204379562044,25.0,23.558300921732645,45,11,18.0,0.9311053280372552,548,269
9102,Reference Fast-CB,0.8128,0.1872,0.0,1.268,7.822,32.646076794657766,34.742753623188406,149.45000000000005,2002.4483170552405,152,47,53.0,0.9749936077729481,552,
9102,Backoff Fast-CB,1.0,0.0,0.0,0.0876,2.784,12.517985611510792,14.98731884057971,25.0,28.903824695442133,13,4,20.0,0.9158045977011494,552,246
9103,Reference Fast-CB,0.618,0.3812,0.0008,2.4752,13.032,53.32242225859247,56.613190730837786,159,3665.5277404431226,188,50,55.0,0.9905156537753222,561,
9103,Backoff Fast-CB,1.0,0.0,0.0,0.0908,2.8376,12.445614035087718,14.754010695187166,24,27.16587072359328,27,9,18.0,0.921623907527488,561,241
9104,Reference Fast-CB,0.1624,0.8372,0.0004,5.246,24.86,104.45378151260505,111.69741697416974,167.0,3236.8198826268704,292,53,84.89999999999998,0.9995655671761866,542,
9104,Backoff Fast-CB,0.072,0.928,0.0,5.7688,27.0216,111.47524752475248,119.35424354243543,167.0,2702.287795645484,341,64,138.51000000000025,0.9997927583858839,542,14579
9105,Reference Fast-CB,0.912,0.088,0.0,0.7352,5.6704,23.548172757475083,23.976363636363637,83.09999999999991,775.4048958677686,178,52,53.0,0.9647996613995485,550,
9105,Backoff Fast-CB,1.0,0.0,0.0,0.0876,2.85,12.70053475935829,15.325454545454546,24.0,24.03044297520661,37,11,17.0,0.9185964912280702,550,254
9106,Reference Fast-CB,0.9996,0.0,0.0004,0.1404,3.1316,13.856637168141592,16.387096774193548,29.0,44.09388368597526,18,7,23.0,0.9315365947119684,558,
9106,Backoff Fast-CB,0.9996,0.0,0.0004,0.0712,2.7596,12.167548500881834,14.636200716845877,22.0,22.38557122852995,17,9,16.0,0.9124510798666473,558,203
9107,Reference Fast-CB,0.7984,0.2016,0.0,1.4228,8.526,34.65853658536585,36.566071428571426,150.0,2124.9884917091836,186,55,53.0,0.9781374618813042,560,
9107,Backoff Fast-CB,1.0,0.0,0.0,0.0768,2.7296,11.950963222416812,14.448214285714286,23.0,24.66517538265306,37,11,17.0,0.9065064478311841,560,227
9108,Reference Fast-CB,0.5572,0.4424,0.0004,2.7968,14.4332,59.54290429042904,64.40794223826715,150.0,3645.418420675364,165,52,55.0,0.9919075464900369,554,
9108,Backoff Fast-CB,1.0,0.0,0.0,0.0936,2.8832,12.848484848484848,15.756317689530686,26.0,29.639174888243037,26,7,18.0,0.9159267480577137,554,299
