scheme,seed,rescued_packet_count,first_scheduled_success_count,two_plus_scheduled_attempt_packet_count,first_scheduled_success_probability,scheduled_attempts_per_rescued_packet
H3,9101,1000,883,117,0.883,1.182
H3,9102,971,891,80,0.917610710607621,1.125643666323378
H3,9103,944,861,83,0.9120762711864406,1.138771186440678
H3,9104,952,860,92,0.9033613445378151,1.1512605042016806
H3,9105,960,878,82,0.9145833333333333,1.1302083333333333
H3,9106,968,880,88,0.9090909090909091,1.1456611570247934
H3,9107,966,874,92,0.9047619047619048,1.1480331262939958
H3,9108,963,887,76,0.9210799584631361,1.12668743509865
F3,9101,901,456,445,0.5061043285238623,1.5538290788013318
F3,9102,845,426,419,0.5041420118343195,1.5621301775147929
F3,9103,890,458,432,0.5146067415730337,1.5617977528089888
F3,9104,872,409,463,0.4690366972477064,1.6123853211009174
F3,9105,880,426,454,0.48409090909090907,1.5602272727272728
F3,9106,902,468,434,0.5188470066518847,1.542128603104213
F3,9107,902,460,442,0.5099778270509978,1.5676274944567627
F3,9108,870,434,436,0.49885057471264366,1.549425287356322
