scheme,seed,payload_id,max_latency,rlc_retx_count,attempt_history_json
H3,9101,1819,351,1,"[{""slot"": 332, ""rv"": 0, ""access"": ""grant_free"", ""episode"": ""harq-1819-0"", ""ack"": false}, {""slot"": 334, ""rv"": 2, ""access"": ""grant_free"", ""episode"": ""harq-1819-0"", ""ack"": false}, {""slot"": 336, ""rv"": 3, ""access"": ""grant_free"", ""episode"": ""harq-1819-0"", ""ack"": false}, {""slot"": 411, ""rv"": 1, ""access"": ""scheduled_rescue"", ""episode"": ""harq-1819-0"", ""ack"": false}, {""slot"": 491, ""rv"": 0, ""access"": ""scheduled_rescue"", ""episode"": ""harq-1819-1"", ""ack"": false}, {""slot"": 594, ""rv"": 2, ""access"": ""scheduled_rescue"", ""episode"": ""harq-1819-1"", ""ack"": false}, {""slot"": 682, ""rv"": 3, ""access"": ""scheduled_rescue"", ""episode"": ""harq-1819-1"", ""ack"": true}]"
H3,9102,1958,313,1,"[{""slot"": 352, ""rv"": 0, ""access"": ""grant_free"", ""episode"": ""harq-1958-0"", ""ack"": false}, {""slot"": 354, ""rv"": 2, ""access"": ""grant_free"", ""episode"": ""harq-1958-0"", ""ack"": false}, {""slot"": 356, ""rv"": 3, ""access"": ""grant_free"", ""episode"": ""harq-1958-0"", ""ack"": false}, {""slot"": 437, ""rv"": 1, ""access"": ""scheduled_rescue"", ""episode"": ""harq-1958-0"", ""ack"": false}, {""slot"": 523, ""rv"": 0, ""access"": ""scheduled_rescue"", ""episode"": ""harq-1958-1"", ""ack"": false}, {""slot"": 611, ""rv"": 2, ""access"": ""scheduled_rescue"", ""episode"": ""harq-1958-1"", ""ack"": false}, {""slot"": 664, ""rv"": 3, ""access"": ""scheduled_rescue"", ""episode"": ""harq-1958-1"", ""ack"": true}]"
H3,9103,2353,222,1,"[{""slot"": 542, ""rv"": 0, ""access"": ""grant_free"", ""episode"": ""harq-2353-0"", ""ack"": false}, {""slot"": 544, ""rv"": 2, ""access"": ""grant_free"", ""episode"": ""harq-2353-0"", ""ack"": false}, {""slot"": 546, ""rv"": 3, ""access"": ""grant_free"", ""episode"": ""harq-2353-0"", ""ack"": false}, {""slot"": 630, ""rv"": 1, ""access"": ""scheduled_rescue"", ""episode"": ""harq-2353-0"", ""ack"": false}, {""slot"": 660, ""rv"": 0, ""access"": ""scheduled_rescue"", ""episode"": ""harq-2353-1"", ""ack"": false}, {""slot"": 665, ""rv"": 2, ""access"": ""scheduled_rescue"", ""episode"": ""harq-2353-1"", ""ack"": true}]"
H3,9104,511,454,1,"[{""slot"": 85, ""rv"": 0, ""access"": ""grant_free"", ""episode"": ""harq-511-0"", ""ack"": false}, {""slot"": 87, ""rv"": 2, ""access"": ""grant_free"", ""episode"": ""harq-511-0"", ""ack"": false}, {""slot"": 89, ""rv"": 3, ""access"": ""grant_free"", ""episode"": ""harq-511-0"", ""ack"": false}, {""slot"": 139, ""rv"": 1, ""access"": ""scheduled_rescue"", ""episode"": ""harq-511-0"", ""ack"": false}, {""slot"": 217, ""rv"": 0, ""access"": ""scheduled_rescue"", ""episode"": ""harq-511-1"", ""ack"": false}, {""slot"": 304, ""rv"": 2, ""access"": ""scheduled_rescue"", ""episode"": ""harq-511-1"", ""ack"": false}, {""slot"": 414, ""rv"": 3, ""access"": ""scheduled_rescue"", ""episode"": ""harq-511-1"", ""ack"": false}, {""slot"": 538, ""rv"": 1, ""access"": ""scheduled_rescue"", ""episode"": ""harq-511-1"", ""ack"": true}]"
H3,9105,1902,305,1,"[{""slot"": 528, ""rv"": 0, ""access"": ""grant_free"", ""episode"": ""harq-1902-0"", ""ack"": false}, {""slot"": 530, ""rv"": 2, ""access"": ""grant_free"", ""episode"": ""harq-1902-0"", ""ack"": false}, {""slot"": 532, ""rv"": 3, ""access"": ""grant_free"", ""episode"": ""harq-1902-0"", ""ack"": false}, {""slot"": 620, ""rv"": 1, ""access"": ""scheduled_rescue"", ""episode"": ""harq-1902-0"", ""ack"": false}, {""slot"": 653, ""rv"": 0, ""access"": ""scheduled_rescue"", ""episode"": ""harq-1902-1"", ""ack"": true}]"
H3,9106,2097,281,1,"[{""slot"": 387, ""rv"": 0, ""access"": ""grant_free"", ""episode"": ""harq-2097-0"", ""ack"": false}, {""slot"": 389, ""rv"": 2, ""access"": ""grant_free"", ""episode"": ""harq-2097-0"", ""ack"": false}, {""slot"": 391, ""rv"": 3, ""access"": ""grant_free"", ""episode"": ""harq-2097-0"", ""ack"": false}, {""slot"": 468, ""rv"": 1, ""access"": ""scheduled_rescue"", ""episode"": ""harq-2097-0"", ""ack"": false}, {""slot"": 533, ""rv"": 0, ""access"": ""scheduled_rescue"", ""episode"": ""harq-2097-1"", ""ack"": false}, {""slot"": 628, ""rv"": 2, ""access"": ""scheduled_rescue"", ""episode"": ""harq-2097-1"", ""ack"": false}, {""slot"": 662, ""rv"": 3, ""access"": ""scheduled_rescue"", ""episode"": ""harq-2097-1"", ""ack"": false}, {""slot"": 667, ""rv"": 1, ""access"": ""scheduled_rescue"", ""episode"": ""harq-2097-1"", ""ack"": true}]"
H3,9107,1933,284,0,"[{""slot"": 549, ""rv"": 0, ""access"": ""grant_free"", ""episode"": ""harq-1933-0"", ""ack"": false}, {""slot"": 551, ""rv"": 2, ""access"": ""grant_free"", ""episode"": ""harq-1933-0"", ""ack"": false}, {""slot"": 553, ""rv"": 3, ""access"": ""grant_free"", ""episode"": ""harq-1933-0"", ""ack"": false}, {""slot"": 641, ""rv"": 1, ""access"": ""scheduled_rescue"", ""episode"": ""harq-1933-0"", ""ack"": true}]"
H3,9108,1706,343,1,"[{""slot"": 331, ""rv"": 0, ""access"": ""grant_free"", ""episode"": ""harq-1706-0"", ""ack"": false}, {""slot"": 333, ""rv"": 2, ""access"": ""grant_free"", ""episode"": ""harq-1706-0"", ""ack"": false}, {""slot"": 335, ""rv"": 3, ""access"": ""grant_free"", ""episode"": ""harq-1706-0"", ""ack"": false}, {""slot"": 406, ""rv"": 1, ""access"": ""scheduled_rescue"", ""episode"": ""harq-1706-0"", ""ack"": false}, {""slot"": 487, ""rv"": 0, ""access"": ""scheduled_rescue"", ""episode"": ""harq-1706-1"", ""ack"": false}, {""slot"": 577, ""rv"": 2, ""access"": ""scheduled_rescue"", ""episode"": ""harq-1706-1"", ""ack"": false}, {""slot"": 652, ""rv"": 3, ""access"": ""scheduled_rescue"", ""episode"": ""harq-1706-1"", ""ack"": true}]"
F3,9101,1573,554,0,"[{""slot"": 391, ""rv"": 0, ""access"": ""grant_free"", ""episode"": ""harq-1573-0"", ""ack"": false}, {""slot"": 393, ""rv"": 2, ""access"": ""grant_free"", ""episode"": ""harq-1573-0"", ""ack"": false}, {""slot"": 395, ""rv"": 3, ""access"": ""grant_free"", ""episode"": ""harq-1573-0"", ""ack"": false}, {""slot"": 541, ""rv"": 0, ""access"": ""scheduled_rescue"", ""episode"": ""harq-1573-1"", ""ack"": false}, {""slot"": 742, ""rv"": 2, ""access"": ""scheduled_rescue"", ""episode"": ""harq-1573-1"", ""ack"": false}, {""slot"": 837, ""rv"": 3, ""access"": ""scheduled_rescue"", ""episode"": ""harq-1573-1"", ""ack"": true}]"
F3,9102,1502,554,0,"[{""slot"": 276, ""rv"": 0, ""access"": ""grant_free"", ""episode"": ""harq-1502-0"", ""ack"": false}, {""slot"": 278, ""rv"": 2, ""access"": ""grant_free"", ""episode"": ""harq-1502-0"", ""ack"": false}, {""slot"": 280, ""rv"": 3, ""access"": ""grant_free"", ""episode"": ""harq-1502-0"", ""ack"": false}, {""slot"": 394, ""rv"": 0, ""access"": ""scheduled_rescue"", ""episode"": ""harq-1502-1"", ""ack"": false}, {""slot"": 561, ""rv"": 2, ""access"": ""scheduled_rescue"", ""episode"": ""harq-1502-1"", ""ack"": false}, {""slot"": 757, ""rv"": 3, ""access"": ""scheduled_rescue"", ""episode"": ""harq-1502-1"", ""ack"": false}, {""slot"": 829, ""rv"": 1, ""access"": ""scheduled_rescue"", ""episode"": ""harq-1502-1"", ""ack"": true}]"
F3,9103,1454,479,0,"[{""slot"": 277, ""rv"": 0, ""access"": ""grant_free"", ""episode"": ""harq-1454-0"", ""ack"": false}, {""slot"": 279, ""rv"": 2, ""access"": ""grant_free"", ""episode"": ""harq-1454-0"", ""ack"": false}, {""slot"": 281, ""rv"": 3, ""access"": ""grant_free"", ""episode"": ""harq-1454-0"", ""ack"": false}, {""slot"": 364, ""rv"": 0, ""access"": ""scheduled_rescue"", ""episode"": ""harq-1454-1"", ""ack"": false}, {""slot"": 472, ""rv"": 2, ""access"": ""scheduled_rescue"", ""episode"": ""harq-1454-1"", ""ack"": false}, {""slot"": 605, ""rv"": 3, ""access"": ""scheduled_rescue"", ""episode"": ""harq-1454-1"", ""ack"": false}, {""slot"": 755, ""rv"": 1, ""access"": ""scheduled_rescue"", ""episode"": ""harq-1454-1"", ""ack"": true}]"
F3,9104,625,762,0,"[{""slot"": 335, ""rv"": 0, ""access"": ""grant_free"", ""episode"": ""harq-625-0"", ""ack"": false}, {""slot"": 337, ""rv"": 2, ""access"": ""grant_free"", ""episode"": ""harq-625-0"", ""ack"": false}, {""slot"": 339, ""rv"": 3, ""access"": ""grant_free"", ""episode"": ""harq-625-0"", ""ack"": false}, {""slot"": 518, ""rv"": 0, ""access"": ""scheduled_rescue"", ""episode"": ""harq-625-1"", ""ack"": false}, {""slot"": 737, ""rv"": 2, ""access"": ""scheduled_rescue"", ""episode"": ""harq-625-1"", ""ack"": false}, {""slot"": 861, ""rv"": 3, ""access"": ""scheduled_rescue"", ""episode"": ""harq-625-1"", ""ack"": true}]"
F3,9105,1459,515,0,"[{""slot"": 472, ""rv"": 0, ""access"": ""grant_free"", ""episode"": ""harq-1459-0"", ""ack"": false}, {""slot"": 474, ""rv"": 2, ""access"": ""grant_free"", ""episode"": ""harq-1459-0"", ""ack"": false}, {""slot"": 476, ""rv"": 3, ""access"": ""grant_free"", ""episode"": ""harq-1459-0"", ""ack"": false}, {""slot"": 641, ""rv"": 0, ""access"": ""scheduled_rescue"", ""episode"": ""harq-1459-1"", ""ack"": false}, {""slot"": 781, ""rv"": 2, ""access"": ""scheduled_rescue"", ""episode"": ""harq-1459-1"", ""ack"": true}]"
F3,9106,1276,585,0,"[{""slot"": 429, ""rv"": 0, ""access"": ""grant_free"", ""episode"": ""harq-1276-0"", ""ack"": false}, {""slot"": 431, ""rv"": 2, ""access"": ""grant_free"", ""episode"": ""harq-1276-0"", ""ack"": false}, {""slot"": 433, ""rv"": 3, ""access"": ""grant_free"", ""episode"": ""harq-1276-0"", ""ack"": false}, {""slot"": 583, ""rv"": 0, ""access"": ""scheduled_rescue"", ""episode"": ""harq-1276-1"", ""ack"": false}, {""slot"": 756, ""rv"": 2, ""access"": ""scheduled_rescue"", ""episode"": ""harq-1276-1"", ""ack"": false}, {""slot"": 819, ""rv"": 3, ""access"": ""scheduled_rescue"", ""episode"": ""harq-1276-1"", ""ack"": true}]"
F3,9107,1503,549,0,"[{""slot"": 530, ""rv"": 0, ""access"": ""grant_free"", ""episode"": ""harq-1503-0"", ""ack"": false}, {""slot"": 532, ""rv"": 2, ""access"": ""grant_free"", ""episode"": ""harq-1503-0"", ""ack"": false}, {""slot"": 534, ""rv"": 3, ""access"": ""grant_free"", ""episode"": ""harq-1503-0"", ""ack"": false}, {""slot"": 707, ""rv"": 0, ""access"": ""scheduled_rescue"", ""episode"": ""harq-1503-1"", ""ack"": false}, {""slot"": 825, ""rv"": 2, ""access"": ""scheduled_rescue"", ""episode"": ""harq-1503-1"", ""ack"": true}]"
F3,9108,968,580,0,"[{""slot"": 166, ""rv"": 0, ""access"": ""grant_free"", ""episode"": ""harq-968-0"", ""ack"": false}, {""slot"": 168, ""rv"": 2, ""access"": ""grant_free"", ""episode"": ""harq-968-0"", ""ack"": false}, {""slot"": 170, ""rv"": 3, ""access"": ""grant_free"", ""episode"": ""harq-968-0"", ""ack"": false}, {""slot"": 269, ""rv"": 0, ""access"": ""scheduled_rescue"", ""episode"": ""harq-968-1"", ""ack"": false}, {""slot"": 397, ""rv"": 2, ""access"": ""scheduled_rescue"", ""episode"": ""harq-968-1"", ""ack"": false}, {""slot"": 555, ""rv"": 3, ""access"": ""scheduled_rescue"", ""episode"": ""harq-968-1"", ""ack"": false}, {""slot"": 745, ""rv"": 1, ""access"": ""scheduled_rescue"", ""episode"": ""harq-968-1"", ""ack"": true}]"
