comparison,metric,seed,difference
H3-F3,correct_delivery_probability,9101,0.0
H3-F3,correct_delivery_probability,9102,0.0
H3-F3,correct_delivery_probability,9103,0.0
H3-F3,correct_delivery_probability,9104,0.0
H3-F3,correct_delivery_probability,9105,0.0
H3-F3,correct_delivery_probability,9106,0.0
H3-F3,correct_delivery_probability,9107,0.0
H3-F3,correct_delivery_probability,9108,0.0
H3-F3,terminal_failure_probability,9101,0.0
H3-F3,terminal_failure_probability,9102,0.0
H3-F3,terminal_failure_probability,9103,0.0
H3-F3,terminal_failure_probability,9104,0.0
H3-F3,terminal_failure_probability,9105,0.0
H3-F3,terminal_failure_probability,9106,0.0
H3-F3,terminal_failure_probability,9107,0.0
H3-F3,terminal_failure_probability,9108,0.0
H3-F3,undetected_error_probability,9101,0.0
H3-F3,undetected_error_probability,9102,0.0
H3-F3,undetected_error_probability,9103,0.0
H3-F3,undetected_error_probability,9104,0.0
H3-F3,undetected_error_probability,9105,0.0
H3-F3,undetected_error_probability,9106,0.0
H3-F3,undetected_error_probability,9107,0.0
H3-F3,undetected_error_probability,9108,0.0
H3-F3,mean_latency,9101,-49.866400000000006
H3-F3,mean_latency,9102,-56.1112
H3-F3,mean_latency,9103,-41.51559999999999
H3-F3,mean_latency,9104,-65.7988
H3-F3,mean_latency,9105,-50.589600000000004
H3-F3,mean_latency,9106,-45.7604
H3-F3,mean_latency,9107,-55.403999999999996
H3-F3,mean_latency,9108,-49.2568
H3-F3,median_latency,9101,0.0
H3-F3,median_latency,9102,0.0
H3-F3,median_latency,9103,0.0
H3-F3,median_latency,9104,0.0
H3-F3,median_latency,9105,0.0
H3-F3,median_latency,9106,0.0
H3-F3,median_latency,9107,0.0
H3-F3,median_latency,9108,0.0
H3-F3,p95_latency,9101,-208.94999999999982
H3-F3,p95_latency,9102,-241.0
H3-F3,p95_latency,9103,-191.0
H3-F3,p95_latency,9104,-252.0
H3-F3,p95_latency,9105,-222.05000000000018
H3-F3,p95_latency,9106,-205.0
H3-F3,p95_latency,9107,-237.0
H3-F3,p95_latency,9108,-232.0
H3-F3,p99_latency,9101,-199.02000000000044
H3-F3,p99_latency,9102,-253.01000000000022
H3-F3,p99_latency,9103,-191.0500000000011
H3-F3,p99_latency,9104,-232.02000000000044
H3-F3,p99_latency,9105,-228.02000000000044
H3-F3,p99_latency,9106,-217.98999999999978
H3-F3,p99_latency,9107,-266.96999999999935
H3-F3,p99_latency,9108,-215.02000000000044
H3-F3,max_latency,9101,-203.0
H3-F3,max_latency,9102,-241.0
H3-F3,max_latency,9103,-257.0
H3-F3,max_latency,9104,-308.0
H3-F3,max_latency,9105,-210.0
H3-F3,max_latency,9106,-304.0
H3-F3,max_latency,9107,-265.0
H3-F3,max_latency,9108,-237.0
H3-F3,first_scheduled_success_probability,9101,0.3768956714761377
H3-F3,first_scheduled_success_probability,9102,0.4134686987733015
H3-F3,first_scheduled_success_probability,9103,0.397469529613407
H3-F3,first_scheduled_success_probability,9104,0.4343246472901087
H3-F3,first_scheduled_success_probability,9105,0.43049242424242423
H3-F3,first_scheduled_success_probability,9106,0.3902439024390244
H3-F3,first_scheduled_success_probability,9107,0.39478407771090696
H3-F3,first_scheduled_success_probability,9108,0.4222293837504924
H3-F3,scheduled_attempts_per_rescued_packet,9101,-0.37182907880133187
H3-F3,scheduled_attempts_per_rescued_packet,9102,-0.4364865111914149
H3-F3,scheduled_attempts_per_rescued_packet,9103,-0.4230265663683108
H3-F3,scheduled_attempts_per_rescued_packet,9104,-0.4611248168992368
H3-F3,scheduled_attempts_per_rescued_packet,9105,-0.43001893939393954
H3-F3,scheduled_attempts_per_rescued_packet,9106,-0.3964674460794195
H3-F3,scheduled_attempts_per_rescued_packet,9107,-0.41959436816276696
H3-F3,scheduled_attempts_per_rescued_packet,9108,-0.4227378522576719
H3-F3,scheduled_attempts_per_packet,9101,-0.08720000000000006
H3-F3,scheduled_attempts_per_packet,9102,-0.09080000000000005
H3-F3,scheduled_attempts_per_packet,9103,-0.12600000000000006
H3-F3,scheduled_attempts_per_packet,9104,-0.124
H3-F3,scheduled_attempts_per_packet,9105,-0.11520000000000002
H3-F3,scheduled_attempts_per_packet,9106,-0.11280000000000001
H3-F3,scheduled_attempts_per_packet,9107,-0.122
H3-F3,scheduled_attempts_per_packet,9108,-0.10520000000000002
H3-F3,harq_episodes_per_packet,9101,-0.3136000000000001
H3-F3,harq_episodes_per_packet,9102,-0.3064
H3-F3,harq_episodes_per_packet,9103,-0.3236000000000001
H3-F3,harq_episodes_per_packet,9104,-0.31200000000000006
H3-F3,harq_episodes_per_packet,9105,-0.31920000000000015
H3-F3,harq_episodes_per_packet,9106,-0.3256000000000001
H3-F3,harq_episodes_per_packet,9107,-0.32400000000000007
H3-F3,harq_episodes_per_packet,9108,-0.3176000000000001
H3-F3,phy_attempts_per_packet,9101,-0.04400000000000004
H3-F3,phy_attempts_per_packet,9102,-0.010800000000000143
H3-F3,phy_attempts_per_packet,9103,-0.10639999999999983
H3-F3,phy_attempts_per_packet,9104,-0.053199999999999914
H3-F3,phy_attempts_per_packet,9105,-0.08119999999999994
H3-F3,phy_attempts_per_packet,9106,-0.058399999999999785
H3-F3,phy_attempts_per_packet,9107,-0.0596000000000001
H3-F3,phy_attempts_per_packet,9108,-0.06559999999999988
H3-F3,mean_queue,9101,-103.60514224950843
H3-F3,mean_queue,9102,-119.17641171512851
H3-F3,mean_queue,9103,-95.04340895245808
H3-F3,mean_queue,9104,-110.34452188090034
H3-F3,mean_queue,9105,-111.94056732740944
H3-F3,mean_queue,9106,-97.97249260941669
H3-F3,mean_queue,9107,-122.39228810640246
H3-F3,mean_queue,9108,-103.40013326669998
H3-F3,p95_queue,9101,-175.04999999999995
H3-F3,p95_queue,9102,-189.0
H3-F3,p95_queue,9103,-169.5999999999999
H3-F3,p95_queue,9104,-198.0
H3-F3,p95_queue,9105,-191.5
H3-F3,p95_queue,9106,-187.64999999999998
H3-F3,p95_queue,9107,-220.5
H3-F3,p95_queue,9108,-178.0
H3-F3,max_queue,9101,-169.0
H3-F3,max_queue,9102,-196.0
H3-F3,max_queue,9103,-174.0
H3-F3,max_queue,9104,-205.0
H3-F3,max_queue,9105,-194.0
H3-F3,max_queue,9106,-190.0
H3-F3,max_queue,9107,-226.0
H3-F3,max_queue,9108,-183.0
H3-F3,mean_wait,9101,-61.13383853033599
H3-F3,mean_wait,9102,-72.50891485763398
H3-F3,mean_wait,9103,-53.55429479672077
H3-F3,mean_wait,9104,-64.93407814268362
H3-F3,mean_wait,9105,-65.98118956437685
H3-F3,mean_wait,9106,-56.67265734442529
H3-F3,mean_wait,9107,-71.86862280199422
H3-F3,mean_wait,9108,-60.267709800489556
H3-F3,p95_wait,9101,-86.0
H3-F3,p95_wait,9102,-96.0
H3-F3,p95_wait,9103,-84.0
H3-F3,p95_wait,9104,-100.0
H3-F3,p95_wait,9105,-97.0
H3-F3,p95_wait,9106,-93.40000000000009
H3-F3,p95_wait,9107,-111.0
H3-F3,p95_wait,9108,-90.20000000000005
H3-F3,fraction_at_cap2,9101,-0.005356927892139263
H3-F3,fraction_at_cap2,9102,-0.0010324483775810966
H3-F3,fraction_at_cap2,9103,-0.09345874508001473
H3-F3,fraction_at_cap2,9104,-0.01841398109304615
H3-F3,fraction_at_cap2,9105,-0.004408749145591306
H3-F3,fraction_at_cap2,9106,-0.02233037710000718
H3-F3,fraction_at_cap2,9107,-0.024111567494214503
H3-F3,fraction_at_cap2,9108,-0.00682991837414626
H3-F3,scheduled_prb_slots,9101,-218.0
H3-F3,scheduled_prb_slots,9102,-227.0
H3-F3,scheduled_prb_slots,9103,-315.0
H3-F3,scheduled_prb_slots,9104,-310.0
H3-F3,scheduled_prb_slots,9105,-288.0
H3-F3,scheduled_prb_slots,9106,-282.0
H3-F3,scheduled_prb_slots,9107,-305.0
H3-F3,scheduled_prb_slots,9108,-263.0
H3-F3,mean_residual_cb_prbs,9101,0.007363267926648653
H3-F3,mean_residual_cb_prbs,9102,0.0038769490096921544
H3-F3,mean_residual_cb_prbs,9103,0.14839113290070305
H3-F3,mean_residual_cb_prbs,9104,0.02716666344462304
H3-F3,mean_residual_cb_prbs,9105,0.008783321941217004
H3-F3,mean_residual_cb_prbs,9106,0.03975052274857571
H3-F3,mean_residual_cb_prbs,9107,0.03781171514078352
H3-F3,mean_residual_cb_prbs,9108,0.008870564717641471
H3-F3,total_occupied_prb_slots,9101,-390.0
H3-F3,total_occupied_prb_slots,9102,-449.0
H3-F3,total_occupied_prb_slots,9103,-439.0
H3-F3,total_occupied_prb_slots,9104,-542.0
H3-F3,total_occupied_prb_slots,9105,-430.0
H3-F3,total_occupied_prb_slots,9106,-430.0
H3-F3,total_occupied_prb_slots,9107,-463.0
H3-F3,total_occupied_prb_slots,9108,-421.0
H3-F3,rlc_retransmissions_per_packet,9101,0.0468
H3-F3,rlc_retransmissions_per_packet,9102,0.0316
H3-F3,rlc_retransmissions_per_packet,9103,0.0324
H3-F3,rlc_retransmissions_per_packet,9104,0.0368
H3-F3,rlc_retransmissions_per_packet,9105,0.0328
H3-F3,rlc_retransmissions_per_packet,9106,0.0352
H3-F3,rlc_retransmissions_per_packet,9107,0.0368
H3-F3,rlc_retransmissions_per_packet,9108,0.0304
