scheme,seed,receiver_acceptance_probability,correct_delivery_probability,undetected_error_probability,terminal_failure_probability,mean_latency,median_latency,p95_latency,p99_latency,max_latency,phy_attempts_per_packet,harq_episodes_per_packet,rlc_retransmissions_per_packet,rescued_packet_count,first_scheduled_success_count,two_plus_scheduled_attempt_packet_count,first_scheduled_success_probability,scheduled_attempts_per_rescued_packet,scheduled_attempts_per_packet,scheduled_prb_slots,cb_prb_slots,total_occupied_prb_slots,mean_queue,p95_queue,max_queue,mean_wait,p95_wait,fraction_at_cap2,mean_residual_cb_prbs,runtime_seconds,peak_rss_kib
B,9101,1.0,0.9996,0.0004,0.0,41.324929971988794,7.0,188.0,234.01999999999998,352.0,3.7048,1.3096,0.3096,774,392,382,0.5064599483204134,1.554263565891473,0.4812,1203,1899,3611,107.4211956521739,220.5,254,65.67996674979219,113.0,0.8206521739130435,4.302989130434782,330.79980043299656,905464
B,9102,1.0,0.9996,0.0004,0.0,21.558623449379752,5.0,124.0,150.01999999999998,230.0,3.366,1.2392,0.2392,598,300,298,0.5016722408026756,1.5668896321070234,0.3748,937,1978,3433,55.956586826347305,140.0,157,39.732123799359655,74.0,0.7275449101796407,4.458083832335329,318.1282316279976,896732
B,9103,1.0,1.0,0.0,0.0,31.2544,7.0,160.05000000000018,187.0,243.0,3.6284,1.2924,0.2924,731,347,384,0.4746922024623803,1.585499316005472,0.4636,1159,1891,3582,80.38333333333334,197.04999999999995,216,49.90422778257118,101.0,0.8138888888888889,4.343055555555556,329.7559441339981,897460
B,9104,1.0,1.0,0.0,0.0,57.488,7.0,239.05000000000018,316.0500000000011,427.0,3.6856,1.3024,0.3024,756,398,358,0.5264550264550265,1.5304232804232805,0.4628,1157,1876,3621,162.48614958448752,247.0,252,96.80034572169404,124.0,0.945983379501385,4.095567867036011,348.8325462040011,908092
B,9105,1.0,1.0,0.0,0.0,32.8884,7.0,157.0,191.01000000000022,290.0,3.6704,1.2972,0.2972,743,393,350,0.5289367429340511,1.5289367429340512,0.4544,1136,1861,3573,90.7027417027417,180.0,195,53.50704225352113,90.0,0.9466089466089466,4.095238095238095,346.1622812459973,906436
B,9106,1.0,1.0,0.0,0.0,36.0404,7.0,162.05000000000018,207.01000000000022,320.0,3.6868,1.3044,0.3044,761,403,358,0.5295663600525624,1.519053876478318,0.4624,1156,1857,3585,100.44396551724138,189.25,197,59.871107266435985,95.0,0.9339080459770115,4.114942528735632,307.1743955409984,906124
B,9107,1.0,1.0,0.0,0.0,35.7664,7.0,160.0,201.0500000000011,319.0,3.6884,1.3036,0.3036,759,393,366,0.5177865612648221,1.5507246376811594,0.4708,1177,1861,3629,97.31983240223464,190.0,211,58.16057774001699,98.20000000000005,0.9287709497206704,4.128491620111732,340.9137031160062,907584
B,9108,1.0,1.0,0.0,0.0,40.1496,7.0,164.0,221.01000000000022,317.0,3.6768,1.2832,0.2832,708,366,342,0.5169491525423728,1.5240112994350283,0.4316,1079,1895,3586,118.37444933920705,168,176,70.22798887859129,84.0,0.9720998531571219,4.046989720998532,351.0745985429967,895228
H2,9101,1.0,1.0,0.0,0.0,93.8564,58.5,294.0,393.0100000000002,586.0,2.3788,1.0012,0.0012,1211,1050,161,0.8670520231213873,1.1370767960363337,0.5508,1377,1793,3788,245.48067632850243,452.65,485,143.75671750181553,228.0,0.9915458937198067,4.015700483091788,231.47043817899976,872980
H2,9102,1.0,1.0,0.0,0.0,92.9352,65.0,294.10000000000036,393.0100000000002,517.0,2.3624,1.002,0.002,1185,1028,157,0.8675105485232067,1.139240506329114,0.54,1350,1805,3779,250.57983193277312,457.0,480,146.81851851851852,233.0,0.9915966386554622,4.0156062424969985,245.4948618349954,877324
H2,9103,1.0,1.0,0.0,0.0,79.304,38.0,269.0500000000002,351.0100000000002,532.0,2.3588,1.0024,0.0024,1184,1019,165,0.8606418918918919,1.146114864864865,0.5428,1357,1797,3784,209.71219512195123,412.0999999999999,434,123.11643330876934,208.0,0.9902439024390244,4.017073170731707,243.73998139899777,872124
H2,9104,1.0,1.0,0.0,0.0,109.2724,90.0,339.0,435.0,699.0,2.3436,1.0016,0.0016,1168,1033,135,0.884417808219178,1.1215753424657535,0.524,1310,1839,3781,288.25728155339806,471.0,486,171.10076335877864,236.0,0.9890776699029126,4.016990291262136,247.3991368679999,872028
H2,9105,1.0,1.0,0.0,0.0,88.3276,62.0,272.0500000000002,395.0100000000002,543.0,2.3712,1.002,0.002,1196,1051,145,0.8787625418060201,1.1270903010033444,0.5392,1348,1796,3757,236.2148058252427,446.0,471,138.44510385756678,224.0,0.9854368932038835,4.024271844660194,228.63732935200096,873540
H2,9106,1.0,1.0,0.0,0.0,90.3868,62.0,282.10000000000036,397.02000000000044,530.0,2.3632,1.0024,0.0024,1199,1056,143,0.8807339449541285,1.1276063386155128,0.5408,1352,1811,3786,238.0314769975787,457.0,467,140.8284023668639,230.0,0.9818401937046005,4.0290556900726395,228.24206530499941,873024
H2,9107,1.0,1.0,0.0,0.0,82.2576,51.0,273.0,364.0,560.0,2.3496,1.0024,0.0024,1179,1018,161,0.8634435962680237,1.1441899915182359,0.5396,1349,1795,3764,221.5232273838631,410.29999999999995,446,130.0919199406968,208.0,0.9853300733496333,4.0244498777506115,221.4760693460048,876484
H2,9108,1.0,1.0,0.0,0.0,97.518,76.5,300.0,397.0100000000002,548.0,2.3684,1.0024,0.0024,1192,1043,149,0.875,1.1308724832214765,0.5392,1348,1837,3798,258.05690072639226,448.75,468,151.77818991097922,227.0,0.9891041162227603,4.020581113801453,212.12520838799537,870472
F2,9101,1.0,1.0,0.0,0.0,189.2036,110.0,559.0500000000002,708.0200000000004,867.0,2.5088,1.4528,0.0,1132,577,555,0.5097173144876325,1.5503533568904593,0.702,1755,1957,4410,362.0321665089877,650.2,685,210.84216524216524,328.0,0.9924314096499527,4.013245033112582,236.92790128000343,871896
F2,9102,1.0,1.0,0.0,0.0,180.968,100.0,546.0,694.0,857.0,2.4716,1.4252,0.0,1063,526,537,0.49482596425211667,1.5587958607714016,0.6628,1657,1955,4348,364.6,643.8,675,215.95111647555825,325.0,0.9913875598086125,4.016267942583732,237.20040927999798,870588
F2,9103,1.0,1.0,0.0,0.0,173.0476,84.0,527.0500000000002,670.0100000000002,881.0,2.492,1.4376,0.0,1094,534,560,0.48811700182815354,1.5813528336380256,0.692,1730,1938,4393,333.39791073124405,610.4,642,195.33988439306358,308.0,0.99335232668566,4.01329534662868,240.4202309350003,872636
F2,9104,1.0,0.9996,0.0004,0.0,209.03681472589037,141.0,600.0,749.0,852.0,2.4536,1.4304,0.0,1076,551,525,0.5120817843866171,1.5436802973977695,0.6644,1661,1988,4393,406.6505681818182,686.0,716,240.70138470800723,345,0.990530303030303,4.016098484848484,236.23994787400443,871648
F2,9105,1.0,1.0,0.0,0.0,175.8944,91.5,541.0,678.0100000000002,892.0,2.4748,1.4296,0.0,1074,525,549,0.4888268156424581,1.5726256983240223,0.6756,1689,1941,4345,353.95781399808243,624.9,654,207.5352279455299,314.0,0.9913710450623202,4.015340364333653,232.15892642900144,871588
F2,9106,1.0,1.0,0.0,0.0,172.9724,95.5,537.0,675.0100000000002,756.0,2.466,1.4328,0.0,1082,550,532,0.5083179297597042,1.5425138632162663,0.6676,1669,1949,4339,345.93901258470476,630.0,654,204.3409227082085,319.0,0.9883833494675702,4.0203291384317525,234.06867992099433,871836
F2,9107,1.0,1.0,0.0,0.0,168.1008,97.0,524.0500000000002,662.0100000000002,788.0,2.464,1.4344,0.0,1086,561,525,0.5165745856353591,1.5432780847145489,0.6704,1676,1907,4311,340.91497584541065,605.3,641,200.54773269689738,306.0,0.9932367149758454,4.01352657004831,234.1289278119948,871496
F2,9108,1.0,1.0,0.0,0.0,202.4072,127.5,578.0,737.0100000000002,939.0,2.4952,1.442,0.0,1105,542,563,0.49049773755656106,1.5737556561085972,0.6956,1739,1976,4453,389.75763182238666,665,689,227.97297297297297,337.0,0.9944495837187789,4.010175763182239,241.890474187996,871492
H3,9101,1.0,1.0,0.0,0.0,37.46,5.0,125.05000000000018,240.01000000000022,351.0,3.0756,1.0468,0.0468,1000,883,117,0.883,1.182,0.4728,1182,1803,3559,109.35612535612536,207.95000000000005,249,63.87901861252115,108.0,0.9829059829059829,4.028490028490029,291.9847820790019,891644
H3,9102,1.0,1.0,0.0,0.0,32.7508,5.0,102.0,201.0,313.0,3.0116,1.032,0.032,971,891,80,0.917610710607621,1.125643666323378,0.4372,1093,1817,3504,102.25811209439529,191.0,206,59.78956999085087,96.0,0.9823008849557522,4.032448377581121,280.28944993500045,893296
H3,9103,1.0,1.0,0.0,0.0,23.7064,5.0,85.0,141.0,222.0,2.9788,1.0332,0.0332,944,861,83,0.9120762711864406,1.138771186440678,0.43,1075,1815,3449,66.86656671664169,156.4000000000001,180,41.2493023255814,81.0,0.8785607196401799,4.193403298350825,276.3660466799993,887072
H3,9104,1.0,1.0,0.0,0.0,54.0924,5.0,166.0,318.0100000000002,454.0,3.0044,1.0368,0.0368,952,860,92,0.9033613445378151,1.1512605042016806,0.4384,1096,1822,3506,168.97543352601156,251.0,265,100.46350364963503,126.0,0.9682080924855492,4.050578034682081,283.9509758830027,888828
H3,9105,1.0,1.0,0.0,0.0,27.27,5.0,91.0,156.0,305.0,2.9916,1.0328,0.0328,960,878,82,0.9145833333333333,1.1302083333333333,0.434,1085,1808,3465,83.30225563909775,168.0,184,48.92995391705069,85.0,0.9609022556390977,4.07218045112782,277.9754762390003,891096
H3,9106,1.0,1.0,0.0,0.0,31.984,5.0,102.0,188.02000000000044,281.0,3.0196,1.0352,0.0352,968,880,88,0.9090909090909091,1.1456611570247934,0.4436,1109,1822,3497,95.86567164179104,188.0,194,57.22813345356177,94.59999999999991,0.9462686567164179,4.088059701492537,279.83618095600104,890308
H3,9107,1.0,1.0,0.0,0.0,27.3824,5.0,88.0,164.04000000000087,284.0,2.9968,1.0368,0.0368,966,874,92,0.9047619047619048,1.1480331262939958,0.4436,1109,1827,3504,80.94336810730253,156.5,176,47.69431920649234,81.0,0.9433681073025335,4.092399403874814,280.2259162890041,886444
H3,9108,1.0,1.0,0.0,0.0,37.5972,5.0,103.0,205.02000000000044,343.0,3.0112,1.0304,0.0304,963,887,76,0.9210799584631361,1.12668743509865,0.434,1085,1856,3516,117.96701649175412,190.0,199,69.80276497695853,95.79999999999995,0.9835082458770614,4.026986506746627,283.64870108800096,881784
F3,9101,1.0,1.0,0.0,0.0,87.3264,5.0,334.0,439.03000000000065,554.0,3.1196,1.3604,0.0,901,456,445,0.5061043285238623,1.5538290788013318,0.56,1400,1893,3949,212.9612676056338,383.0,418,125.01285714285714,194.0,0.9882629107981221,4.02112676056338,296.48506099199585,884920
F3,9102,1.0,1.0,0.0,0.0,88.862,5.0,343.0,454.0100000000002,554.0,3.0224,1.3384,0.0004,845,426,419,0.5041420118343195,1.5621301775147929,0.528,1320,1944,3953,221.4345238095238,380.0,402,132.29848484848486,192.0,0.9833333333333333,4.0285714285714285,293.23829791499884,888220
F3,9103,1.0,1.0,0.0,0.0,65.222,5.0,276.0,332.0500000000011,479.0,3.0852,1.3568,0.0008,890,458,432,0.5146067415730337,1.5617977528089888,0.556,1390,1884,3888,161.90997566909977,326.0,354,94.80359712230216,165.0,0.9720194647201946,4.045012165450122,304.98706964799203,882640
F3,9104,1.0,1.0,0.0,0.0,119.8912,5.0,418.0,550.0300000000007,762.0,3.0576,1.3488,0.0,872,409,463,0.4690366972477064,1.6123853211009174,0.5624,1406,1949,4048,279.3199554069119,449.0,470,165.39758179231865,226.0,0.9866220735785953,4.023411371237458,309.59160721600347,884352
F3,9105,1.0,1.0,0.0,0.0,77.8596,5.0,313.0500000000002,384.02000000000044,515.0,3.0728,1.352,0.0,880,426,454,0.48409090909090907,1.5602272727272728,0.5492,1373,1900,3895,195.2428229665072,359.5,378,114.91114348142753,182.0,0.965311004784689,4.063397129186603,288.22243235200585,887424
F3,9106,1.0,1.0,0.0,0.0,77.7444,5.0,307.0,406.0100000000002,585.0,3.078,1.3608,0.0,902,468,434,0.5188470066518847,1.542128603104213,0.5564,1391,1927,3927,193.83816425120773,375.65,384,113.90079079798706,188.0,0.9685990338164251,4.048309178743962,282.397636580994,889368
F3,9107,1.0,1.0,0.0,0.0,82.7864,5.0,325.0,431.0100000000002,549.0,3.0564,1.3608,0.0,902,460,442,0.5099778270509978,1.5676274944567627,0.5656,1414,1905,3967,203.335656213705,377,402,119.56294200848656,192.0,0.967479674796748,4.05458768873403,287.1335824179987,886840
F3,9108,1.0,1.0,0.0,0.0,86.854,5.0,335.0,420.0400000000009,580.0,3.0768,1.348,0.0,870,434,436,0.49885057471264366,1.549425287356322,0.5392,1348,1950,3937,221.3671497584541,368.0,382,130.07047477744808,186.0,0.9903381642512077,4.018115942028985,290.6949314800004,882152
