scheme,metric,mean_rho070,mean_rho090,mean_difference_070_minus_090,mean_relative_change,minimum_seed_difference,maximum_seed_difference
Legacy-20,correct_delivery_probability,0.99995,0.9996,0.0003500000000000031,0.00035036046467303125,0.0,0.0012000000000000899
Legacy-20,terminal_failure_probability,0.0,0.00035,-0.00035,-1.0,-0.0016,0.0
Legacy-20,mean_latency,3.8324914965986396,34.202076617223305,-30.369585120624667,-0.8687318375824198,-68.47816097592883,-16.2756
Legacy-20,p95_latency,7.0,183.75625000000002,-176.75625000000002,-0.9559337236914742,-347.0,-84.05000000000018
Legacy-20,p99_latency,28.626250000000027,288.8212500000004,-260.1950000000004,-0.8927668113931825,-454.15000000000055,-154.01000000000022
Legacy-20,scheduled_attempts_per_packet,0.03175,0.448,-0.41625,-0.9275016297951424,-0.5216,-0.312
Legacy-20,mean_queue,0.13095585345941227,64.877611519724,-64.74665566626459,-0.9974202180730376,-150.64242252553868,-30.57366559387904
Legacy-20,mean_wait,0.3933363529222321,35.1878010368154,-34.79446468389317,-0.9863870635895006,-79.27919075144509,-17.88603368176539
Legacy-20,scheduled_prb_slots,79.375,1120.0,-1040.625,-0.9275016297951425,-1304.0,-780.0
Legacy-20,total_occupied_prb_slots,3363.5,3635.75,-272.25,-0.07387792357044021,-539.0,-116.0
Legacy-20,rlc_retransmissions_per_packet,0.0194,0.39885,-0.37945,-0.9494559911100262,-0.5216,-0.276
Legacy-20,first_scheduled_success_probability,0.4491399529837468,0.5159998602478795,-0.06685990726413271,-0.12897934758622018,-0.17106365159128978,0.06634583471622968
Legacy-20,scheduled_attempts_per_rescued_packet,1.6354483262179615,1.8165167918811058,-0.18106846566314422,-0.09685095022071577,-0.4640889478924659,0.10175879396984921
Legacy-20,rescue_admission_rate,0.0,0.0,0.0,,0.0,0.0
Legacy-20,eligible_stage_population,0.0,0.0,0.0,,0.0,0.0
Legacy-20,rescue_trigger_to_first_tx_mean,0.0,0.0,0.0,,0.0,0.0
Legacy-20,phy_attempts_per_packet,2.2224,3.51635,-1.2939500000000002,-0.3666878183781364,-1.5,-0.9844000000000004
Legacy-20,harq_episodes_per_packet,1.0194,1.39885,-0.37944999999999995,-0.26899669594899644,-0.5215999999999998,-0.276
Legacy-20,final_harq_failure_probability,0.0194,0.2462,-0.2268,-0.9199044250659094,-0.2716,-0.1668
Legacy-20,cb_attempts_per_slot,7.579960935114402,10.237015441896851,-2.65705450678245,-0.25841039933411475,-3.1207493320378923,-1.8452330672160704
Legacy-20,cb_overlap_probability,0.5895204350508431,0.8448274462424392,-0.2553070111915961,-0.30159151863032907,-0.3056596948171534,-0.20617708760711884
Legacy-20,scheduled_attempts_per_slot,0.10982622411635645,1.4874975017252758,-1.3776712776089193,-0.9250549708542019,-1.5816549574997167,-1.091911026013781
Legacy-20,p95_queue,1.0,160.0125,-159.0125,-0.993281181345308,-263.0,-109.0
Legacy-20,max_queue,2.5,179.625,-177.125,-0.9850353035653031,-275.0,-125.0
Legacy-20,p95_wait,1.0,72.375,-71.375,-0.9850071040522519,-122.0,-46.0
Legacy-20,fraction_at_cap2,0.011081950136926274,0.7509177387641603,-0.739835788627234,-0.9848853098876492,-0.9145248519186197,-0.5699689158363768
Legacy-20,mean_residual_cb_prbs,5.869901169426969,4.423085674063224,1.4468154953637442,0.32944177630169563,1.12678911226938,1.7490891922053393
Legacy-20,cb_prb_slots,3269.5,2447.625,821.875,0.3369248200556444,674.0,919.0
Legacy-15,correct_delivery_probability,0.99995,0.999,0.0009500000000000064,0.0009521253590530224,-0.00039999999999995595,0.0031999999999999806
Legacy-15,terminal_failure_probability,0.0,0.0009000000000000001,-0.0009000000000000001,-1.0,-0.0032,0.0
Legacy-15,mean_latency,3.7113348539415765,35.372666834715766,-31.66133198077419,-0.8620776957961762,-63.81252243589743,-6.911417847138855
Legacy-15,p95_latency,7.0,187.73749999999995,-180.73749999999995,-0.9467545746863084,-331.25,-35.0
Legacy-15,p99_latency,23.25,296.1812500000003,-272.9312500000003,-0.9018043708607372,-457.2000000000007,-69.0
Legacy-15,scheduled_attempts_per_packet,0.03115,0.453,-0.42185,-0.9289511768263679,-0.5092,-0.2436
Legacy-15,mean_queue,0.1329729364804478,70.29605763753496,-70.1630847010545,-0.996735593946072,-140.8964124060504,-11.328569912161981
Legacy-15,mean_wait,0.39564154811902896,38.76300005853078,-38.36735851041175,-0.9850640416736841,-75.2723170805941,-7.695812524010757
Legacy-15,scheduled_prb_slots,77.875,1132.5,-1054.625,-0.9289511768263679,-1273.0,-609.0
Legacy-15,total_occupied_prb_slots,3362.125,3641.5,-279.375,-0.07488861174721209,-510.0,45.0
Legacy-15,rlc_retransmissions_per_packet,0.0193,0.4133,-0.394,-0.9495506916930145,-0.5156000000000001,-0.18280000000000002
Legacy-15,first_scheduled_success_probability,0.46215178716704797,0.5001037350576869,-0.03795194789063896,-0.07447821098053854,-0.17632742783869365,0.025852272727272696
Legacy-15,scheduled_attempts_per_rescued_packet,1.609884360731683,1.8408736783753032,-0.23098931764362002,-0.12443316339849946,-0.3616477272727272,-0.08743097898620888
Legacy-15,rescue_admission_rate,0.0,0.0,0.0,,0.0,0.0
Legacy-15,eligible_stage_population,0.0,0.0,0.0,,0.0,0.0
Legacy-15,rescue_trigger_to_first_tx_mean,0.0,0.0,0.0,,0.0,0.0
Legacy-15,phy_attempts_per_packet,2.218,3.52565,-1.3076500000000002,-0.3692404454755449,-1.4756,-0.9168000000000003
Legacy-15,harq_episodes_per_packet,1.0193,1.4133,-0.3939999999999999,-0.27498085040166065,-0.5155999999999998,-0.18279999999999985
Legacy-15,final_harq_failure_probability,0.0193,0.2447,-0.2254,-0.9193252232172494,-0.2672,-0.14400000000000002
Legacy-15,cb_attempts_per_slot,7.578314997658919,10.320324456970942,-2.7420094593120234,-0.2639455954960806,-3.538870312873178,-1.9111864914683139
Legacy-15,cb_overlap_probability,0.5888808316647038,0.845830375482103,-0.25694954381739915,-0.3035195008443062,-0.29840789679455315,-0.231011572564084
Legacy-15,scheduled_attempts_per_slot,0.10799989165646819,1.5051234678838599,-1.3971235762273917,-0.9272276429763882,-1.5881272563435898,-0.970152323328822
Legacy-15,p95_queue,1.0,165.89375,-164.89375,-0.9925696323168094,-245.0,-51.0
Legacy-15,max_queue,2.875,183.125,-180.25,-0.9810336325324345,-260.0,-68.0
Legacy-15,p95_wait,1.0,77.81875,-76.81875,-0.9838264325830883,-115.0,-22.0
Legacy-15,fraction_at_cap2,0.013336754536388327,0.7584043103734432,-0.745067555837055,-0.9818694948417109,-0.9109913620382664,-0.49677573441604966
Legacy-15,mean_residual_cb_prbs,5.86910056897101,4.411428035639073,1.4576725333319378,0.33324312904347553,1.0233726083379775,1.7156005979323252
Legacy-15,cb_prb_slots,3267.75,2446.5,821.25,0.33659157842789994,685.0,901.0
Fast-CB,correct_delivery_probability,0.99995,0.7325,0.26744999999999997,0.89375708581334,0.00039999999999995595,0.8376
Fast-CB,terminal_failure_probability,0.0,0.2672,-0.2672,-1.0,-0.8372,0.0
Fast-CB,mean_latency,3.4579250900360146,8.363118146731301,-4.9051930566952855,-0.5087822254540646,-16.43714088669951,-1.510446578631453
Fast-CB,p95_latency,7.0,27.63749999999999,-20.63749999999999,-0.6550235521923614,-48.0,-6.0
Fast-CB,p99_latency,11.376250000000027,49.4875,-38.11124999999997,-0.7124615394522347,-73.89999999999998,-6.989999999999782
Fast-CB,scheduled_attempts_per_packet,0.0,0.0,0.0,,0.0,0.0
Fast-CB,mean_queue,0.0,0.0,0.0,,0.0,0.0
Fast-CB,mean_wait,0.0,0.0,0.0,,0.0,0.0
Fast-CB,scheduled_prb_slots,0.0,0.0,0.0,,0.0,0.0
Fast-CB,total_occupied_prb_slots,3333.125,3253.0,80.125,0.02665387159450284,-203.0,324.0
Fast-CB,rlc_retransmissions_per_packet,0.0194,1.7759500000000001,-1.75655,-0.9517701368738393,-5.2252,-0.0976
Fast-CB,first_scheduled_success_probability,0.0,0.0,0.0,,0.0,0.0
Fast-CB,scheduled_attempts_per_rescued_packet,0.0,0.0,0.0,,0.0,0.0
Fast-CB,rescue_admission_rate,0.0,0.0,0.0,,0.0,0.0
Fast-CB,eligible_stage_population,0.0,0.0,0.0,,0.0,0.0
Fast-CB,rescue_trigger_to_first_tx_mean,0.0,0.0,0.0,,0.0,0.0
Fast-CB,phy_attempts_per_packet,2.22415,10.06385,-7.8397,-0.6493993130162118,-22.630399999999998,-0.7396000000000003
Fast-CB,harq_episodes_per_packet,1.0194,2.77595,-1.75655,-0.5019285274287236,-5.225200000000001,-0.09759999999999991
Fast-CB,final_harq_failure_probability,0.01885,0.361,-0.34215,-0.9150683881965431,-0.8952,-0.0808
Fast-CB,cb_attempts_per_slot,7.764098158938651,41.94753963519407,-34.18344147625542,-0.714566108938173,-96.55859737662772,-5.467278672032192
Fast-CB,cb_overlap_probability,0.5864183612608963,0.8405937372877184,-0.254175376026822,-0.298971953761321,-0.3828226277365985,-0.1949857218038481
Fast-CB,scheduled_attempts_per_slot,0.0,0.0,0.0,,0.0,0.0
Fast-CB,p95_queue,0.0,0.0,0.0,,0.0,0.0
Fast-CB,max_queue,0.0,0.0,0.0,,0.0,0.0
Fast-CB,p95_wait,0.0,0.0,0.0,,0.0,0.0
Fast-CB,fraction_at_cap2,0.0,0.0,0.0,,0.0,0.0
Fast-CB,mean_residual_cb_prbs,6.0,6.0,0.0,0.0,0.0,0.0
Fast-CB,cb_prb_slots,3333.125,3253.0,80.125,0.02665387159450284,-203.0,324.0
B,correct_delivery_probability,0.99995,0.9999,4.999999999999449e-05,5.004001600639704e-05,-0.00039999999999995595,0.00039999999999995595
B,terminal_failure_probability,0.0,0.0,0.0,,0.0,0.0
B,mean_latency,3.4691246898759505,37.05884417767107,-33.589719487795115,-0.9000271300309977,-53.9692,-18.137823449379752
B,p95_latency,7.0,169.26875000000007,-162.26875000000007,-0.9573849971142274,-232.05000000000018,-117.0
B,p99_latency,10.25,213.39625000000035,-203.14625000000035,-0.949831766132113,-306.0500000000011,-139.01999999999998
B,scheduled_attempts_per_packet,0.03365,0.4502,-0.41655,-0.9250704132717197,-0.4436,-0.3416
B,mean_queue,0.14624589579061095,101.63603179472085,-101.48978589893024,-0.9984276669882747,-162.33317508023822,-55.79906221312649
B,mean_wait,1.0734947629407579,61.735422523997805,-60.66192776105705,-0.9815924189371232,-95.72891715026547,-38.6959792210464
B,scheduled_prb_slots,84.125,1125.5,-1041.375,-0.9250704132717197,-1109.0,-854.0
B,total_occupied_prb_slots,3357.375,3577.5,-220.125,-0.06131481597201825,-277.0,-89.0
B,rlc_retransmissions_per_packet,0.02175,0.2915,-0.26975,-0.9252047350905284,-0.2896,-0.22
B,first_scheduled_success_probability,0.5096225790419231,0.5128147793542881,-0.003192200312364904,-0.005476248615108834,-0.12416095464715698,0.08371446507039726
B,scheduled_attempts_per_rescued_packet,1.5496652444417869,1.5449752938694756,0.004689950572311197,0.0028742358518402057,-0.10669446686395845,0.16227703455964337
B,rescue_admission_rate,0.0,0.0,0.0,,0.0,0.0
B,eligible_stage_population,0.0,0.0,0.0,,0.0,0.0
B,rescue_trigger_to_first_tx_mean,0.0,0.0,0.0,,0.0,0.0
B,phy_attempts_per_packet,2.22805,3.6384,-1.41035,-0.38715401110805453,-1.488,-1.1596000000000002
B,harq_episodes_per_packet,1.02175,1.2915,-0.26974999999999993,-0.2086584338844428,-0.2896000000000001,-0.21999999999999997
B,final_harq_failure_probability,0.02175,0.2915,-0.26975,-0.9252047350905284,-0.2896,-0.22
B,cb_attempts_per_slot,7.6629058191658,11.3280169291835,-3.6651111100176985,-0.3228629118782533,-4.319220442494731,-3.080898923775065
B,cb_overlap_probability,0.5867560118731573,0.8830345894762732,-0.296278577603116,-0.3351992380902281,-0.3278745806423412,-0.2639872849700926
B,scheduled_attempts_per_slot,0.11739283055354566,1.5972349200450298,-1.479842089491484,-0.9262703237694492,-1.5775862068965518,-1.2859576206237313
B,p95_queue,1.0,191.475,-190.475,-0.9946429310145295,-246.0,-139.0
B,max_queue,3.875,207.25,-203.375,-0.9811736600470017,-249.0,-154.0
B,p95_wait,1.65625,97.4,-95.74375,-0.983033128965033,-122.0,-73.0
B,fraction_at_cap2,0.024591285197207276,0.8861821434933386,-0.8615908582961312,-0.9717112745091461,-0.9456005505071916,-0.7036349242443384
B,mean_residual_cb_prbs,5.863361676045789,4.198169793805708,1.665191882240081,0.3982526865720445,1.3914239032483557,1.8233031660307564
B,cb_prb_slots,3259.5,2308.875,950.625,0.41257749599442733,834.0,996.0
H2,correct_delivery_probability,1.0,1.0,0.0,0.0,0.0,0.0
H2,terminal_failure_probability,0.0,0.0,0.0,,0.0,0.0
H2,mean_latency,5.9369499999999995,91.73225,-85.7953,-0.9362056335981596,-98.3696,-74.6812
H2,p95_latency,18.381250000000023,290.41250000000014,-272.0312500000001,-0.9380105702474986,-303.0,-257.0500000000002
H2,p99_latency,25.751250000000027,390.6337500000002,-364.88250000000016,-0.9352544246367234,-379.0100000000002,-336.0100000000002
H2,scheduled_attempts_per_packet,0.4171,0.53955,-0.12244999999999999,-0.22673655951640176,-0.13760000000000006,-0.09000000000000002
H2,mean_queue,11.774686095103311,243.4820494837127,-231.7073633886094,-0.9533997210897216,-257.6516077945328,-203.50671566989644
H2,mean_wait,6.898454221405758,143.2420060954986,-136.34355187409284,-0.9535484909787147,-153.59292925739615,-119.26052552778951
H2,scheduled_prb_slots,1042.75,1348.875,-306.125,-0.2267365595164018,-344.0,-225.0
H2,total_occupied_prb_slots,3735.25,3779.625,-44.375,-0.011726002740993046,-85.0,-8.0
H2,rlc_retransmissions_per_packet,0.0014500000000000001,0.0020499999999999997,-0.0005999999999999998,-0.3083333333333333,-0.002,0.0016000000000000003
H2,first_scheduled_success_probability,0.8941442802688525,0.8721952943479795,0.02194898592087298,0.025276580156987513,0.003211057760203362,0.04364871474873255
H2,scheduled_attempts_per_rescued_packet,1.1110752426093466,1.1342208280068296,-0.02314558539748282,-0.020350453906164644,-0.04931634598241841,-0.003018641434825664
H2,rescue_admission_rate,1.0,1.0,0.0,0.0,0.0,0.0
H2,eligible_stage_population,938.5,1189.25,-250.75,-0.21072847024343533,-293.0,-198.0
H2,rescue_trigger_to_first_tx_mean,6.917807177171698,143.35265660491018,-136.43484942773847,-0.9534501252245424,-153.86612413500916,-119.59838170611725
H2,phy_attempts_per_packet,2.19565,2.362,-0.16635000000000005,-0.07039757114198754,-0.20319999999999983,-0.11680000000000001
H2,harq_episodes_per_packet,1.00145,1.00205,-0.0005999999999999894,-0.0005988024429417884,-0.0020000000000000018,0.0016000000000000458
H2,final_harq_failure_probability,0.0014500000000000001,0.0020499999999999997,-0.0005999999999999998,-0.3083333333333333,-0.002,0.0016000000000000003
H2,cb_attempts_per_slot,6.176613766774019,5.523502905006857,0.6531108617671623,0.11828341764349161,0.5227854181329361,0.8368157405494729
H2,cb_overlap_probability,0.6341067108864242,0.7194794807007293,-0.08537276981430506,-0.11857414639965888,-0.10595504912693987,-0.0600351353910793
H2,scheduled_attempts_per_slot,1.4485344316861586,1.6352759161419408,-0.18674148445578218,-0.11388157762853172,-0.23196125907990317,-0.05079873304413707
H2,p95_queue,30.674999999999997,444.34999999999997,-413.67499999999995,-0.9317396035476865,-433.0,-387.9
H2,max_queue,38.625,467.125,-428.5,-0.9177567710430414,-455.0,-410.0
H2,p95_wait,16.068749999999994,224.25,-208.18125,-0.929045721202761,-220.0,-196.0
H2,fraction_at_cap2,0.8298954759729964,0.9880219226497604,-0.1581264466767641,-0.16007286058434628,-0.19977122818735915,-0.07276561316532393
H2,mean_residual_cb_prbs,4.2534401593684565,4.020466089233441,0.23297407013501537,0.05794154477589347,0.11208772292226143,0.2950822409618432
H2,cb_prb_slots,2478.125,2146.75,331.375,0.1543740829683918,263.0,352.0
F2,correct_delivery_probability,1.0,0.99995,4.999999999999449e-05,5.002000800319577e-05,0.0,0.00039999999999995595
F2,terminal_failure_probability,0.0,0.0,0.0,,0.0,0.0
F2,mean_latency,57.39005,183.9538518407363,-126.56380184073629,-0.6892403427701268,-146.5908,-114.2652
F2,p95_latency,227.00625000000002,551.5187500000001,-324.51250000000005,-0.5893296681437664,-366.0,-279.0500000000002
F2,p99_latency,293.7912500000009,696.6337500000002,-402.8424999999993,-0.5791433218097225,-470.96999999999935,-337.96999999999935
F2,scheduled_attempts_per_packet,0.58755,0.6788,-0.09124999999999998,-0.13413353761607869,-0.13359999999999994,-0.06479999999999997
F2,mean_queue,141.9265661085837,362.1562599590793,-220.2296938504956,-0.609430032719155,-243.20689065933078,-183.80286714593038
F2,mean_wait,83.23574086690078,212.90392589280037,-129.6681850258996,-0.6101693654297534,-142.38649610464557,-105.88975281652083
F2,scheduled_prb_slots,1468.875,1697.0,-228.125,-0.13413353761607869,-334.0,-162.0
F2,total_occupied_prb_slots,4232.25,4374.0,-141.75,-0.03235120455375339,-258.0,-84.0
F2,rlc_retransmissions_per_packet,5e-05,0.0,5e-05,,0.0,0.0004
F2,first_scheduled_success_probability,0.510746528591235,0.5011198916935753,0.009626636897659739,0.01979122617348175,-0.0072630774390290975,0.03256393907763633
F2,scheduled_attempts_per_rescued_packet,1.5463977303873198,1.5582944563826364,-0.011896725995316576,-0.007506412501837253,-0.04823991235181113,0.021832128344915214
F2,rescue_admission_rate,1.0,1.0,0.0,0.0,0.0,0.0
F2,eligible_stage_population,949.75,1089.0,-139.25,-0.12769211153196866,-184.0,-113.0
F2,rescue_trigger_to_first_tx_mean,82.36208345906726,207.09465815080006,-124.73257469173278,-0.6034379768683348,-137.67952697490924,-100.7346830159429
F2,phy_attempts_per_packet,2.368,2.47825,-0.11024999999999996,-0.044440646573086925,-0.1716000000000002,-0.07199999999999962
F2,harq_episodes_per_packet,1.37995,1.4356,-0.05564999999999998,-0.038744813310348986,-0.07359999999999989,-0.04479999999999995
F2,final_harq_failure_probability,5e-05,0.0,5e-05,,0.0,0.0004
F2,cb_attempts_per_slot,4.940847404816974,4.2836467161409,0.657200688676074,0.15356289786214528,0.4622534634134583,0.8597776247129589
F2,cb_overlap_probability,0.6404789884784158,0.6562256090785513,-0.015746620600135555,-0.023965934779931832,-0.028342393912594188,-0.0019199656624295791
F2,scheduled_attempts_per_slot,1.6296225524237986,1.6156145119803091,0.014008040443489633,0.008901300349490816,-0.0542023955150881,0.04587383009359236
F2,p95_queue,249.025,639.45,-390.42499999999995,-0.6111982683279362,-438.0,-342.25
F2,max_queue,266.375,669.5,-403.125,-0.6026100850133809,-455.0,-347.0
F2,p95_wait,125.875,322.75,-196.875,-0.6105388063140489,-223.0,-170.0
F2,fraction_at_cap2,0.9861140168407571,0.9918927865498803,-0.005778769709123319,-0.005826620439171409,-0.015608079629089278,-0.002133885412333947
F2,mean_residual_cb_prbs,4.023605200411875,4.014784830396179,0.008820370015696133,0.0021967366854580696,0.0020723811429999017,0.022267613396880215
F2,cb_prb_slots,2450.75,2288.75,162.0,0.07083158666560598,119.0,191.0
H3,correct_delivery_probability,0.99995,1.0,-4.999999999999449e-05,-4.999999999999449e-05,-0.00039999999999995595,0.0
H3,terminal_failure_probability,0.0,0.0,0.0,,0.0,0.0
H3,mean_latency,3.5882848139255703,34.0304,-30.44211518607443,-0.8885590763285405,-50.382799999999996,-20.010121488595438
H3,p95_latency,7.125,107.75625000000002,-100.63125000000002,-0.9310134298532975,-159.0,-78.0
H3,p99_latency,9.626250000000027,201.63750000000027,-192.01125000000025,-0.9501335916070861,-306.0100000000002,-131.0
H3,scheduled_attempts_per_packet,0.1287,0.4417,-0.313,-0.708366335769517,-0.33799999999999997,-0.2844
H3,mean_queue,0.7914753038163247,103.19181869663991,-102.4003433928236,-0.9921992260219537,-167.6949802682212,-66.12791472214374
H3,mean_wait,1.4360805549615734,61.12957076658147,-59.693490211619896,-0.9756838647995892,-98.56350364963502,-39.914137490416564
H3,scheduled_prb_slots,321.75,1104.25,-782.5,-0.708366335769517,-845.0,-711.0
H3,total_occupied_prb_slots,3445.25,3500.0,-54.75,-0.01553302731436421,-98.0,86.0
H3,rlc_retransmissions_per_packet,0.0077,0.035500000000000004,-0.027800000000000002,-0.7806068249596054,-0.0376,-0.022
H3,first_scheduled_success_probability,0.9349803355904142,0.908195553997645,0.026784781592769133,0.029609103384141192,0.0006963144833412871,0.059163059163059195
H3,scheduled_attempts_per_rescued_packet,1.1014809255500155,1.1435331760895635,-0.04205225053954803,-0.03657243944821916,-0.09804210940574576,-0.00481480014784319
H3,rescue_admission_rate,1.0,1.0,0.0,0.0,0.0,0.0
H3,eligible_stage_population,291.75,965.5,-673.75,-0.6976617374864064,-716.0,-623.0
H3,rescue_trigger_to_first_tx_mean,1.4419567092333128,61.62148717631775,-60.17953046708443,-0.9757385696311308,-99.3568389619999,-40.50714794867733
H3,phy_attempts_per_packet,2.2587,3.0112,-0.7525000000000001,-0.24985923561363851,-0.8220000000000001,-0.6656
H3,harq_episodes_per_packet,1.0077,1.0354999999999999,-0.027799999999999908,-0.026827992276454445,-0.037599999999999856,-0.021999999999999797
H3,final_harq_failure_probability,0.0077,0.035500000000000004,-0.027800000000000002,-0.7806068249596054,-0.0376,-0.022
H3,cb_attempts_per_slot,7.432877100476049,9.498078307219952,-2.065201206743904,-0.21709849197906986,-2.358126151489432,-1.6020939568189227
H3,cb_overlap_probability,0.6058400537825127,0.857457730017322,-0.2516176762348092,-0.2934476104355824,-0.27014066570864437,-0.23868240609704783
H3,scheduled_attempts_per_slot,0.4491845469537332,1.632201353061235,-1.1830168061075017,-0.7245439411682744,-1.2890657668660856,-1.0880643206864367
H3,p95_queue,3.625,188.60625000000002,-184.98125000000002,-0.9811020072131535,-244.0,-153.4000000000001
H3,max_queue,10.125,206.625,-196.5,-0.951474740093,-250.0,-169.0
H3,p95_wait,3.375,95.92499999999998,-92.54999999999998,-0.9655192941809154,-120.0,-78.0
H3,fraction_at_cap2,0.1653945484071866,0.9557528681903218,-0.7903583197831352,-0.8268802781384266,-0.8458733181484386,-0.7011191790624632
H3,mean_residual_cb_prbs,5.447137817178189,4.073068225293231,1.374069591884957,0.3375254328187657,1.239884184455227,1.464035448016629
H3,cb_prb_slots,3049.375,2196.125,853.25,0.3885561581515117,790.0,881.0
F3,correct_delivery_probability,0.99995,1.0,-4.999999999999449e-05,-4.999999999999449e-05,-0.00039999999999995595,0.0
F3,terminal_failure_probability,0.0,0.0,0.0,,0.0,0.0
F3,mean_latency,4.315650860344138,85.81825,-81.50259913965586,-0.9490678736627243,-114.21679999999999,-61.02239999999999
F3,p95_latency,11.625,331.38125,-319.75625,-0.9654745176612123,-396.0,-266.0
F3,p99_latency,21.252500000000055,427.02500000000055,-405.7725000000005,-0.951499179399016,-502.03000000000065,-316.0500000000011
F3,scheduled_attempts_per_packet,0.22495,0.5521,-0.32715,-0.5926235044572675,-0.3504,-0.3048
F3,mean_queue,3.0097473113250346,211.17618946013042,-208.16644214880537,-0.9866946670096821,-270.01542282900823,-160.0853181348532
F3,mean_wait,2.967109463195378,124.494733996414,-121.52762453321863,-0.9772315525524798,-157.7352023710968,-92.79873488567331
F3,scheduled_prb_slots,562.375,1380.25,-817.875,-0.5926235044572675,-876.0,-762.0
F3,total_occupied_prb_slots,3619.75,3945.5,-325.75,-0.08241794628477545,-430.0,-209.0
F3,rlc_retransmissions_per_packet,0.0,0.00015000000000000001,-0.00015000000000000001,-1.0,-0.0008,0.0
F3,first_scheduled_success_probability,0.5058402020334543,0.5007070120856696,0.005133189947784597,0.012633873023486161,-0.05938754719242517,0.07333618410822579
F3,scheduled_attempts_per_rescued_packet,1.5588748271182393,1.563693873483825,-0.004819046365585833,-0.002762449717601484,-0.10633205233578424,0.07649001551440571
F3,rescue_admission_rate,1.0,1.0,0.0,0.0,0.0,0.0
F3,eligible_stage_population,361.125,882.75,-521.625,-0.5907054153921446,-569.0,-459.0
F3,rescue_trigger_to_first_tx_mean,3.0673510126082277,122.14384322197742,-119.07649220936919,-0.9759764133765905,-154.7349862274252,-91.67227688187693
F3,phy_attempts_per_packet,2.41175,3.0711,-0.6593499999999999,-0.21468460955873006,-0.7075999999999998,-0.5915999999999997
F3,harq_episodes_per_packet,1.14445,1.35325,-0.20880000000000004,-0.15426780627311842,-0.22760000000000002,-0.18359999999999999
F3,final_harq_failure_probability,0.0,0.00015000000000000001,-0.00015000000000000001,-1.0,-0.0008,0.0
F3,cb_attempts_per_slot,7.601964374179698,7.45439752180628,0.1475668523734175,0.021149493648731997,-0.1729188352416795,0.8969827028085442
F3,cb_overlap_probability,0.6438366901978698,0.8169894988242914,-0.17315280862642154,-0.21173908596833815,-0.19968024876534285,-0.11780504695160798
F3,scheduled_attempts_per_slot,0.781961646434558,1.6332072008967513,-0.8512455544621933,-0.5208466876344734,-0.935476552699709,-0.6864272156795866
F3,p95_queue,13.893749999999997,377.26875,-363.375,-0.9645936199924248,-409.0,-318.0
F3,max_queue,21.5,398.75,-377.25,-0.9473559519078527,-422.0,-342.0
F3,p95_wait,8.625,190.625,-182.0,-0.9561500964472243,-204.0,-160.0
F3,fraction_at_cap2,0.3804656365010472,0.9777457075099144,-0.5972800710088672,-0.6112328073758512,-0.6453946139269223,-0.46112632287038
F3,mean_residual_cb_prbs,5.029783133382747,4.037816458064496,0.9919666753182511,0.24562596654080573,0.7853704984509271,1.0773814289908454
F3,cb_prb_slots,2922.375,2286.375,636.0,0.27817014639418125,502.0,700.0
