rho,scheme,seed,max_correct_delivery_latency,payload_id,rlc_retransmission_count,harq_episode_count,scheduled_queue_wait,terminal_recovery_history
0.70,Legacy-20,9101,36,2918,1,2,0,"[{""slot"": 688, ""access"": ""grant_free"", ""rv"": 0, ""rlc"": 0, ""ack"": false}, {""slot"": 690, ""access"": ""grant_free"", ""rv"": 2, ""rlc"": 0, ""ack"": false}, {""slot"": 692, ""access"": ""grant_free"", ""rv"": 3, ""rlc"": 0, ""ack"": false}, {""slot"": 694, ""access"": ""grant_free"", ""rv"": 1, ""rlc"": 0, ""ack"": false}, {""slot"": 719, ""access"": ""scheduled_rescue"", ""rv"": 0, ""rlc"": 1, ""ack"": false}, {""slot"": 721, ""access"": ""scheduled_rescue"", ""rv"": 2, ""rlc"": 1, ""ack"": false}, {""slot"": 723, ""access"": ""scheduled_rescue"", ""rv"": 3, ""rlc"": 1, ""ack"": true}]"
0.70,Legacy-20,9102,36,750,1,2,0,"[{""slot"": 179, ""access"": ""grant_free"", ""rv"": 0, ""rlc"": 0, ""ack"": false}, {""slot"": 181, ""access"": ""grant_free"", ""rv"": 2, ""rlc"": 0, ""ack"": false}, {""slot"": 183, ""access"": ""grant_free"", ""rv"": 3, ""rlc"": 0, ""ack"": false}, {""slot"": 185, ""access"": ""grant_free"", ""rv"": 1, ""rlc"": 0, ""ack"": false}, {""slot"": 210, ""access"": ""scheduled_rescue"", ""rv"": 0, ""rlc"": 1, ""ack"": false}, {""slot"": 212, ""access"": ""scheduled_rescue"", ""rv"": 2, ""rlc"": 1, ""ack"": false}, {""slot"": 214, ""access"": ""scheduled_rescue"", ""rv"": 3, ""rlc"": 1, ""ack"": true}]"
0.70,Legacy-20,9103,34,637,1,2,0,"[{""slot"": 167, ""access"": ""grant_free"", ""rv"": 0, ""rlc"": 0, ""ack"": false}, {""slot"": 169, ""access"": ""grant_free"", ""rv"": 2, ""rlc"": 0, ""ack"": false}, {""slot"": 171, ""access"": ""grant_free"", ""rv"": 3, ""rlc"": 0, ""ack"": false}, {""slot"": 173, ""access"": ""grant_free"", ""rv"": 1, ""rlc"": 0, ""ack"": false}, {""slot"": 198, ""access"": ""scheduled_rescue"", ""rv"": 0, ""rlc"": 1, ""ack"": false}, {""slot"": 200, ""access"": ""scheduled_rescue"", ""rv"": 2, ""rlc"": 1, ""ack"": true}]"
0.70,Legacy-20,9104,34,994,1,2,0,"[{""slot"": 214, ""access"": ""grant_free"", ""rv"": 0, ""rlc"": 0, ""ack"": false}, {""slot"": 216, ""access"": ""grant_free"", ""rv"": 2, ""rlc"": 0, ""ack"": false}, {""slot"": 218, ""access"": ""grant_free"", ""rv"": 3, ""rlc"": 0, ""ack"": false}, {""slot"": 220, ""access"": ""grant_free"", ""rv"": 1, ""rlc"": 0, ""ack"": false}, {""slot"": 243, ""access"": ""scheduled_rescue"", ""rv"": 0, ""rlc"": 1, ""ack"": false}, {""slot"": 245, ""access"": ""scheduled_rescue"", ""rv"": 2, ""rlc"": 1, ""ack"": false}, {""slot"": 247, ""access"": ""scheduled_rescue"", ""rv"": 3, ""rlc"": 1, ""ack"": true}]"
0.70,Legacy-20,9105,36,1319,1,2,0,"[{""slot"": 315, ""access"": ""grant_free"", ""rv"": 0, ""rlc"": 0, ""ack"": false}, {""slot"": 317, ""access"": ""grant_free"", ""rv"": 2, ""rlc"": 0, ""ack"": false}, {""slot"": 319, ""access"": ""grant_free"", ""rv"": 3, ""rlc"": 0, ""ack"": false}, {""slot"": 321, ""access"": ""grant_free"", ""rv"": 1, ""rlc"": 0, ""ack"": false}, {""slot"": 346, ""access"": ""scheduled_rescue"", ""rv"": 0, ""rlc"": 1, ""ack"": false}, {""slot"": 348, ""access"": ""scheduled_rescue"", ""rv"": 2, ""rlc"": 1, ""ack"": false}, {""slot"": 350, ""access"": ""scheduled_rescue"", ""rv"": 3, ""rlc"": 1, ""ack"": true}]"
0.70,Legacy-20,9106,36,1078,1,2,0,"[{""slot"": 259, ""access"": ""grant_free"", ""rv"": 0, ""rlc"": 0, ""ack"": false}, {""slot"": 261, ""access"": ""grant_free"", ""rv"": 2, ""rlc"": 0, ""ack"": false}, {""slot"": 263, ""access"": ""grant_free"", ""rv"": 3, ""rlc"": 0, ""ack"": false}, {""slot"": 265, ""access"": ""grant_free"", ""rv"": 1, ""rlc"": 0, ""ack"": false}, {""slot"": 288, ""access"": ""scheduled_rescue"", ""rv"": 0, ""rlc"": 1, ""ack"": false}, {""slot"": 290, ""access"": ""scheduled_rescue"", ""rv"": 2, ""rlc"": 1, ""ack"": false}, {""slot"": 292, ""access"": ""scheduled_rescue"", ""rv"": 3, ""rlc"": 1, ""ack"": false}, {""slot"": 294, ""access"": ""scheduled_rescue"", ""rv"": 1, ""rlc"": 1, ""ack"": true}]"
0.70,Legacy-20,9107,36,2255,1,2,0,"[{""slot"": 545, ""access"": ""grant_free"", ""rv"": 0, ""rlc"": 0, ""ack"": false}, {""slot"": 547, ""access"": ""grant_free"", ""rv"": 2, ""rlc"": 0, ""ack"": false}, {""slot"": 549, ""access"": ""grant_free"", ""rv"": 3, ""rlc"": 0, ""ack"": false}, {""slot"": 551, ""access"": ""grant_free"", ""rv"": 1, ""rlc"": 0, ""ack"": false}, {""slot"": 576, ""access"": ""scheduled_rescue"", ""rv"": 0, ""rlc"": 1, ""ack"": false}, {""slot"": 578, ""access"": ""scheduled_rescue"", ""rv"": 2, ""rlc"": 1, ""ack"": false}, {""slot"": 580, ""access"": ""scheduled_rescue"", ""rv"": 3, ""rlc"": 1, ""ack"": true}]"
0.70,Legacy-20,9108,34,662,1,2,0,"[{""slot"": 146, ""access"": ""grant_free"", ""rv"": 0, ""rlc"": 0, ""ack"": false}, {""slot"": 148, ""access"": ""grant_free"", ""rv"": 2, ""rlc"": 0, ""ack"": false}, {""slot"": 150, ""access"": ""grant_free"", ""rv"": 3, ""rlc"": 0, ""ack"": false}, {""slot"": 152, ""access"": ""grant_free"", ""rv"": 1, ""rlc"": 0, ""ack"": false}, {""slot"": 177, ""access"": ""scheduled_rescue"", ""rv"": 0, ""rlc"": 1, ""ack"": false}, {""slot"": 179, ""access"": ""scheduled_rescue"", ""rv"": 2, ""rlc"": 1, ""ack"": true}]"
0.70,Legacy-15,9101,29,1547,1,2,0,"[{""slot"": 359, ""access"": ""grant_free"", ""rv"": 0, ""rlc"": 0, ""ack"": false}, {""slot"": 361, ""access"": ""grant_free"", ""rv"": 2, ""rlc"": 0, ""ack"": false}, {""slot"": 363, ""access"": ""grant_free"", ""rv"": 3, ""rlc"": 0, ""ack"": false}, {""slot"": 365, ""access"": ""grant_free"", ""rv"": 1, ""rlc"": 0, ""ack"": false}, {""slot"": 385, ""access"": ""scheduled_rescue"", ""rv"": 0, ""rlc"": 1, ""ack"": false}, {""slot"": 387, ""access"": ""scheduled_rescue"", ""rv"": 2, ""rlc"": 1, ""ack"": true}]"
0.70,Legacy-15,9102,30,2427,1,2,0,"[{""slot"": 576, ""access"": ""grant_free"", ""rv"": 0, ""rlc"": 0, ""ack"": false}, {""slot"": 578, ""access"": ""grant_free"", ""rv"": 2, ""rlc"": 0, ""ack"": false}, {""slot"": 580, ""access"": ""grant_free"", ""rv"": 3, ""rlc"": 0, ""ack"": false}, {""slot"": 582, ""access"": ""grant_free"", ""rv"": 1, ""rlc"": 0, ""ack"": false}, {""slot"": 595, ""access"": ""scheduled_rescue"", ""rv"": 0, ""rlc"": 1, ""ack"": false}, {""slot"": 597, ""access"": ""scheduled_rescue"", ""rv"": 2, ""rlc"": 1, ""ack"": true}]"
0.70,Legacy-15,9103,29,2095,1,2,0,"[{""slot"": 508, ""access"": ""grant_free"", ""rv"": 0, ""rlc"": 0, ""ack"": false}, {""slot"": 510, ""access"": ""grant_free"", ""rv"": 2, ""rlc"": 0, ""ack"": false}, {""slot"": 512, ""access"": ""grant_free"", ""rv"": 3, ""rlc"": 0, ""ack"": false}, {""slot"": 514, ""access"": ""grant_free"", ""rv"": 1, ""rlc"": 0, ""ack"": false}, {""slot"": 534, ""access"": ""scheduled_rescue"", ""rv"": 0, ""rlc"": 1, ""ack"": false}, {""slot"": 536, ""access"": ""scheduled_rescue"", ""rv"": 2, ""rlc"": 1, ""ack"": true}]"
0.70,Legacy-15,9104,29,1858,1,2,0,"[{""slot"": 421, ""access"": ""grant_free"", ""rv"": 0, ""rlc"": 0, ""ack"": false}, {""slot"": 423, ""access"": ""grant_free"", ""rv"": 2, ""rlc"": 0, ""ack"": false}, {""slot"": 425, ""access"": ""grant_free"", ""rv"": 3, ""rlc"": 0, ""ack"": false}, {""slot"": 427, ""access"": ""grant_free"", ""rv"": 1, ""rlc"": 0, ""ack"": false}, {""slot"": 445, ""access"": ""scheduled_rescue"", ""rv"": 0, ""rlc"": 1, ""ack"": false}, {""slot"": 447, ""access"": ""scheduled_rescue"", ""rv"": 2, ""rlc"": 1, ""ack"": false}, {""slot"": 449, ""access"": ""scheduled_rescue"", ""rv"": 3, ""rlc"": 1, ""ack"": true}]"
0.70,Legacy-15,9105,29,2805,1,2,0,"[{""slot"": 662, ""access"": ""grant_free"", ""rv"": 0, ""rlc"": 0, ""ack"": false}, {""slot"": 664, ""access"": ""grant_free"", ""rv"": 2, ""rlc"": 0, ""ack"": false}, {""slot"": 666, ""access"": ""grant_free"", ""rv"": 3, ""rlc"": 0, ""ack"": false}, {""slot"": 668, ""access"": ""grant_free"", ""rv"": 1, ""rlc"": 0, ""ack"": false}, {""slot"": 688, ""access"": ""scheduled_rescue"", ""rv"": 0, ""rlc"": 1, ""ack"": false}, {""slot"": 690, ""access"": ""scheduled_rescue"", ""rv"": 2, ""rlc"": 1, ""ack"": true}]"
0.70,Legacy-15,9106,29,1184,1,2,0,"[{""slot"": 282, ""access"": ""grant_free"", ""rv"": 0, ""rlc"": 0, ""ack"": false}, {""slot"": 284, ""access"": ""grant_free"", ""rv"": 2, ""rlc"": 0, ""ack"": false}, {""slot"": 286, ""access"": ""grant_free"", ""rv"": 3, ""rlc"": 0, ""ack"": false}, {""slot"": 288, ""access"": ""grant_free"", ""rv"": 1, ""rlc"": 0, ""ack"": false}, {""slot"": 308, ""access"": ""scheduled_rescue"", ""rv"": 0, ""rlc"": 1, ""ack"": false}, {""slot"": 310, ""access"": ""scheduled_rescue"", ""rv"": 2, ""rlc"": 1, ""ack"": true}]"
0.70,Legacy-15,9107,29,1436,1,2,0,"[{""slot"": 342, ""access"": ""grant_free"", ""rv"": 0, ""rlc"": 0, ""ack"": false}, {""slot"": 344, ""access"": ""grant_free"", ""rv"": 2, ""rlc"": 0, ""ack"": false}, {""slot"": 346, ""access"": ""grant_free"", ""rv"": 3, ""rlc"": 0, ""ack"": false}, {""slot"": 348, ""access"": ""grant_free"", ""rv"": 1, ""rlc"": 0, ""ack"": false}, {""slot"": 368, ""access"": ""scheduled_rescue"", ""rv"": 0, ""rlc"": 1, ""ack"": false}, {""slot"": 370, ""access"": ""scheduled_rescue"", ""rv"": 2, ""rlc"": 1, ""ack"": true}]"
0.70,Legacy-15,9108,31,804,1,2,1,"[{""slot"": 178, ""access"": ""grant_free"", ""rv"": 0, ""rlc"": 0, ""ack"": false}, {""slot"": 180, ""access"": ""grant_free"", ""rv"": 2, ""rlc"": 0, ""ack"": false}, {""slot"": 182, ""access"": ""grant_free"", ""rv"": 3, ""rlc"": 0, ""ack"": false}, {""slot"": 184, ""access"": ""grant_free"", ""rv"": 1, ""rlc"": 0, ""ack"": false}, {""slot"": 203, ""access"": ""scheduled_rescue"", ""rv"": 0, ""rlc"": 1, ""ack"": false}, {""slot"": 205, ""access"": ""scheduled_rescue"", ""rv"": 2, ""rlc"": 1, ""ack"": false}, {""slot"": 208, ""access"": ""scheduled_rescue"", ""rv"": 3, ""rlc"": 1, ""ack"": true}]"
0.70,Fast-CB,9101,30,2853,2,3,0,"[{""slot"": 684, ""access"": ""grant_free"", ""rv"": 0, ""rlc"": 0, ""ack"": false}, {""slot"": 686, ""access"": ""grant_free"", ""rv"": 2, ""rlc"": 0, ""ack"": false}, {""slot"": 688, ""access"": ""grant_free"", ""rv"": 3, ""rlc"": 0, ""ack"": false}, {""slot"": 690, ""access"": ""grant_free"", ""rv"": 1, ""rlc"": 0, ""ack"": false}, {""slot"": 692, ""access"": ""grant_free"", ""rv"": 0, ""rlc"": 1, ""ack"": false}, {""slot"": 694, ""access"": ""grant_free"", ""rv"": 2, ""rlc"": 1, ""ack"": false}, {""slot"": 696, ""access"": ""grant_free"", ""rv"": 3, ""rlc"": 1, ""ack"": false}, {""slot"": 698, ""access"": ""grant_free"", ""rv"": 1, ""rlc"": 1, ""ack"": false}, {""slot"": 700, ""access"": ""grant_free"", ""rv"": 0, ""rlc"": 2, ""ack"": false}, {""slot"": 702, ""access"": ""grant_free"", ""rv"": 2, ""rlc"": 2, ""ack"": false}, {""slot"": 704, ""access"": ""grant_free"", ""rv"": 3, ""rlc"": 2, ""ack"": true}]"
0.70,Fast-CB,9102,21,1538,2,3,0,"[{""slot"": 361, ""access"": ""grant_free"", ""rv"": 0, ""rlc"": 0, ""ack"": false}, {""slot"": 363, ""access"": ""grant_free"", ""rv"": 2, ""rlc"": 0, ""ack"": false}, {""slot"": 365, ""access"": ""grant_free"", ""rv"": 3, ""rlc"": 0, ""ack"": false}, {""slot"": 367, ""access"": ""grant_free"", ""rv"": 1, ""rlc"": 0, ""ack"": false}, {""slot"": 369, ""access"": ""grant_free"", ""rv"": 0, ""rlc"": 1, ""ack"": false}, {""slot"": 371, ""access"": ""grant_free"", ""rv"": 2, ""rlc"": 1, ""ack"": false}, {""slot"": 373, ""access"": ""grant_free"", ""rv"": 3, ""rlc"": 1, ""ack"": false}, {""slot"": 375, ""access"": ""grant_free"", ""rv"": 1, ""rlc"": 1, ""ack"": false}, {""slot"": 377, ""access"": ""grant_free"", ""rv"": 0, ""rlc"": 2, ""ack"": false}, {""slot"": 379, ""access"": ""grant_free"", ""rv"": 2, ""rlc"": 2, ""ack"": false}, {""slot"": 381, ""access"": ""grant_free"", ""rv"": 3, ""rlc"": 2, ""ack"": true}]"
0.70,Fast-CB,9103,15,663,1,2,0,"[{""slot"": 172, ""access"": ""grant_free"", ""rv"": 0, ""rlc"": 0, ""ack"": false}, {""slot"": 174, ""access"": ""grant_free"", ""rv"": 2, ""rlc"": 0, ""ack"": false}, {""slot"": 176, ""access"": ""grant_free"", ""rv"": 3, ""rlc"": 0, ""ack"": false}, {""slot"": 178, ""access"": ""grant_free"", ""rv"": 1, ""rlc"": 0, ""ack"": false}, {""slot"": 180, ""access"": ""grant_free"", ""rv"": 0, ""rlc"": 1, ""ack"": false}, {""slot"": 182, ""access"": ""grant_free"", ""rv"": 2, ""rlc"": 1, ""ack"": false}, {""slot"": 184, ""access"": ""grant_free"", ""rv"": 3, ""rlc"": 1, ""ack"": false}, {""slot"": 186, ""access"": ""grant_free"", ""rv"": 1, ""rlc"": 1, ""ack"": true}]"
0.70,Fast-CB,9104,17,592,2,3,0,"[{""slot"": 124, ""access"": ""grant_free"", ""rv"": 0, ""rlc"": 0, ""ack"": false}, {""slot"": 126, ""access"": ""grant_free"", ""rv"": 2, ""rlc"": 0, ""ack"": false}, {""slot"": 128, ""access"": ""grant_free"", ""rv"": 3, ""rlc"": 0, ""ack"": false}, {""slot"": 130, ""access"": ""grant_free"", ""rv"": 1, ""rlc"": 0, ""ack"": false}, {""slot"": 132, ""access"": ""grant_free"", ""rv"": 0, ""rlc"": 1, ""ack"": false}, {""slot"": 134, ""access"": ""grant_free"", ""rv"": 2, ""rlc"": 1, ""ack"": false}, {""slot"": 136, ""access"": ""grant_free"", ""rv"": 3, ""rlc"": 1, ""ack"": false}, {""slot"": 138, ""access"": ""grant_free"", ""rv"": 1, ""rlc"": 1, ""ack"": false}, {""slot"": 140, ""access"": ""grant_free"", ""rv"": 0, ""rlc"": 2, ""ack"": true}]"
0.70,Fast-CB,9105,17,1430,2,3,0,"[{""slot"": 337, ""access"": ""grant_free"", ""rv"": 0, ""rlc"": 0, ""ack"": false}, {""slot"": 339, ""access"": ""grant_free"", ""rv"": 2, ""rlc"": 0, ""ack"": false}, {""slot"": 341, ""access"": ""grant_free"", ""rv"": 3, ""rlc"": 0, ""ack"": false}, {""slot"": 343, ""access"": ""grant_free"", ""rv"": 1, ""rlc"": 0, ""ack"": false}, {""slot"": 345, ""access"": ""grant_free"", ""rv"": 0, ""rlc"": 1, ""ack"": false}, {""slot"": 347, ""access"": ""grant_free"", ""rv"": 2, ""rlc"": 1, ""ack"": false}, {""slot"": 349, ""access"": ""grant_free"", ""rv"": 3, ""rlc"": 1, ""ack"": false}, {""slot"": 351, ""access"": ""grant_free"", ""rv"": 1, ""rlc"": 1, ""ack"": false}, {""slot"": 353, ""access"": ""grant_free"", ""rv"": 0, ""rlc"": 2, ""ack"": true}]"
0.70,Fast-CB,9106,19,2655,2,3,0,"[{""slot"": 632, ""access"": ""grant_free"", ""rv"": 0, ""rlc"": 0, ""ack"": false}, {""slot"": 634, ""access"": ""grant_free"", ""rv"": 2, ""rlc"": 0, ""ack"": false}, {""slot"": 636, ""access"": ""grant_free"", ""rv"": 3, ""rlc"": 0, ""ack"": false}, {""slot"": 638, ""access"": ""grant_free"", ""rv"": 1, ""rlc"": 0, ""ack"": false}, {""slot"": 640, ""access"": ""grant_free"", ""rv"": 0, ""rlc"": 1, ""ack"": false}, {""slot"": 642, ""access"": ""grant_free"", ""rv"": 2, ""rlc"": 1, ""ack"": false}, {""slot"": 644, ""access"": ""grant_free"", ""rv"": 3, ""rlc"": 1, ""ack"": false}, {""slot"": 646, ""access"": ""grant_free"", ""rv"": 1, ""rlc"": 1, ""ack"": false}, {""slot"": 648, ""access"": ""grant_free"", ""rv"": 0, ""rlc"": 2, ""ack"": false}, {""slot"": 650, ""access"": ""grant_free"", ""rv"": 2, ""rlc"": 2, ""ack"": true}]"
0.70,Fast-CB,9107,19,2338,2,3,0,"[{""slot"": 562, ""access"": ""grant_free"", ""rv"": 0, ""rlc"": 0, ""ack"": false}, {""slot"": 564, ""access"": ""grant_free"", ""rv"": 2, ""rlc"": 0, ""ack"": false}, {""slot"": 566, ""access"": ""grant_free"", ""rv"": 3, ""rlc"": 0, ""ack"": false}, {""slot"": 568, ""access"": ""grant_free"", ""rv"": 1, ""rlc"": 0, ""ack"": false}, {""slot"": 570, ""access"": ""grant_free"", ""rv"": 0, ""rlc"": 1, ""ack"": false}, {""slot"": 572, ""access"": ""grant_free"", ""rv"": 2, ""rlc"": 1, ""ack"": false}, {""slot"": 574, ""access"": ""grant_free"", ""rv"": 3, ""rlc"": 1, ""ack"": false}, {""slot"": 576, ""access"": ""grant_free"", ""rv"": 1, ""rlc"": 1, ""ack"": false}, {""slot"": 578, ""access"": ""grant_free"", ""rv"": 0, ""rlc"": 2, ""ack"": false}, {""slot"": 580, ""access"": ""grant_free"", ""rv"": 2, ""rlc"": 2, ""ack"": true}]"
0.70,Fast-CB,9108,17,1793,2,3,0,"[{""slot"": 420, ""access"": ""grant_free"", ""rv"": 0, ""rlc"": 0, ""ack"": false}, {""slot"": 422, ""access"": ""grant_free"", ""rv"": 2, ""rlc"": 0, ""ack"": false}, {""slot"": 424, ""access"": ""grant_free"", ""rv"": 3, ""rlc"": 0, ""ack"": false}, {""slot"": 426, ""access"": ""grant_free"", ""rv"": 1, ""rlc"": 0, ""ack"": false}, {""slot"": 428, ""access"": ""grant_free"", ""rv"": 0, ""rlc"": 1, ""ack"": false}, {""slot"": 430, ""access"": ""grant_free"", ""rv"": 2, ""rlc"": 1, ""ack"": false}, {""slot"": 432, ""access"": ""grant_free"", ""rv"": 3, ""rlc"": 1, ""ack"": false}, {""slot"": 434, ""access"": ""grant_free"", ""rv"": 1, ""rlc"": 1, ""ack"": false}, {""slot"": 436, ""access"": ""grant_free"", ""rv"": 0, ""rlc"": 2, ""ack"": true}]"
0.70,B,9101,18,2853,1,2,0,"[{""slot"": 684, ""access"": ""grant_free"", ""rv"": 0, ""rlc"": 0, ""ack"": false}, {""slot"": 686, ""access"": ""grant_free"", ""rv"": 2, ""rlc"": 0, ""ack"": false}, {""slot"": 688, ""access"": ""grant_free"", ""rv"": 3, ""rlc"": 0, ""ack"": false}, {""slot"": 690, ""access"": ""grant_free"", ""rv"": 1, ""rlc"": 0, ""ack"": false}, {""slot"": 692, ""access"": ""scheduled_rescue"", ""rv"": 0, ""rlc"": 1, ""ack"": true}]"
0.70,B,9102,15,1006,1,2,0,"[{""slot"": 239, ""access"": ""grant_free"", ""rv"": 0, ""rlc"": 0, ""ack"": false}, {""slot"": 241, ""access"": ""grant_free"", ""rv"": 2, ""rlc"": 0, ""ack"": false}, {""slot"": 243, ""access"": ""grant_free"", ""rv"": 3, ""rlc"": 0, ""ack"": false}, {""slot"": 245, ""access"": ""grant_free"", ""rv"": 1, ""rlc"": 0, ""ack"": false}, {""slot"": 247, ""access"": ""scheduled_rescue"", ""rv"": 0, ""rlc"": 1, ""ack"": false}, {""slot"": 249, ""access"": ""scheduled_rescue"", ""rv"": 2, ""rlc"": 1, ""ack"": false}, {""slot"": 251, ""access"": ""scheduled_rescue"", ""rv"": 3, ""rlc"": 1, ""ack"": false}, {""slot"": 253, ""access"": ""scheduled_rescue"", ""rv"": 1, ""rlc"": 1, ""ack"": true}]"
0.70,B,9103,15,2936,1,2,0,"[{""slot"": 705, ""access"": ""grant_free"", ""rv"": 0, ""rlc"": 0, ""ack"": false}, {""slot"": 707, ""access"": ""grant_free"", ""rv"": 2, ""rlc"": 0, ""ack"": false}, {""slot"": 709, ""access"": ""grant_free"", ""rv"": 3, ""rlc"": 0, ""ack"": false}, {""slot"": 711, ""access"": ""grant_free"", ""rv"": 1, ""rlc"": 0, ""ack"": false}, {""slot"": 713, ""access"": ""scheduled_rescue"", ""rv"": 0, ""rlc"": 1, ""ack"": false}, {""slot"": 715, ""access"": ""scheduled_rescue"", ""rv"": 2, ""rlc"": 1, ""ack"": false}, {""slot"": 717, ""access"": ""scheduled_rescue"", ""rv"": 3, ""rlc"": 1, ""ack"": false}, {""slot"": 719, ""access"": ""scheduled_rescue"", ""rv"": 1, ""rlc"": 1, ""ack"": true}]"
0.70,B,9104,13,1479,1,2,0,"[{""slot"": 331, ""access"": ""grant_free"", ""rv"": 0, ""rlc"": 0, ""ack"": false}, {""slot"": 333, ""access"": ""grant_free"", ""rv"": 2, ""rlc"": 0, ""ack"": false}, {""slot"": 335, ""access"": ""grant_free"", ""rv"": 3, ""rlc"": 0, ""ack"": false}, {""slot"": 337, ""access"": ""grant_free"", ""rv"": 1, ""rlc"": 0, ""ack"": false}, {""slot"": 339, ""access"": ""scheduled_rescue"", ""rv"": 0, ""rlc"": 1, ""ack"": false}, {""slot"": 341, ""access"": ""scheduled_rescue"", ""rv"": 2, ""rlc"": 1, ""ack"": false}, {""slot"": 343, ""access"": ""scheduled_rescue"", ""rv"": 3, ""rlc"": 1, ""ack"": true}]"
0.70,B,9105,13,1800,1,2,0,"[{""slot"": 426, ""access"": ""grant_free"", ""rv"": 0, ""rlc"": 0, ""ack"": false}, {""slot"": 428, ""access"": ""grant_free"", ""rv"": 2, ""rlc"": 0, ""ack"": false}, {""slot"": 430, ""access"": ""grant_free"", ""rv"": 3, ""rlc"": 0, ""ack"": false}, {""slot"": 432, ""access"": ""grant_free"", ""rv"": 1, ""rlc"": 0, ""ack"": false}, {""slot"": 434, ""access"": ""scheduled_rescue"", ""rv"": 0, ""rlc"": 1, ""ack"": false}, {""slot"": 436, ""access"": ""scheduled_rescue"", ""rv"": 2, ""rlc"": 1, ""ack"": false}, {""slot"": 438, ""access"": ""scheduled_rescue"", ""rv"": 3, ""rlc"": 1, ""ack"": true}]"
0.70,B,9106,13,2654,1,2,0,"[{""slot"": 632, ""access"": ""grant_free"", ""rv"": 0, ""rlc"": 0, ""ack"": false}, {""slot"": 634, ""access"": ""grant_free"", ""rv"": 2, ""rlc"": 0, ""ack"": false}, {""slot"": 636, ""access"": ""grant_free"", ""rv"": 3, ""rlc"": 0, ""ack"": false}, {""slot"": 638, ""access"": ""grant_free"", ""rv"": 1, ""rlc"": 0, ""ack"": false}, {""slot"": 640, ""access"": ""scheduled_rescue"", ""rv"": 0, ""rlc"": 1, ""ack"": false}, {""slot"": 642, ""access"": ""scheduled_rescue"", ""rv"": 2, ""rlc"": 1, ""ack"": false}, {""slot"": 644, ""access"": ""scheduled_rescue"", ""rv"": 3, ""rlc"": 1, ""ack"": true}]"
0.70,B,9107,14,2839,1,2,1,"[{""slot"": 684, ""access"": ""grant_free"", ""rv"": 0, ""rlc"": 0, ""ack"": false}, {""slot"": 686, ""access"": ""grant_free"", ""rv"": 2, ""rlc"": 0, ""ack"": false}, {""slot"": 688, ""access"": ""grant_free"", ""rv"": 3, ""rlc"": 0, ""ack"": false}, {""slot"": 690, ""access"": ""grant_free"", ""rv"": 1, ""rlc"": 0, ""ack"": false}, {""slot"": 693, ""access"": ""scheduled_rescue"", ""rv"": 0, ""rlc"": 1, ""ack"": false}, {""slot"": 695, ""access"": ""scheduled_rescue"", ""rv"": 2, ""rlc"": 1, ""ack"": false}, {""slot"": 697, ""access"": ""scheduled_rescue"", ""rv"": 3, ""rlc"": 1, ""ack"": true}]"
0.70,B,9108,13,826,1,2,0,"[{""slot"": 182, ""access"": ""grant_free"", ""rv"": 0, ""rlc"": 0, ""ack"": false}, {""slot"": 184, ""access"": ""grant_free"", ""rv"": 2, ""rlc"": 0, ""ack"": false}, {""slot"": 186, ""access"": ""grant_free"", ""rv"": 3, ""rlc"": 0, ""ack"": false}, {""slot"": 188, ""access"": ""grant_free"", ""rv"": 1, ""rlc"": 0, ""ack"": false}, {""slot"": 190, ""access"": ""scheduled_rescue"", ""rv"": 0, ""rlc"": 1, ""ack"": false}, {""slot"": 192, ""access"": ""scheduled_rescue"", ""rv"": 2, ""rlc"": 1, ""ack"": false}, {""slot"": 194, ""access"": ""scheduled_rescue"", ""rv"": 3, ""rlc"": 1, ""ack"": true}]"
0.70,H2,9101,33,1508,0,1,26,"[{""slot"": 348, ""access"": ""grant_free"", ""rv"": 0, ""rlc"": 0, ""ack"": false}, {""slot"": 350, ""access"": ""grant_free"", ""rv"": 2, ""rlc"": 0, ""ack"": false}, {""slot"": 365, ""access"": ""scheduled_rescue"", ""rv"": 3, ""rlc"": 0, ""ack"": false}, {""slot"": 380, ""access"": ""scheduled_rescue"", ""rv"": 1, ""rlc"": 0, ""ack"": true}]"
0.70,H2,9102,32,1902,0,1,25,"[{""slot"": 440, ""access"": ""grant_free"", ""rv"": 0, ""rlc"": 0, ""ack"": false}, {""slot"": 442, ""access"": ""grant_free"", ""rv"": 2, ""rlc"": 0, ""ack"": false}, {""slot"": 456, ""access"": ""scheduled_rescue"", ""rv"": 3, ""rlc"": 0, ""ack"": false}, {""slot"": 471, ""access"": ""scheduled_rescue"", ""rv"": 1, ""rlc"": 0, ""ack"": true}]"
0.70,H2,9103,27,2346,1,2,16,"[{""slot"": 569, ""access"": ""grant_free"", ""rv"": 0, ""rlc"": 0, ""ack"": false}, {""slot"": 571, ""access"": ""grant_free"", ""rv"": 2, ""rlc"": 0, ""ack"": false}, {""slot"": 579, ""access"": ""scheduled_rescue"", ""rv"": 3, ""rlc"": 0, ""ack"": false}, {""slot"": 588, ""access"": ""scheduled_rescue"", ""rv"": 1, ""rlc"": 0, ""ack"": false}, {""slot"": 592, ""access"": ""scheduled_rescue"", ""rv"": 0, ""rlc"": 1, ""ack"": false}, {""slot"": 595, ""access"": ""scheduled_rescue"", ""rv"": 2, ""rlc"": 1, ""ack"": true}]"
0.70,H2,9104,98,627,1,2,89,"[{""slot"": 130, ""access"": ""grant_free"", ""rv"": 0, ""rlc"": 0, ""ack"": false}, {""slot"": 132, ""access"": ""grant_free"", ""rv"": 2, ""rlc"": 0, ""ack"": false}, {""slot"": 160, ""access"": ""scheduled_rescue"", ""rv"": 3, ""rlc"": 0, ""ack"": false}, {""slot"": 192, ""access"": ""scheduled_rescue"", ""rv"": 1, ""rlc"": 0, ""ack"": false}, {""slot"": 227, ""access"": ""scheduled_rescue"", ""rv"": 0, ""rlc"": 1, ""ack"": true}]"
0.70,H2,9105,26,515,0,1,19,"[{""slot"": 117, ""access"": ""grant_free"", ""rv"": 0, ""rlc"": 0, ""ack"": false}, {""slot"": 119, ""access"": ""grant_free"", ""rv"": 2, ""rlc"": 0, ""ack"": false}, {""slot"": 132, ""access"": ""scheduled_rescue"", ""rv"": 3, ""rlc"": 0, ""ack"": false}, {""slot"": 142, ""access"": ""scheduled_rescue"", ""rv"": 1, ""rlc"": 0, ""ack"": true}]"
0.70,H2,9106,49,2609,1,2,38,"[{""slot"": 623, ""access"": ""grant_free"", ""rv"": 0, ""rlc"": 0, ""ack"": false}, {""slot"": 625, ""access"": ""grant_free"", ""rv"": 2, ""rlc"": 0, ""ack"": false}, {""slot"": 631, ""access"": ""scheduled_rescue"", ""rv"": 3, ""rlc"": 0, ""ack"": false}, {""slot"": 641, ""access"": ""scheduled_rescue"", ""rv"": 1, ""rlc"": 0, ""ack"": false}, {""slot"": 655, ""access"": ""scheduled_rescue"", ""rv"": 0, ""rlc"": 1, ""ack"": false}, {""slot"": 671, ""access"": ""scheduled_rescue"", ""rv"": 2, ""rlc"": 1, ""ack"": true}]"
0.70,H2,9107,51,1497,1,2,40,"[{""slot"": 355, ""access"": ""grant_free"", ""rv"": 0, ""rlc"": 0, ""ack"": false}, {""slot"": 357, ""access"": ""grant_free"", ""rv"": 2, ""rlc"": 0, ""ack"": false}, {""slot"": 368, ""access"": ""scheduled_rescue"", ""rv"": 3, ""rlc"": 0, ""ack"": false}, {""slot"": 386, ""access"": ""scheduled_rescue"", ""rv"": 1, ""rlc"": 0, ""ack"": false}, {""slot"": 396, ""access"": ""scheduled_rescue"", ""rv"": 0, ""rlc"": 1, ""ack"": false}, {""slot"": 405, ""access"": ""scheduled_rescue"", ""rv"": 2, ""rlc"": 1, ""ack"": true}]"
0.70,H2,9108,57,873,0,1,50,"[{""slot"": 190, ""access"": ""grant_free"", ""rv"": 0, ""rlc"": 0, ""ack"": false}, {""slot"": 192, ""access"": ""grant_free"", ""rv"": 2, ""rlc"": 0, ""ack"": false}, {""slot"": 221, ""access"": ""scheduled_rescue"", ""rv"": 3, ""rlc"": 0, ""ack"": false}, {""slot"": 246, ""access"": ""scheduled_rescue"", ""rv"": 1, ""rlc"": 0, ""ack"": true}]"
0.70,F2,9101,563,1466,0,2,379,"[{""slot"": 517, ""access"": ""grant_free"", ""rv"": 0, ""rlc"": 0, ""ack"": false}, {""slot"": 519, ""access"": ""grant_free"", ""rv"": 2, ""rlc"": 0, ""ack"": false}, {""slot"": 646, ""access"": ""scheduled_rescue"", ""rv"": 0, ""rlc"": 0, ""ack"": false}, {""slot"": 795, ""access"": ""scheduled_rescue"", ""rv"": 2, ""rlc"": 0, ""ack"": false}, {""slot"": 904, ""access"": ""scheduled_rescue"", ""rv"": 3, ""rlc"": 0, ""ack"": true}]"
0.70,F2,9102,412,1797,0,2,401,"[{""slot"": 417, ""access"": ""grant_free"", ""rv"": 0, ""rlc"": 0, ""ack"": false}, {""slot"": 419, ""access"": ""grant_free"", ""rv"": 2, ""rlc"": 0, ""ack"": false}, {""slot"": 500, ""access"": ""scheduled_rescue"", ""rv"": 0, ""rlc"": 0, ""ack"": false}, {""slot"": 597, ""access"": ""scheduled_rescue"", ""rv"": 2, ""rlc"": 0, ""ack"": false}, {""slot"": 712, ""access"": ""scheduled_rescue"", ""rv"": 3, ""rlc"": 0, ""ack"": false}, {""slot"": 828, ""access"": ""scheduled_rescue"", ""rv"": 1, ""rlc"": 0, ""ack"": true}]"
0.70,F2,9103,391,2034,0,2,380,"[{""slot"": 493, ""access"": ""grant_free"", ""rv"": 0, ""rlc"": 0, ""ack"": false}, {""slot"": 495, ""access"": ""grant_free"", ""rv"": 2, ""rlc"": 0, ""ack"": false}, {""slot"": 579, ""access"": ""scheduled_rescue"", ""rv"": 0, ""rlc"": 0, ""ack"": false}, {""slot"": 684, ""access"": ""scheduled_rescue"", ""rv"": 2, ""rlc"": 0, ""ack"": false}, {""slot"": 799, ""access"": ""scheduled_rescue"", ""rv"": 3, ""rlc"": 0, ""ack"": false}, {""slot"": 883, ""access"": ""scheduled_rescue"", ""rv"": 1, ""rlc"": 0, ""ack"": true}]"
0.70,F2,9104,603,1420,0,2,269,"[{""slot"": 641, ""access"": ""grant_free"", ""rv"": 0, ""rlc"": 0, ""ack"": false}, {""slot"": 643, ""access"": ""grant_free"", ""rv"": 2, ""rlc"": 0, ""ack"": false}, {""slot"": 790, ""access"": ""scheduled_rescue"", ""rv"": 0, ""rlc"": 0, ""ack"": false}, {""slot"": 890, ""access"": ""scheduled_rescue"", ""rv"": 2, ""rlc"": 0, ""ack"": false}, {""slot"": 918, ""access"": ""scheduled_rescue"", ""rv"": 3, ""rlc"": 0, ""ack"": true}]"
0.70,F2,9105,504,1340,0,2,235,"[{""slot"": 581, ""access"": ""grant_free"", ""rv"": 0, ""rlc"": 0, ""ack"": false}, {""slot"": 583, ""access"": ""grant_free"", ""rv"": 2, ""rlc"": 0, ""ack"": false}, {""slot"": 695, ""access"": ""scheduled_rescue"", ""rv"": 0, ""rlc"": 0, ""ack"": false}, {""slot"": 822, ""access"": ""scheduled_rescue"", ""rv"": 2, ""rlc"": 0, ""ack"": true}]"
0.70,F2,9106,420,1789,0,2,327,"[{""slot"": 504, ""access"": ""grant_free"", ""rv"": 0, ""rlc"": 0, ""ack"": false}, {""slot"": 506, ""access"": ""grant_free"", ""rv"": 2, ""rlc"": 0, ""ack"": false}, {""slot"": 607, ""access"": ""scheduled_rescue"", ""rv"": 0, ""rlc"": 0, ""ack"": false}, {""slot"": 715, ""access"": ""scheduled_rescue"", ""rv"": 2, ""rlc"": 0, ""ack"": false}, {""slot"": 839, ""access"": ""scheduled_rescue"", ""rv"": 3, ""rlc"": 0, ""ack"": true}]"
0.70,F2,9107,434,1741,0,2,181,"[{""slot"": 665, ""access"": ""grant_free"", ""rv"": 0, ""rlc"": 0, ""ack"": false}, {""slot"": 667, ""access"": ""grant_free"", ""rv"": 2, ""rlc"": 0, ""ack"": false}, {""slot"": 764, ""access"": ""scheduled_rescue"", ""rv"": 0, ""rlc"": 0, ""ack"": false}, {""slot"": 852, ""access"": ""scheduled_rescue"", ""rv"": 2, ""rlc"": 0, ""ack"": true}]"
0.70,F2,9108,406,1831,0,2,215,"[{""slot"": 611, ""access"": ""grant_free"", ""rv"": 0, ""rlc"": 0, ""ack"": false}, {""slot"": 613, ""access"": ""grant_free"", ""rv"": 2, ""rlc"": 0, ""ack"": false}, {""slot"": 717, ""access"": ""scheduled_rescue"", ""rv"": 0, ""rlc"": 0, ""ack"": false}, {""slot"": 832, ""access"": ""scheduled_rescue"", ""rv"": 2, ""rlc"": 0, ""ack"": true}]"
0.70,H3,9101,17,2914,1,2,5,"[{""slot"": 688, ""access"": ""grant_free"", ""rv"": 0, ""rlc"": 0, ""ack"": false}, {""slot"": 690, ""access"": ""grant_free"", ""rv"": 2, ""rlc"": 0, ""ack"": false}, {""slot"": 692, ""access"": ""grant_free"", ""rv"": 3, ""rlc"": 0, ""ack"": false}, {""slot"": 694, ""access"": ""scheduled_rescue"", ""rv"": 1, ""rlc"": 0, ""ack"": false}, {""slot"": 697, ""access"": ""scheduled_rescue"", ""rv"": 0, ""rlc"": 1, ""ack"": false}, {""slot"": 703, ""access"": ""scheduled_rescue"", ""rv"": 2, ""rlc"": 1, ""ack"": true}]"
0.70,H3,9102,12,835,1,2,1,"[{""slot"": 199, ""access"": ""grant_free"", ""rv"": 0, ""rlc"": 0, ""ack"": false}, {""slot"": 201, ""access"": ""grant_free"", ""rv"": 2, ""rlc"": 0, ""ack"": false}, {""slot"": 203, ""access"": ""grant_free"", ""rv"": 3, ""rlc"": 0, ""ack"": false}, {""slot"": 206, ""access"": ""scheduled_rescue"", ""rv"": 1, ""rlc"": 0, ""ack"": false}, {""slot"": 208, ""access"": ""scheduled_rescue"", ""rv"": 0, ""rlc"": 1, ""ack"": false}, {""slot"": 210, ""access"": ""scheduled_rescue"", ""rv"": 2, ""rlc"": 1, ""ack"": true}]"
0.70,H3,9103,15,751,1,2,4,"[{""slot"": 191, ""access"": ""grant_free"", ""rv"": 0, ""rlc"": 0, ""ack"": false}, {""slot"": 193, ""access"": ""grant_free"", ""rv"": 2, ""rlc"": 0, ""ack"": false}, {""slot"": 195, ""access"": ""grant_free"", ""rv"": 3, ""rlc"": 0, ""ack"": false}, {""slot"": 199, ""access"": ""scheduled_rescue"", ""rv"": 1, ""rlc"": 0, ""ack"": false}, {""slot"": 202, ""access"": ""scheduled_rescue"", ""rv"": 0, ""rlc"": 1, ""ack"": false}, {""slot"": 205, ""access"": ""scheduled_rescue"", ""rv"": 2, ""rlc"": 1, ""ack"": true}]"
0.70,H3,9104,25,603,1,2,14,"[{""slot"": 126, ""access"": ""grant_free"", ""rv"": 0, ""rlc"": 0, ""ack"": false}, {""slot"": 128, ""access"": ""grant_free"", ""rv"": 2, ""rlc"": 0, ""ack"": false}, {""slot"": 130, ""access"": ""grant_free"", ""rv"": 3, ""rlc"": 0, ""ack"": false}, {""slot"": 135, ""access"": ""scheduled_rescue"", ""rv"": 1, ""rlc"": 0, ""ack"": false}, {""slot"": 143, ""access"": ""scheduled_rescue"", ""rv"": 0, ""rlc"": 1, ""ack"": false}, {""slot"": 150, ""access"": ""scheduled_rescue"", ""rv"": 2, ""rlc"": 1, ""ack"": true}]"
0.70,H3,9105,22,2393,1,2,9,"[{""slot"": 561, ""access"": ""grant_free"", ""rv"": 0, ""rlc"": 0, ""ack"": false}, {""slot"": 563, ""access"": ""grant_free"", ""rv"": 2, ""rlc"": 0, ""ack"": false}, {""slot"": 565, ""access"": ""grant_free"", ""rv"": 3, ""rlc"": 0, ""ack"": false}, {""slot"": 568, ""access"": ""scheduled_rescue"", ""rv"": 1, ""rlc"": 0, ""ack"": false}, {""slot"": 572, ""access"": ""scheduled_rescue"", ""rv"": 0, ""rlc"": 1, ""ack"": false}, {""slot"": 578, ""access"": ""scheduled_rescue"", ""rv"": 2, ""rlc"": 1, ""ack"": false}, {""slot"": 582, ""access"": ""scheduled_rescue"", ""rv"": 3, ""rlc"": 1, ""ack"": true}]"
0.70,H3,9106,13,1787,1,2,2,"[{""slot"": 420, ""access"": ""grant_free"", ""rv"": 0, ""rlc"": 0, ""ack"": false}, {""slot"": 422, ""access"": ""grant_free"", ""rv"": 2, ""rlc"": 0, ""ack"": false}, {""slot"": 424, ""access"": ""grant_free"", ""rv"": 3, ""rlc"": 0, ""ack"": false}, {""slot"": 428, ""access"": ""scheduled_rescue"", ""rv"": 1, ""rlc"": 0, ""ack"": false}, {""slot"": 430, ""access"": ""scheduled_rescue"", ""rv"": 0, ""rlc"": 1, ""ack"": false}, {""slot"": 432, ""access"": ""scheduled_rescue"", ""rv"": 2, ""rlc"": 1, ""ack"": true}]"
0.70,H3,9107,14,2274,1,2,3,"[{""slot"": 549, ""access"": ""grant_free"", ""rv"": 0, ""rlc"": 0, ""ack"": false}, {""slot"": 551, ""access"": ""grant_free"", ""rv"": 2, ""rlc"": 0, ""ack"": false}, {""slot"": 553, ""access"": ""grant_free"", ""rv"": 3, ""rlc"": 0, ""ack"": false}, {""slot"": 556, ""access"": ""scheduled_rescue"", ""rv"": 1, ""rlc"": 0, ""ack"": false}, {""slot"": 558, ""access"": ""scheduled_rescue"", ""rv"": 0, ""rlc"": 1, ""ack"": false}, {""slot"": 562, ""access"": ""scheduled_rescue"", ""rv"": 2, ""rlc"": 1, ""ack"": true}]"
0.70,H3,9108,26,709,1,2,9,"[{""slot"": 160, ""access"": ""grant_free"", ""rv"": 0, ""rlc"": 0, ""ack"": false}, {""slot"": 162, ""access"": ""grant_free"", ""rv"": 2, ""rlc"": 0, ""ack"": false}, {""slot"": 164, ""access"": ""grant_free"", ""rv"": 3, ""rlc"": 0, ""ack"": false}, {""slot"": 166, ""access"": ""scheduled_rescue"", ""rv"": 1, ""rlc"": 0, ""ack"": false}, {""slot"": 171, ""access"": ""scheduled_rescue"", ""rv"": 0, ""rlc"": 1, ""ack"": false}, {""slot"": 176, ""access"": ""scheduled_rescue"", ""rv"": 2, ""rlc"": 1, ""ack"": false}, {""slot"": 181, ""access"": ""scheduled_rescue"", ""rv"": 3, ""rlc"": 1, ""ack"": true}]"
0.70,F3,9101,24,2914,0,2,12,"[{""slot"": 690, ""access"": ""grant_free"", ""rv"": 0, ""rlc"": 0, ""ack"": false}, {""slot"": 692, ""access"": ""grant_free"", ""rv"": 2, ""rlc"": 0, ""ack"": false}, {""slot"": 694, ""access"": ""grant_free"", ""rv"": 3, ""rlc"": 0, ""ack"": false}, {""slot"": 699, ""access"": ""scheduled_rescue"", ""rv"": 0, ""rlc"": 0, ""ack"": false}, {""slot"": 710, ""access"": ""scheduled_rescue"", ""rv"": 2, ""rlc"": 0, ""ack"": true}]"
0.70,F3,9102,20,1526,0,2,9,"[{""slot"": 359, ""access"": ""grant_free"", ""rv"": 0, ""rlc"": 0, ""ack"": false}, {""slot"": 361, ""access"": ""grant_free"", ""rv"": 2, ""rlc"": 0, ""ack"": false}, {""slot"": 363, ""access"": ""grant_free"", ""rv"": 3, ""rlc"": 0, ""ack"": false}, {""slot"": 367, ""access"": ""scheduled_rescue"", ""rv"": 0, ""rlc"": 0, ""ack"": false}, {""slot"": 372, ""access"": ""scheduled_rescue"", ""rv"": 2, ""rlc"": 0, ""ack"": false}, {""slot"": 378, ""access"": ""scheduled_rescue"", ""rv"": 3, ""rlc"": 0, ""ack"": true}]"
0.70,F3,9103,23,2590,0,2,12,"[{""slot"": 626, ""access"": ""grant_free"", ""rv"": 0, ""rlc"": 0, ""ack"": false}, {""slot"": 628, ""access"": ""grant_free"", ""rv"": 2, ""rlc"": 0, ""ack"": false}, {""slot"": 630, ""access"": ""grant_free"", ""rv"": 3, ""rlc"": 0, ""ack"": false}, {""slot"": 636, ""access"": ""scheduled_rescue"", ""rv"": 0, ""rlc"": 0, ""ack"": false}, {""slot"": 643, ""access"": ""scheduled_rescue"", ""rv"": 2, ""rlc"": 0, ""ack"": false}, {""slot"": 648, ""access"": ""scheduled_rescue"", ""rv"": 3, ""rlc"": 0, ""ack"": true}]"
0.70,F3,9104,70,677,0,2,59,"[{""slot"": 141, ""access"": ""grant_free"", ""rv"": 0, ""rlc"": 0, ""ack"": false}, {""slot"": 143, ""access"": ""grant_free"", ""rv"": 2, ""rlc"": 0, ""ack"": false}, {""slot"": 145, ""access"": ""grant_free"", ""rv"": 3, ""rlc"": 0, ""ack"": false}, {""slot"": 170, ""access"": ""scheduled_rescue"", ""rv"": 0, ""rlc"": 0, ""ack"": false}, {""slot"": 191, ""access"": ""scheduled_rescue"", ""rv"": 2, ""rlc"": 0, ""ack"": false}, {""slot"": 210, ""access"": ""scheduled_rescue"", ""rv"": 3, ""rlc"": 0, ""ack"": true}]"
0.70,F3,9105,23,2426,0,2,12,"[{""slot"": 567, ""access"": ""grant_free"", ""rv"": 0, ""rlc"": 0, ""ack"": false}, {""slot"": 569, ""access"": ""grant_free"", ""rv"": 2, ""rlc"": 0, ""ack"": false}, {""slot"": 571, ""access"": ""grant_free"", ""rv"": 3, ""rlc"": 0, ""ack"": false}, {""slot"": 577, ""access"": ""scheduled_rescue"", ""rv"": 0, ""rlc"": 0, ""ack"": false}, {""slot"": 585, ""access"": ""scheduled_rescue"", ""rv"": 2, ""rlc"": 0, ""ack"": false}, {""slot"": 589, ""access"": ""scheduled_rescue"", ""rv"": 3, ""rlc"": 0, ""ack"": true}]"
0.70,F3,9106,28,2094,0,2,17,"[{""slot"": 498, ""access"": ""grant_free"", ""rv"": 0, ""rlc"": 0, ""ack"": false}, {""slot"": 500, ""access"": ""grant_free"", ""rv"": 2, ""rlc"": 0, ""ack"": false}, {""slot"": 502, ""access"": ""grant_free"", ""rv"": 3, ""rlc"": 0, ""ack"": false}, {""slot"": 509, ""access"": ""scheduled_rescue"", ""rv"": 0, ""rlc"": 0, ""ack"": false}, {""slot"": 518, ""access"": ""scheduled_rescue"", ""rv"": 2, ""rlc"": 0, ""ack"": false}, {""slot"": 525, ""access"": ""scheduled_rescue"", ""rv"": 3, ""rlc"": 0, ""ack"": true}]"
0.70,F3,9107,20,2267,0,2,9,"[{""slot"": 547, ""access"": ""grant_free"", ""rv"": 0, ""rlc"": 0, ""ack"": false}, {""slot"": 549, ""access"": ""grant_free"", ""rv"": 2, ""rlc"": 0, ""ack"": false}, {""slot"": 551, ""access"": ""grant_free"", ""rv"": 3, ""rlc"": 0, ""ack"": false}, {""slot"": 555, ""access"": ""scheduled_rescue"", ""rv"": 0, ""rlc"": 0, ""ack"": false}, {""slot"": 559, ""access"": ""scheduled_rescue"", ""rv"": 2, ""rlc"": 0, ""ack"": false}, {""slot"": 566, ""access"": ""scheduled_rescue"", ""rv"": 3, ""rlc"": 0, ""ack"": true}]"
0.70,F3,9108,36,821,0,2,27,"[{""slot"": 180, ""access"": ""grant_free"", ""rv"": 0, ""rlc"": 0, ""ack"": false}, {""slot"": 182, ""access"": ""grant_free"", ""rv"": 2, ""rlc"": 0, ""ack"": false}, {""slot"": 184, ""access"": ""grant_free"", ""rv"": 3, ""rlc"": 0, ""ack"": false}, {""slot"": 199, ""access"": ""scheduled_rescue"", ""rv"": 0, ""rlc"": 0, ""ack"": false}, {""slot"": 215, ""access"": ""scheduled_rescue"", ""rv"": 2, ""rlc"": 0, ""ack"": true}]"
0.90,Legacy-20,9101,491,1625,4,5,214,"[{""slot"": 479, ""access"": ""grant_free"", ""rv"": 0, ""rlc"": 0, ""ack"": false}, {""slot"": 481, ""access"": ""grant_free"", ""rv"": 2, ""rlc"": 0, ""ack"": false}, {""slot"": 483, ""access"": ""grant_free"", ""rv"": 3, ""rlc"": 0, ""ack"": false}, {""slot"": 485, ""access"": ""grant_free"", ""rv"": 1, ""rlc"": 0, ""ack"": false}, {""slot"": 565, ""access"": ""scheduled_rescue"", ""rv"": 0, ""rlc"": 1, ""ack"": false}, {""slot"": 681, ""access"": ""scheduled_rescue"", ""rv"": 0, ""rlc"": 2, ""ack"": false}, {""slot"": 740, ""access"": ""scheduled_rescue"", ""rv"": 0, ""rlc"": 3, ""ack"": false}, {""slot"": 758, ""access"": ""scheduled_rescue"", ""rv"": 2, ""rlc"": 3, ""ack"": false}, {""slot"": 777, ""access"": ""scheduled_rescue"", ""rv"": 0, ""rlc"": 4, ""ack"": false}, {""slot"": 784, ""access"": ""scheduled_rescue"", ""rv"": 2, ""rlc"": 4, ""ack"": true}]"
0.90,Legacy-20,9102,325,2124,6,7,167,"[{""slot"": 384, ""access"": ""grant_free"", ""rv"": 0, ""rlc"": 0, ""ack"": false}, {""slot"": 386, ""access"": ""grant_free"", ""rv"": 2, ""rlc"": 0, ""ack"": false}, {""slot"": 388, ""access"": ""grant_free"", ""rv"": 3, ""rlc"": 0, ""ack"": false}, {""slot"": 390, ""access"": ""grant_free"", ""rv"": 1, ""rlc"": 0, ""ack"": false}, {""slot"": 427, ""access"": ""scheduled_rescue"", ""rv"": 0, ""rlc"": 1, ""ack"": false}, {""slot"": 476, ""access"": ""scheduled_rescue"", ""rv"": 0, ""rlc"": 2, ""ack"": false}, {""slot"": 534, ""access"": ""scheduled_rescue"", ""rv"": 0, ""rlc"": 3, ""ack"": false}, {""slot"": 604, ""access"": ""scheduled_rescue"", ""rv"": 0, ""rlc"": 4, ""ack"": false}, {""slot"": 658, ""access"": ""scheduled_rescue"", ""rv"": 0, ""rlc"": 5, ""ack"": false}, {""slot"": 701, ""access"": ""scheduled_rescue"", ""rv"": 0, ""rlc"": 6, ""ack"": false}, {""slot"": 708, ""access"": ""scheduled_rescue"", ""rv"": 2, ""rlc"": 6, ""ack"": true}]"
0.90,Legacy-20,9103,277,2295,5,6,143,"[{""slot"": 434, ""access"": ""grant_free"", ""rv"": 0, ""rlc"": 0, ""ack"": false}, {""slot"": 436, ""access"": ""grant_free"", ""rv"": 2, ""rlc"": 0, ""ack"": false}, {""slot"": 438, ""access"": ""grant_free"", ""rv"": 3, ""rlc"": 0, ""ack"": false}, {""slot"": 440, ""access"": ""grant_free"", ""rv"": 1, ""rlc"": 0, ""ack"": false}, {""slot"": 474, ""access"": ""scheduled_rescue"", ""rv"": 0, ""rlc"": 1, ""ack"": false}, {""slot"": 525, ""access"": ""scheduled_rescue"", ""rv"": 0, ""rlc"": 2, ""ack"": false}, {""slot"": 587, ""access"": ""scheduled_rescue"", ""rv"": 0, ""rlc"": 3, ""ack"": false}, {""slot"": 656, ""access"": ""scheduled_rescue"", ""rv"": 0, ""rlc"": 4, ""ack"": false}, {""slot"": 698, ""access"": ""scheduled_rescue"", ""rv"": 0, ""rlc"": 5, ""ack"": false}, {""slot"": 706, ""access"": ""scheduled_rescue"", ""rv"": 2, ""rlc"": 5, ""ack"": false}, {""slot"": 710, ""access"": ""scheduled_rescue"", ""rv"": 3, ""rlc"": 5, ""ack"": true}]"
0.90,Legacy-20,9104,637,624,6,7,469,"[{""slot"": 100, ""access"": ""grant_free"", ""rv"": 0, ""rlc"": 0, ""ack"": false}, {""slot"": 102, ""access"": ""grant_free"", ""rv"": 2, ""rlc"": 0, ""ack"": false}, {""slot"": 104, ""access"": ""grant_free"", ""rv"": 3, ""rlc"": 0, ""ack"": false}, {""slot"": 106, ""access"": ""grant_free"", ""rv"": 1, ""rlc"": 0, ""ack"": false}, {""slot"": 166, ""access"": ""scheduled_rescue"", ""rv"": 0, ""rlc"": 1, ""ack"": false}, {""slot"": 241, ""access"": ""scheduled_rescue"", ""rv"": 0, ""rlc"": 2, ""ack"": false}, {""slot"": 345, ""access"": ""scheduled_rescue"", ""rv"": 0, ""rlc"": 3, ""ack"": false}, {""slot"": 474, ""access"": ""scheduled_rescue"", ""rv"": 0, ""rlc"": 4, ""ack"": false}, {""slot"": 623, ""access"": ""scheduled_rescue"", ""rv"": 0, ""rlc"": 5, ""ack"": false}, {""slot"": 736, ""access"": ""scheduled_rescue"", ""rv"": 0, ""rlc"": 6, ""ack"": true}]"
0.90,Legacy-20,9105,364,1855,6,7,200,"[{""slot"": 340, ""access"": ""grant_free"", ""rv"": 0, ""rlc"": 0, ""ack"": false}, {""slot"": 342, ""access"": ""grant_free"", ""rv"": 2, ""rlc"": 0, ""ack"": false}, {""slot"": 344, ""access"": ""grant_free"", ""rv"": 3, ""rlc"": 0, ""ack"": false}, {""slot"": 346, ""access"": ""grant_free"", ""rv"": 1, ""rlc"": 0, ""ack"": false}, {""slot"": 384, ""access"": ""scheduled_rescue"", ""rv"": 0, ""rlc"": 1, ""ack"": false}, {""slot"": 427, ""access"": ""scheduled_rescue"", ""rv"": 0, ""rlc"": 2, ""ack"": false}, {""slot"": 471, ""access"": ""scheduled_rescue"", ""rv"": 0, ""rlc"": 3, ""ack"": false}, {""slot"": 538, ""access"": ""scheduled_rescue"", ""rv"": 0, ""rlc"": 4, ""ack"": false}, {""slot"": 633, ""access"": ""scheduled_rescue"", ""rv"": 0, ""rlc"": 5, ""ack"": false}, {""slot"": 684, ""access"": ""scheduled_rescue"", ""rv"": 0, ""rlc"": 6, ""ack"": false}, {""slot"": 703, ""access"": ""scheduled_rescue"", ""rv"": 2, ""rlc"": 6, ""ack"": true}]"
0.90,Legacy-20,9106,422,1612,6,7,249,"[{""slot"": 297, ""access"": ""grant_free"", ""rv"": 0, ""rlc"": 0, ""ack"": false}, {""slot"": 299, ""access"": ""grant_free"", ""rv"": 2, ""rlc"": 0, ""ack"": false}, {""slot"": 301, ""access"": ""grant_free"", ""rv"": 3, ""rlc"": 0, ""ack"": false}, {""slot"": 303, ""access"": ""grant_free"", ""rv"": 1, ""rlc"": 0, ""ack"": false}, {""slot"": 340, ""access"": ""scheduled_rescue"", ""rv"": 0, ""rlc"": 1, ""ack"": false}, {""slot"": 400, ""access"": ""scheduled_rescue"", ""rv"": 0, ""rlc"": 2, ""ack"": false}, {""slot"": 474, ""access"": ""scheduled_rescue"", ""rv"": 0, ""rlc"": 3, ""ack"": false}, {""slot"": 540, ""access"": ""scheduled_rescue"", ""rv"": 0, ""rlc"": 4, ""ack"": false}, {""slot"": 645, ""access"": ""scheduled_rescue"", ""rv"": 0, ""rlc"": 5, ""ack"": false}, {""slot"": 700, ""access"": ""scheduled_rescue"", ""rv"": 0, ""rlc"": 6, ""ack"": false}, {""slot"": 718, ""access"": ""scheduled_rescue"", ""rv"": 2, ""rlc"": 6, ""ack"": true}]"
0.90,Legacy-20,9107,382,1852,6,7,202,"[{""slot"": 345, ""access"": ""grant_free"", ""rv"": 0, ""rlc"": 0, ""ack"": false}, {""slot"": 347, ""access"": ""grant_free"", ""rv"": 2, ""rlc"": 0, ""ack"": false}, {""slot"": 349, ""access"": ""grant_free"", ""rv"": 3, ""rlc"": 0, ""ack"": false}, {""slot"": 351, ""access"": ""grant_free"", ""rv"": 1, ""rlc"": 0, ""ack"": false}, {""slot"": 395, ""access"": ""scheduled_rescue"", ""rv"": 0, ""rlc"": 1, ""ack"": false}, {""slot"": 444, ""access"": ""scheduled_rescue"", ""rv"": 0, ""rlc"": 2, ""ack"": false}, {""slot"": 515, ""access"": ""scheduled_rescue"", ""rv"": 0, ""rlc"": 3, ""ack"": false}, {""slot"": 585, ""access"": ""scheduled_rescue"", ""rv"": 0, ""rlc"": 4, ""ack"": false}, {""slot"": 669, ""access"": ""scheduled_rescue"", ""rv"": 0, ""rlc"": 5, ""ack"": false}, {""slot"": 711, ""access"": ""scheduled_rescue"", ""rv"": 0, ""rlc"": 6, ""ack"": false}, {""slot"": 726, ""access"": ""scheduled_rescue"", ""rv"": 2, ""rlc"": 6, ""ack"": true}]"
0.90,Legacy-20,9108,459,1477,6,7,297,"[{""slot"": 263, ""access"": ""grant_free"", ""rv"": 0, ""rlc"": 0, ""ack"": false}, {""slot"": 265, ""access"": ""grant_free"", ""rv"": 2, ""rlc"": 0, ""ack"": false}, {""slot"": 267, ""access"": ""grant_free"", ""rv"": 3, ""rlc"": 0, ""ack"": false}, {""slot"": 269, ""access"": ""grant_free"", ""rv"": 1, ""rlc"": 0, ""ack"": false}, {""slot"": 319, ""access"": ""scheduled_rescue"", ""rv"": 0, ""rlc"": 1, ""ack"": false}, {""slot"": 378, ""access"": ""scheduled_rescue"", ""rv"": 0, ""rlc"": 2, ""ack"": false}, {""slot"": 458, ""access"": ""scheduled_rescue"", ""rv"": 0, ""rlc"": 3, ""ack"": false}, {""slot"": 547, ""access"": ""scheduled_rescue"", ""rv"": 0, ""rlc"": 4, ""ack"": false}, {""slot"": 652, ""access"": ""scheduled_rescue"", ""rv"": 0, ""rlc"": 5, ""ack"": false}, {""slot"": 704, ""access"": ""scheduled_rescue"", ""rv"": 0, ""rlc"": 6, ""ack"": false}, {""slot"": 721, ""access"": ""scheduled_rescue"", ""rv"": 2, ""rlc"": 6, ""ack"": true}]"
0.90,Legacy-15,9101,510,1510,0,1,0,"[{""slot"": 779, ""access"": ""grant_free"", ""rv"": 0, ""rlc"": 0, ""ack"": false}, {""slot"": 781, ""access"": ""grant_free"", ""rv"": 2, ""rlc"": 0, ""ack"": true}]"
0.90,Legacy-15,9102,180,2458,5,6,66,"[{""slot"": 445, ""access"": ""grant_free"", ""rv"": 0, ""rlc"": 0, ""ack"": false}, {""slot"": 447, ""access"": ""grant_free"", ""rv"": 2, ""rlc"": 0, ""ack"": false}, {""slot"": 449, ""access"": ""grant_free"", ""rv"": 3, ""rlc"": 0, ""ack"": false}, {""slot"": 451, ""access"": ""grant_free"", ""rv"": 1, ""rlc"": 0, ""ack"": false}, {""slot"": 480, ""access"": ""scheduled_rescue"", ""rv"": 0, ""rlc"": 1, ""ack"": false}, {""slot"": 514, ""access"": ""scheduled_rescue"", ""rv"": 0, ""rlc"": 2, ""ack"": false}, {""slot"": 553, ""access"": ""scheduled_rescue"", ""rv"": 0, ""rlc"": 3, ""ack"": false}, {""slot"": 595, ""access"": ""scheduled_rescue"", ""rv"": 0, ""rlc"": 4, ""ack"": false}, {""slot"": 624, ""access"": ""scheduled_rescue"", ""rv"": 0, ""rlc"": 5, ""ack"": true}]"
0.90,Legacy-15,9103,353,2048,6,7,211,"[{""slot"": 387, ""access"": ""grant_free"", ""rv"": 0, ""rlc"": 0, ""ack"": false}, {""slot"": 389, ""access"": ""grant_free"", ""rv"": 2, ""rlc"": 0, ""ack"": false}, {""slot"": 391, ""access"": ""grant_free"", ""rv"": 3, ""rlc"": 0, ""ack"": false}, {""slot"": 393, ""access"": ""grant_free"", ""rv"": 1, ""rlc"": 0, ""ack"": false}, {""slot"": 433, ""access"": ""scheduled_rescue"", ""rv"": 0, ""rlc"": 1, ""ack"": false}, {""slot"": 477, ""access"": ""scheduled_rescue"", ""rv"": 0, ""rlc"": 2, ""ack"": false}, {""slot"": 546, ""access"": ""scheduled_rescue"", ""rv"": 0, ""rlc"": 3, ""ack"": false}, {""slot"": 652, ""access"": ""scheduled_rescue"", ""rv"": 0, ""rlc"": 4, ""ack"": false}, {""slot"": 706, ""access"": ""scheduled_rescue"", ""rv"": 0, ""rlc"": 5, ""ack"": false}, {""slot"": 739, ""access"": ""scheduled_rescue"", ""rv"": 0, ""rlc"": 6, ""ack"": true}]"
0.90,Legacy-15,9104,588,1061,6,7,468,"[{""slot"": 178, ""access"": ""grant_free"", ""rv"": 0, ""rlc"": 0, ""ack"": false}, {""slot"": 180, ""access"": ""grant_free"", ""rv"": 2, ""rlc"": 0, ""ack"": false}, {""slot"": 182, ""access"": ""grant_free"", ""rv"": 3, ""rlc"": 0, ""ack"": false}, {""slot"": 184, ""access"": ""grant_free"", ""rv"": 1, ""rlc"": 0, ""ack"": false}, {""slot"": 253, ""access"": ""scheduled_rescue"", ""rv"": 0, ""rlc"": 1, ""ack"": false}, {""slot"": 350, ""access"": ""scheduled_rescue"", ""rv"": 0, ""rlc"": 2, ""ack"": false}, {""slot"": 459, ""access"": ""scheduled_rescue"", ""rv"": 0, ""rlc"": 3, ""ack"": false}, {""slot"": 587, ""access"": ""scheduled_rescue"", ""rv"": 0, ""rlc"": 4, ""ack"": false}, {""slot"": 706, ""access"": ""scheduled_rescue"", ""rv"": 0, ""rlc"": 5, ""ack"": false}, {""slot"": 765, ""access"": ""scheduled_rescue"", ""rv"": 0, ""rlc"": 6, ""ack"": true}]"
0.90,Legacy-15,9105,385,1835,3,4,127,"[{""slot"": 532, ""access"": ""grant_free"", ""rv"": 0, ""rlc"": 0, ""ack"": false}, {""slot"": 534, ""access"": ""grant_free"", ""rv"": 2, ""rlc"": 0, ""ack"": false}, {""slot"": 536, ""access"": ""grant_free"", ""rv"": 3, ""rlc"": 0, ""ack"": false}, {""slot"": 538, ""access"": ""grant_free"", ""rv"": 1, ""rlc"": 0, ""ack"": false}, {""slot"": 622, ""access"": ""scheduled_rescue"", ""rv"": 0, ""rlc"": 1, ""ack"": false}, {""slot"": 687, ""access"": ""scheduled_rescue"", ""rv"": 0, ""rlc"": 2, ""ack"": false}, {""slot"": 721, ""access"": ""scheduled_rescue"", ""rv"": 0, ""rlc"": 3, ""ack"": true}]"
0.90,Legacy-15,9106,431,1377,6,7,293,"[{""slot"": 253, ""access"": ""grant_free"", ""rv"": 0, ""rlc"": 0, ""ack"": false}, {""slot"": 255, ""access"": ""grant_free"", ""rv"": 2, ""rlc"": 0, ""ack"": false}, {""slot"": 257, ""access"": ""grant_free"", ""rv"": 3, ""rlc"": 0, ""ack"": false}, {""slot"": 259, ""access"": ""grant_free"", ""rv"": 1, ""rlc"": 0, ""ack"": false}, {""slot"": 292, ""access"": ""scheduled_rescue"", ""rv"": 0, ""rlc"": 1, ""ack"": false}, {""slot"": 339, ""access"": ""scheduled_rescue"", ""rv"": 0, ""rlc"": 2, ""ack"": false}, {""slot"": 408, ""access"": ""scheduled_rescue"", ""rv"": 0, ""rlc"": 3, ""ack"": false}, {""slot"": 489, ""access"": ""scheduled_rescue"", ""rv"": 0, ""rlc"": 4, ""ack"": false}, {""slot"": 590, ""access"": ""scheduled_rescue"", ""rv"": 0, ""rlc"": 5, ""ack"": false}, {""slot"": 683, ""access"": ""scheduled_rescue"", ""rv"": 0, ""rlc"": 6, ""ack"": true}]"
0.90,Legacy-15,9107,329,1939,6,7,198,"[{""slot"": 360, ""access"": ""grant_free"", ""rv"": 0, ""rlc"": 0, ""ack"": false}, {""slot"": 362, ""access"": ""grant_free"", ""rv"": 2, ""rlc"": 0, ""ack"": false}, {""slot"": 364, ""access"": ""grant_free"", ""rv"": 3, ""rlc"": 0, ""ack"": false}, {""slot"": 366, ""access"": ""grant_free"", ""rv"": 1, ""rlc"": 0, ""ack"": false}, {""slot"": 407, ""access"": ""scheduled_rescue"", ""rv"": 0, ""rlc"": 1, ""ack"": false}, {""slot"": 442, ""access"": ""scheduled_rescue"", ""rv"": 0, ""rlc"": 2, ""ack"": false}, {""slot"": 497, ""access"": ""scheduled_rescue"", ""rv"": 0, ""rlc"": 3, ""ack"": false}, {""slot"": 558, ""access"": ""scheduled_rescue"", ""rv"": 0, ""rlc"": 4, ""ack"": false}, {""slot"": 642, ""access"": ""scheduled_rescue"", ""rv"": 0, ""rlc"": 5, ""ack"": false}, {""slot"": 688, ""access"": ""scheduled_rescue"", ""rv"": 0, ""rlc"": 6, ""ack"": true}]"
0.90,Legacy-15,9108,417,1304,6,7,287,"[{""slot"": 230, ""access"": ""grant_free"", ""rv"": 0, ""rlc"": 0, ""ack"": false}, {""slot"": 232, ""access"": ""grant_free"", ""rv"": 2, ""rlc"": 0, ""ack"": false}, {""slot"": 234, ""access"": ""grant_free"", ""rv"": 3, ""rlc"": 0, ""ack"": false}, {""slot"": 236, ""access"": ""grant_free"", ""rv"": 1, ""rlc"": 0, ""ack"": false}, {""slot"": 279, ""access"": ""scheduled_rescue"", ""rv"": 0, ""rlc"": 1, ""ack"": false}, {""slot"": 333, ""access"": ""scheduled_rescue"", ""rv"": 0, ""rlc"": 2, ""ack"": false}, {""slot"": 397, ""access"": ""scheduled_rescue"", ""rv"": 0, ""rlc"": 3, ""ack"": false}, {""slot"": 475, ""access"": ""scheduled_rescue"", ""rv"": 0, ""rlc"": 4, ""ack"": false}, {""slot"": 555, ""access"": ""scheduled_rescue"", ""rv"": 0, ""rlc"": 5, ""ack"": false}, {""slot"": 646, ""access"": ""scheduled_rescue"", ""rv"": 0, ""rlc"": 6, ""ack"": true}]"
0.90,Fast-CB,9101,35,695,4,5,0,"[{""slot"": 132, ""access"": ""grant_free"", ""rv"": 0, ""rlc"": 0, ""ack"": false}, {""slot"": 134, ""access"": ""grant_free"", ""rv"": 2, ""rlc"": 0, ""ack"": false}, {""slot"": 136, ""access"": ""grant_free"", ""rv"": 3, ""rlc"": 0, ""ack"": false}, {""slot"": 138, ""access"": ""grant_free"", ""rv"": 1, ""rlc"": 0, ""ack"": false}, {""slot"": 140, ""access"": ""grant_free"", ""rv"": 0, ""rlc"": 1, ""ack"": false}, {""slot"": 142, ""access"": ""grant_free"", ""rv"": 2, ""rlc"": 1, ""ack"": false}, {""slot"": 144, ""access"": ""grant_free"", ""rv"": 3, ""rlc"": 1, ""ack"": false}, {""slot"": 146, ""access"": ""grant_free"", ""rv"": 1, ""rlc"": 1, ""ack"": false}, {""slot"": 148, ""access"": ""grant_free"", ""rv"": 0, ""rlc"": 2, ""ack"": false}, {""slot"": 150, ""access"": ""grant_free"", ""rv"": 2, ""rlc"": 2, ""ack"": false}, {""slot"": 152, ""access"": ""grant_free"", ""rv"": 3, ""rlc"": 2, ""ack"": false}, {""slot"": 154, ""access"": ""grant_free"", ""rv"": 1, ""rlc"": 2, ""ack"": false}, {""slot"": 156, ""access"": ""grant_free"", ""rv"": 0, ""rlc"": 3, ""ack"": false}, {""slot"": 158, ""access"": ""grant_free"", ""rv"": 2, ""rlc"": 3, ""ack"": false}, {""slot"": 160, ""access"": ""grant_free"", ""rv"": 3, ""rlc"": 3, ""ack"": false}, {""slot"": 162, ""access"": ""grant_free"", ""rv"": 1, ""rlc"": 3, ""ack"": false}, {""slot"": 164, ""access"": ""grant_free"", ""rv"": 0, ""rlc"": 4, ""ack"": false}, {""slot"": 166, ""access"": ""grant_free"", ""rv"": 2, ""rlc"": 4, ""ack"": true}]"
0.90,Fast-CB,9102,64,2582,1,2,0,"[{""slot"": 520, ""access"": ""grant_free"", ""rv"": 0, ""rlc"": 0, ""ack"": false}, {""slot"": 522, ""access"": ""grant_free"", ""rv"": 2, ""rlc"": 0, ""ack"": false}, {""slot"": 524, ""access"": ""grant_free"", ""rv"": 3, ""rlc"": 0, ""ack"": false}, {""slot"": 526, ""access"": ""grant_free"", ""rv"": 1, ""rlc"": 0, ""ack"": false}, {""slot"": 528, ""access"": ""grant_free"", ""rv"": 0, ""rlc"": 1, ""ack"": false}, {""slot"": 530, ""access"": ""grant_free"", ""rv"": 2, ""rlc"": 1, ""ack"": false}, {""slot"": 532, ""access"": ""grant_free"", ""rv"": 3, ""rlc"": 1, ""ack"": true}]"
0.90,Fast-CB,9103,100,1770,0,1,0,"[{""slot"": 430, ""access"": ""grant_free"", ""rv"": 0, ""rlc"": 0, ""ack"": false}, {""slot"": 432, ""access"": ""grant_free"", ""rv"": 2, ""rlc"": 0, ""ack"": true}]"
0.90,Fast-CB,9104,150,2445,0,1,0,"[{""slot"": 581, ""access"": ""grant_free"", ""rv"": 0, ""rlc"": 0, ""ack"": false}, {""slot"": 583, ""access"": ""grant_free"", ""rv"": 2, ""rlc"": 0, ""ack"": false}, {""slot"": 585, ""access"": ""grant_free"", ""rv"": 3, ""rlc"": 0, ""ack"": true}]"
0.90,Fast-CB,9105,57,2921,0,1,0,"[{""slot"": 589, ""access"": ""grant_free"", ""rv"": 0, ""rlc"": 0, ""ack"": false}, {""slot"": 591, ""access"": ""grant_free"", ""rv"": 2, ""rlc"": 0, ""ack"": true}]"
0.90,Fast-CB,9106,39,2534,4,5,0,"[{""slot"": 473, ""access"": ""grant_free"", ""rv"": 0, ""rlc"": 0, ""ack"": false}, {""slot"": 475, ""access"": ""grant_free"", ""rv"": 2, ""rlc"": 0, ""ack"": false}, {""slot"": 477, ""access"": ""grant_free"", ""rv"": 3, ""rlc"": 0, ""ack"": false}, {""slot"": 479, ""access"": ""grant_free"", ""rv"": 1, ""rlc"": 0, ""ack"": false}, {""slot"": 481, ""access"": ""grant_free"", ""rv"": 0, ""rlc"": 1, ""ack"": false}, {""slot"": 483, ""access"": ""grant_free"", ""rv"": 2, ""rlc"": 1, ""ack"": false}, {""slot"": 485, ""access"": ""grant_free"", ""rv"": 3, ""rlc"": 1, ""ack"": false}, {""slot"": 487, ""access"": ""grant_free"", ""rv"": 1, ""rlc"": 1, ""ack"": false}, {""slot"": 489, ""access"": ""grant_free"", ""rv"": 0, ""rlc"": 2, ""ack"": false}, {""slot"": 491, ""access"": ""grant_free"", ""rv"": 2, ""rlc"": 2, ""ack"": false}, {""slot"": 493, ""access"": ""grant_free"", ""rv"": 3, ""rlc"": 2, ""ack"": false}, {""slot"": 495, ""access"": ""grant_free"", ""rv"": 1, ""rlc"": 2, ""ack"": false}, {""slot"": 497, ""access"": ""grant_free"", ""rv"": 0, ""rlc"": 3, ""ack"": false}, {""slot"": 499, ""access"": ""grant_free"", ""rv"": 2, ""rlc"": 3, ""ack"": false}, {""slot"": 501, ""access"": ""grant_free"", ""rv"": 3, ""rlc"": 3, ""ack"": false}, {""slot"": 503, ""access"": ""grant_free"", ""rv"": 1, ""rlc"": 3, ""ack"": false}, {""slot"": 505, ""access"": ""grant_free"", ""rv"": 0, ""rlc"": 4, ""ack"": false}, {""slot"": 507, ""access"": ""grant_free"", ""rv"": 2, ""rlc"": 4, ""ack"": false}, {""slot"": 509, ""access"": ""grant_free"", ""rv"": 3, ""rlc"": 4, ""ack"": false}, {""slot"": 511, ""access"": ""grant_free"", ""rv"": 1, ""rlc"": 4, ""ack"": true}]"
0.90,Fast-CB,9107,68,2637,3,4,0,"[{""slot"": 536, ""access"": ""grant_free"", ""rv"": 0, ""rlc"": 0, ""ack"": false}, {""slot"": 538, ""access"": ""grant_free"", ""rv"": 2, ""rlc"": 0, ""ack"": false}, {""slot"": 540, ""access"": ""grant_free"", ""rv"": 3, ""rlc"": 0, ""ack"": false}, {""slot"": 542, ""access"": ""grant_free"", ""rv"": 1, ""rlc"": 0, ""ack"": false}, {""slot"": 544, ""access"": ""grant_free"", ""rv"": 0, ""rlc"": 1, ""ack"": false}, {""slot"": 546, ""access"": ""grant_free"", ""rv"": 2, ""rlc"": 1, ""ack"": false}, {""slot"": 548, ""access"": ""grant_free"", ""rv"": 3, ""rlc"": 1, ""ack"": false}, {""slot"": 550, ""access"": ""grant_free"", ""rv"": 1, ""rlc"": 1, ""ack"": false}, {""slot"": 552, ""access"": ""grant_free"", ""rv"": 0, ""rlc"": 2, ""ack"": false}, {""slot"": 554, ""access"": ""grant_free"", ""rv"": 2, ""rlc"": 2, ""ack"": false}, {""slot"": 556, ""access"": ""grant_free"", ""rv"": 3, ""rlc"": 2, ""ack"": false}, {""slot"": 558, ""access"": ""grant_free"", ""rv"": 1, ""rlc"": 2, ""ack"": false}, {""slot"": 560, ""access"": ""grant_free"", ""rv"": 0, ""rlc"": 3, ""ack"": false}, {""slot"": 562, ""access"": ""grant_free"", ""rv"": 2, ""rlc"": 3, ""ack"": true}]"
0.90,Fast-CB,9108,62,2085,2,3,0,"[{""slot"": 419, ""access"": ""grant_free"", ""rv"": 0, ""rlc"": 0, ""ack"": false}, {""slot"": 421, ""access"": ""grant_free"", ""rv"": 2, ""rlc"": 0, ""ack"": false}, {""slot"": 423, ""access"": ""grant_free"", ""rv"": 3, ""rlc"": 0, ""ack"": false}, {""slot"": 425, ""access"": ""grant_free"", ""rv"": 1, ""rlc"": 0, ""ack"": false}, {""slot"": 427, ""access"": ""grant_free"", ""rv"": 0, ""rlc"": 1, ""ack"": false}, {""slot"": 429, ""access"": ""grant_free"", ""rv"": 2, ""rlc"": 1, ""ack"": false}, {""slot"": 431, ""access"": ""grant_free"", ""rv"": 3, ""rlc"": 1, ""ack"": false}, {""slot"": 433, ""access"": ""grant_free"", ""rv"": 1, ""rlc"": 1, ""ack"": false}, {""slot"": 435, ""access"": ""grant_free"", ""rv"": 0, ""rlc"": 2, ""ack"": false}, {""slot"": 437, ""access"": ""grant_free"", ""rv"": 2, ""rlc"": 2, ""ack"": false}, {""slot"": 439, ""access"": ""grant_free"", ""rv"": 3, ""rlc"": 2, ""ack"": false}, {""slot"": 441, ""access"": ""grant_free"", ""rv"": 1, ""rlc"": 2, ""ack"": true}]"
0.90,B,9101,352,2064,1,2,193,"[{""slot"": 526, ""access"": ""grant_free"", ""rv"": 0, ""rlc"": 0, ""ack"": false}, {""slot"": 528, ""access"": ""grant_free"", ""rv"": 2, ""rlc"": 0, ""ack"": false}, {""slot"": 530, ""access"": ""grant_free"", ""rv"": 3, ""rlc"": 0, ""ack"": false}, {""slot"": 532, ""access"": ""grant_free"", ""rv"": 1, ""rlc"": 0, ""ack"": false}, {""slot"": 636, ""access"": ""scheduled_rescue"", ""rv"": 0, ""rlc"": 1, ""ack"": false}, {""slot"": 707, ""access"": ""scheduled_rescue"", ""rv"": 2, ""rlc"": 1, ""ack"": false}, {""slot"": 731, ""access"": ""scheduled_rescue"", ""rv"": 3, ""rlc"": 1, ""ack"": true}]"
0.90,B,9102,230,1878,1,2,215,"[{""slot"": 339, ""access"": ""grant_free"", ""rv"": 0, ""rlc"": 0, ""ack"": false}, {""slot"": 341, ""access"": ""grant_free"", ""rv"": 2, ""rlc"": 0, ""ack"": false}, {""slot"": 343, ""access"": ""grant_free"", ""rv"": 3, ""rlc"": 0, ""ack"": false}, {""slot"": 345, ""access"": ""grant_free"", ""rv"": 1, ""rlc"": 0, ""ack"": false}, {""slot"": 390, ""access"": ""scheduled_rescue"", ""rv"": 0, ""rlc"": 1, ""ack"": false}, {""slot"": 442, ""access"": ""scheduled_rescue"", ""rv"": 2, ""rlc"": 1, ""ack"": false}, {""slot"": 501, ""access"": ""scheduled_rescue"", ""rv"": 3, ""rlc"": 1, ""ack"": false}, {""slot"": 568, ""access"": ""scheduled_rescue"", ""rv"": 1, ""rlc"": 1, ""ack"": true}]"
0.90,B,9103,243,2342,1,2,228,"[{""slot"": 445, ""access"": ""grant_free"", ""rv"": 0, ""rlc"": 0, ""ack"": false}, {""slot"": 447, ""access"": ""grant_free"", ""rv"": 2, ""rlc"": 0, ""ack"": false}, {""slot"": 449, ""access"": ""grant_free"", ""rv"": 3, ""rlc"": 0, ""ack"": false}, {""slot"": 451, ""access"": ""grant_free"", ""rv"": 1, ""rlc"": 0, ""ack"": false}, {""slot"": 515, ""access"": ""scheduled_rescue"", ""rv"": 0, ""rlc"": 1, ""ack"": false}, {""slot"": 597, ""access"": ""scheduled_rescue"", ""rv"": 2, ""rlc"": 1, ""ack"": false}, {""slot"": 685, ""access"": ""scheduled_rescue"", ""rv"": 3, ""rlc"": 1, ""ack"": true}]"
0.90,B,9104,427,1063,1,2,412,"[{""slot"": 179, ""access"": ""grant_free"", ""rv"": 0, ""rlc"": 0, ""ack"": false}, {""slot"": 181, ""access"": ""grant_free"", ""rv"": 2, ""rlc"": 0, ""ack"": false}, {""slot"": 183, ""access"": ""grant_free"", ""rv"": 3, ""rlc"": 0, ""ack"": false}, {""slot"": 185, ""access"": ""grant_free"", ""rv"": 1, ""rlc"": 0, ""ack"": false}, {""slot"": 269, ""access"": ""scheduled_rescue"", ""rv"": 0, ""rlc"": 1, ""ack"": false}, {""slot"": 367, ""access"": ""scheduled_rescue"", ""rv"": 2, ""rlc"": 1, ""ack"": false}, {""slot"": 479, ""access"": ""scheduled_rescue"", ""rv"": 3, ""rlc"": 1, ""ack"": false}, {""slot"": 605, ""access"": ""scheduled_rescue"", ""rv"": 1, ""rlc"": 1, ""ack"": true}]"
0.90,B,9105,290,1981,1,2,165,"[{""slot"": 479, ""access"": ""grant_free"", ""rv"": 0, ""rlc"": 0, ""ack"": false}, {""slot"": 481, ""access"": ""grant_free"", ""rv"": 2, ""rlc"": 0, ""ack"": false}, {""slot"": 483, ""access"": ""grant_free"", ""rv"": 3, ""rlc"": 0, ""ack"": false}, {""slot"": 485, ""access"": ""grant_free"", ""rv"": 1, ""rlc"": 0, ""ack"": false}, {""slot"": 561, ""access"": ""scheduled_rescue"", ""rv"": 0, ""rlc"": 1, ""ack"": false}, {""slot"": 654, ""access"": ""scheduled_rescue"", ""rv"": 2, ""rlc"": 1, ""ack"": true}]"
0.90,B,9106,320,1907,1,2,161,"[{""slot"": 498, ""access"": ""grant_free"", ""rv"": 0, ""rlc"": 0, ""ack"": false}, {""slot"": 500, ""access"": ""grant_free"", ""rv"": 2, ""rlc"": 0, ""ack"": false}, {""slot"": 502, ""access"": ""grant_free"", ""rv"": 3, ""rlc"": 0, ""ack"": false}, {""slot"": 504, ""access"": ""grant_free"", ""rv"": 1, ""rlc"": 0, ""ack"": false}, {""slot"": 591, ""access"": ""scheduled_rescue"", ""rv"": 0, ""rlc"": 1, ""ack"": false}, {""slot"": 669, ""access"": ""scheduled_rescue"", ""rv"": 2, ""rlc"": 1, ""ack"": true}]"
0.90,B,9107,319,1616,1,2,227,"[{""slot"": 379, ""access"": ""grant_free"", ""rv"": 0, ""rlc"": 0, ""ack"": false}, {""slot"": 381, ""access"": ""grant_free"", ""rv"": 2, ""rlc"": 0, ""ack"": false}, {""slot"": 383, ""access"": ""grant_free"", ""rv"": 3, ""rlc"": 0, ""ack"": false}, {""slot"": 385, ""access"": ""grant_free"", ""rv"": 1, ""rlc"": 0, ""ack"": false}, {""slot"": 459, ""access"": ""scheduled_rescue"", ""rv"": 0, ""rlc"": 1, ""ack"": false}, {""slot"": 536, ""access"": ""scheduled_rescue"", ""rv"": 2, ""rlc"": 1, ""ack"": false}, {""slot"": 618, ""access"": ""scheduled_rescue"", ""rv"": 3, ""rlc"": 1, ""ack"": true}]"
0.90,B,9108,317,1823,1,2,302,"[{""slot"": 331, ""access"": ""grant_free"", ""rv"": 0, ""rlc"": 0, ""ack"": false}, {""slot"": 333, ""access"": ""grant_free"", ""rv"": 2, ""rlc"": 0, ""ack"": false}, {""slot"": 335, ""access"": ""grant_free"", ""rv"": 3, ""rlc"": 0, ""ack"": false}, {""slot"": 337, ""access"": ""grant_free"", ""rv"": 1, ""rlc"": 0, ""ack"": false}, {""slot"": 411, ""access"": ""scheduled_rescue"", ""rv"": 0, ""rlc"": 1, ""ack"": false}, {""slot"": 493, ""access"": ""scheduled_rescue"", ""rv"": 2, ""rlc"": 1, ""ack"": false}, {""slot"": 571, ""access"": ""scheduled_rescue"", ""rv"": 3, ""rlc"": 1, ""ack"": false}, {""slot"": 647, ""access"": ""scheduled_rescue"", ""rv"": 1, ""rlc"": 1, ""ack"": true}]"
0.90,H2,9101,586,918,0,1,385,"[{""slot"": 365, ""access"": ""grant_free"", ""rv"": 0, ""rlc"": 0, ""ack"": false}, {""slot"": 367, ""access"": ""grant_free"", ""rv"": 2, ""rlc"": 0, ""ack"": false}, {""slot"": 527, ""access"": ""scheduled_rescue"", ""rv"": 3, ""rlc"": 0, ""ack"": false}, {""slot"": 756, ""access"": ""scheduled_rescue"", ""rv"": 1, ""rlc"": 0, ""ack"": true}]"
0.90,H2,9102,517,1568,0,1,381,"[{""slot"": 414, ""access"": ""grant_free"", ""rv"": 0, ""rlc"": 0, ""ack"": false}, {""slot"": 416, ""access"": ""grant_free"", ""rv"": 2, ""rlc"": 0, ""ack"": false}, {""slot"": 606, ""access"": ""scheduled_rescue"", ""rv"": 3, ""rlc"": 0, ""ack"": false}, {""slot"": 801, ""access"": ""scheduled_rescue"", ""rv"": 1, ""rlc"": 0, ""ack"": true}]"
0.90,H2,9103,532,1453,1,2,521,"[{""slot"": 277, ""access"": ""grant_free"", ""rv"": 0, ""rlc"": 0, ""ack"": false}, {""slot"": 279, ""access"": ""grant_free"", ""rv"": 2, ""rlc"": 0, ""ack"": false}, {""slot"": 387, ""access"": ""scheduled_rescue"", ""rv"": 3, ""rlc"": 0, ""ack"": false}, {""slot"": 536, ""access"": ""scheduled_rescue"", ""rv"": 1, ""rlc"": 0, ""ack"": false}, {""slot"": 745, ""access"": ""scheduled_rescue"", ""rv"": 0, ""rlc"": 1, ""ack"": false}, {""slot"": 808, ""access"": ""scheduled_rescue"", ""rv"": 2, ""rlc"": 1, ""ack"": true}]"
0.90,H2,9104,699,524,0,1,0,"[{""slot"": 785, ""access"": ""grant_free"", ""rv"": 0, ""rlc"": 0, ""ack"": true}]"
0.90,H2,9105,543,1478,0,1,290,"[{""slot"": 516, ""access"": ""grant_free"", ""rv"": 0, ""rlc"": 0, ""ack"": false}, {""slot"": 518, ""access"": ""grant_free"", ""rv"": 2, ""rlc"": 0, ""ack"": false}, {""slot"": 736, ""access"": ""scheduled_rescue"", ""rv"": 3, ""rlc"": 0, ""ack"": false}, {""slot"": 812, ""access"": ""scheduled_rescue"", ""rv"": 1, ""rlc"": 0, ""ack"": true}]"
0.90,H2,9106,530,1578,1,2,519,"[{""slot"": 291, ""access"": ""grant_free"", ""rv"": 0, ""rlc"": 0, ""ack"": false}, {""slot"": 293, ""access"": ""grant_free"", ""rv"": 2, ""rlc"": 0, ""ack"": false}, {""slot"": 422, ""access"": ""scheduled_rescue"", ""rv"": 3, ""rlc"": 0, ""ack"": false}, {""slot"": 606, ""access"": ""scheduled_rescue"", ""rv"": 1, ""rlc"": 0, ""ack"": false}, {""slot"": 798, ""access"": ""scheduled_rescue"", ""rv"": 0, ""rlc"": 1, ""ack"": false}, {""slot"": 820, ""access"": ""scheduled_rescue"", ""rv"": 2, ""rlc"": 1, ""ack"": true}]"
0.90,H2,9107,560,1388,1,2,547,"[{""slot"": 257, ""access"": ""grant_free"", ""rv"": 0, ""rlc"": 0, ""ack"": false}, {""slot"": 259, ""access"": ""grant_free"", ""rv"": 2, ""rlc"": 0, ""ack"": false}, {""slot"": 364, ""access"": ""scheduled_rescue"", ""rv"": 3, ""rlc"": 0, ""ack"": false}, {""slot"": 511, ""access"": ""scheduled_rescue"", ""rv"": 1, ""rlc"": 0, ""ack"": false}, {""slot"": 703, ""access"": ""scheduled_rescue"", ""rv"": 0, ""rlc"": 1, ""ack"": false}, {""slot"": 806, ""access"": ""scheduled_rescue"", ""rv"": 2, ""rlc"": 1, ""ack"": false}, {""slot"": 816, ""access"": ""scheduled_rescue"", ""rv"": 3, ""rlc"": 1, ""ack"": true}]"
0.90,H2,9108,548,1378,1,2,539,"[{""slot"": 243, ""access"": ""grant_free"", ""rv"": 0, ""rlc"": 0, ""ack"": false}, {""slot"": 245, ""access"": ""grant_free"", ""rv"": 2, ""rlc"": 0, ""ack"": false}, {""slot"": 384, ""access"": ""scheduled_rescue"", ""rv"": 3, ""rlc"": 0, ""ack"": false}, {""slot"": 561, ""access"": ""scheduled_rescue"", ""rv"": 1, ""rlc"": 0, ""ack"": false}, {""slot"": 790, ""access"": ""scheduled_rescue"", ""rv"": 0, ""rlc"": 1, ""ack"": true}]"
0.90,F2,9101,867,889,0,2,638,"[{""slot"": 385, ""access"": ""grant_free"", ""rv"": 0, ""rlc"": 0, ""ack"": false}, {""slot"": 387, ""access"": ""grant_free"", ""rv"": 2, ""rlc"": 0, ""ack"": false}, {""slot"": 638, ""access"": ""scheduled_rescue"", ""rv"": 0, ""rlc"": 0, ""ack"": false}, {""slot"": 925, ""access"": ""scheduled_rescue"", ""rv"": 2, ""rlc"": 0, ""ack"": false}, {""slot"": 1031, ""access"": ""scheduled_rescue"", ""rv"": 3, ""rlc"": 0, ""ack"": true}]"
0.90,F2,9102,857,668,0,2,690,"[{""slot"": 279, ""access"": ""grant_free"", ""rv"": 0, ""rlc"": 0, ""ack"": false}, {""slot"": 281, ""access"": ""grant_free"", ""rv"": 2, ""rlc"": 0, ""ack"": false}, {""slot"": 466, ""access"": ""scheduled_rescue"", ""rv"": 0, ""rlc"": 0, ""ack"": false}, {""slot"": 771, ""access"": ""scheduled_rescue"", ""rv"": 2, ""rlc"": 0, ""ack"": false}, {""slot"": 977, ""access"": ""scheduled_rescue"", ""rv"": 3, ""rlc"": 0, ""ack"": true}]"
0.90,F2,9103,881,759,0,2,782,"[{""slot"": 238, ""access"": ""grant_free"", ""rv"": 0, ""rlc"": 0, ""ack"": false}, {""slot"": 240, ""access"": ""grant_free"", ""rv"": 2, ""rlc"": 0, ""ack"": false}, {""slot"": 373, ""access"": ""scheduled_rescue"", ""rv"": 0, ""rlc"": 0, ""ack"": false}, {""slot"": 594, ""access"": ""scheduled_rescue"", ""rv"": 2, ""rlc"": 0, ""ack"": false}, {""slot"": 899, ""access"": ""scheduled_rescue"", ""rv"": 3, ""rlc"": 0, ""ack"": false}, {""slot"": 1030, ""access"": ""scheduled_rescue"", ""rv"": 1, ""rlc"": 0, ""ack"": true}]"
0.90,F2,9104,852,503,0,2,841,"[{""slot"": 82, ""access"": ""grant_free"", ""rv"": 0, ""rlc"": 0, ""ack"": false}, {""slot"": 84, ""access"": ""grant_free"", ""rv"": 2, ""rlc"": 0, ""ack"": false}, {""slot"": 174, ""access"": ""scheduled_rescue"", ""rv"": 0, ""rlc"": 0, ""ack"": false}, {""slot"": 351, ""access"": ""scheduled_rescue"", ""rv"": 2, ""rlc"": 0, ""ack"": false}, {""slot"": 632, ""access"": ""scheduled_rescue"", ""rv"": 3, ""rlc"": 0, ""ack"": false}, {""slot"": 933, ""access"": ""scheduled_rescue"", ""rv"": 1, ""rlc"": 0, ""ack"": true}]"
0.90,F2,9105,892,703,0,2,645,"[{""slot"": 367, ""access"": ""grant_free"", ""rv"": 0, ""rlc"": 0, ""ack"": false}, {""slot"": 369, ""access"": ""grant_free"", ""rv"": 2, ""rlc"": 0, ""ack"": false}, {""slot"": 604, ""access"": ""scheduled_rescue"", ""rv"": 0, ""rlc"": 0, ""ack"": false}, {""slot"": 903, ""access"": ""scheduled_rescue"", ""rv"": 2, ""rlc"": 0, ""ack"": false}, {""slot"": 1020, ""access"": ""scheduled_rescue"", ""rv"": 3, ""rlc"": 0, ""ack"": true}]"
0.90,F2,9106,756,1315,0,2,470,"[{""slot"": 520, ""access"": ""grant_free"", ""rv"": 0, ""rlc"": 0, ""ack"": false}, {""slot"": 522, ""access"": ""grant_free"", ""rv"": 2, ""rlc"": 0, ""ack"": false}, {""slot"": 837, ""access"": ""scheduled_rescue"", ""rv"": 0, ""rlc"": 0, ""ack"": false}, {""slot"": 996, ""access"": ""scheduled_rescue"", ""rv"": 2, ""rlc"": 0, ""ack"": true}]"
0.90,F2,9107,788,986,0,2,777,"[{""slot"": 189, ""access"": ""grant_free"", ""rv"": 0, ""rlc"": 0, ""ack"": false}, {""slot"": 191, ""access"": ""grant_free"", ""rv"": 2, ""rlc"": 0, ""ack"": false}, {""slot"": 308, ""access"": ""scheduled_rescue"", ""rv"": 0, ""rlc"": 0, ""ack"": false}, {""slot"": 493, ""access"": ""scheduled_rescue"", ""rv"": 2, ""rlc"": 0, ""ack"": false}, {""slot"": 779, ""access"": ""scheduled_rescue"", ""rv"": 3, ""rlc"": 0, ""ack"": false}, {""slot"": 976, ""access"": ""scheduled_rescue"", ""rv"": 1, ""rlc"": 0, ""ack"": true}]"
0.90,F2,9108,939,668,0,2,698,"[{""slot"": 346, ""access"": ""grant_free"", ""rv"": 0, ""rlc"": 0, ""ack"": false}, {""slot"": 348, ""access"": ""grant_free"", ""rv"": 2, ""rlc"": 0, ""ack"": false}, {""slot"": 590, ""access"": ""scheduled_rescue"", ""rv"": 0, ""rlc"": 0, ""ack"": false}, {""slot"": 919, ""access"": ""scheduled_rescue"", ""rv"": 2, ""rlc"": 0, ""ack"": false}, {""slot"": 1052, ""access"": ""scheduled_rescue"", ""rv"": 3, ""rlc"": 0, ""ack"": true}]"
0.90,H3,9101,351,1819,1,2,338,"[{""slot"": 332, ""access"": ""grant_free"", ""rv"": 0, ""rlc"": 0, ""ack"": false}, {""slot"": 334, ""access"": ""grant_free"", ""rv"": 2, ""rlc"": 0, ""ack"": false}, {""slot"": 336, ""access"": ""grant_free"", ""rv"": 3, ""rlc"": 0, ""ack"": false}, {""slot"": 411, ""access"": ""scheduled_rescue"", ""rv"": 1, ""rlc"": 0, ""ack"": false}, {""slot"": 491, ""access"": ""scheduled_rescue"", ""rv"": 0, ""rlc"": 1, ""ack"": false}, {""slot"": 594, ""access"": ""scheduled_rescue"", ""rv"": 2, ""rlc"": 1, ""ack"": false}, {""slot"": 682, ""access"": ""scheduled_rescue"", ""rv"": 3, ""rlc"": 1, ""ack"": true}]"
0.90,H3,9102,313,1958,1,2,300,"[{""slot"": 352, ""access"": ""grant_free"", ""rv"": 0, ""rlc"": 0, ""ack"": false}, {""slot"": 354, ""access"": ""grant_free"", ""rv"": 2, ""rlc"": 0, ""ack"": false}, {""slot"": 356, ""access"": ""grant_free"", ""rv"": 3, ""rlc"": 0, ""ack"": false}, {""slot"": 437, ""access"": ""scheduled_rescue"", ""rv"": 1, ""rlc"": 0, ""ack"": false}, {""slot"": 523, ""access"": ""scheduled_rescue"", ""rv"": 0, ""rlc"": 1, ""ack"": false}, {""slot"": 611, ""access"": ""scheduled_rescue"", ""rv"": 2, ""rlc"": 1, ""ack"": false}, {""slot"": 664, ""access"": ""scheduled_rescue"", ""rv"": 3, ""rlc"": 1, ""ack"": true}]"
0.90,H3,9103,222,2353,1,2,113,"[{""slot"": 542, ""access"": ""grant_free"", ""rv"": 0, ""rlc"": 0, ""ack"": false}, {""slot"": 544, ""access"": ""grant_free"", ""rv"": 2, ""rlc"": 0, ""ack"": false}, {""slot"": 546, ""access"": ""grant_free"", ""rv"": 3, ""rlc"": 0, ""ack"": false}, {""slot"": 630, ""access"": ""scheduled_rescue"", ""rv"": 1, ""rlc"": 0, ""ack"": false}, {""slot"": 660, ""access"": ""scheduled_rescue"", ""rv"": 0, ""rlc"": 1, ""ack"": false}, {""slot"": 665, ""access"": ""scheduled_rescue"", ""rv"": 2, ""rlc"": 1, ""ack"": true}]"
0.90,H3,9104,454,511,1,2,439,"[{""slot"": 85, ""access"": ""grant_free"", ""rv"": 0, ""rlc"": 0, ""ack"": false}, {""slot"": 87, ""access"": ""grant_free"", ""rv"": 2, ""rlc"": 0, ""ack"": false}, {""slot"": 89, ""access"": ""grant_free"", ""rv"": 3, ""rlc"": 0, ""ack"": false}, {""slot"": 139, ""access"": ""scheduled_rescue"", ""rv"": 1, ""rlc"": 0, ""ack"": false}, {""slot"": 217, ""access"": ""scheduled_rescue"", ""rv"": 0, ""rlc"": 1, ""ack"": false}, {""slot"": 304, ""access"": ""scheduled_rescue"", ""rv"": 2, ""rlc"": 1, ""ack"": false}, {""slot"": 414, ""access"": ""scheduled_rescue"", ""rv"": 3, ""rlc"": 1, ""ack"": false}, {""slot"": 538, ""access"": ""scheduled_rescue"", ""rv"": 1, ""rlc"": 1, ""ack"": true}]"
0.90,H3,9105,305,1902,1,2,117,"[{""slot"": 528, ""access"": ""grant_free"", ""rv"": 0, ""rlc"": 0, ""ack"": false}, {""slot"": 530, ""access"": ""grant_free"", ""rv"": 2, ""rlc"": 0, ""ack"": false}, {""slot"": 532, ""access"": ""grant_free"", ""rv"": 3, ""rlc"": 0, ""ack"": false}, {""slot"": 620, ""access"": ""scheduled_rescue"", ""rv"": 1, ""rlc"": 0, ""ack"": false}, {""slot"": 653, ""access"": ""scheduled_rescue"", ""rv"": 0, ""rlc"": 1, ""ack"": true}]"
0.90,H3,9106,281,2097,1,2,266,"[{""slot"": 387, ""access"": ""grant_free"", ""rv"": 0, ""rlc"": 0, ""ack"": false}, {""slot"": 389, ""access"": ""grant_free"", ""rv"": 2, ""rlc"": 0, ""ack"": false}, {""slot"": 391, ""access"": ""grant_free"", ""rv"": 3, ""rlc"": 0, ""ack"": false}, {""slot"": 468, ""access"": ""scheduled_rescue"", ""rv"": 1, ""rlc"": 0, ""ack"": false}, {""slot"": 533, ""access"": ""scheduled_rescue"", ""rv"": 0, ""rlc"": 1, ""ack"": false}, {""slot"": 628, ""access"": ""scheduled_rescue"", ""rv"": 2, ""rlc"": 1, ""ack"": false}, {""slot"": 662, ""access"": ""scheduled_rescue"", ""rv"": 3, ""rlc"": 1, ""ack"": false}, {""slot"": 667, ""access"": ""scheduled_rescue"", ""rv"": 1, ""rlc"": 1, ""ack"": true}]"
0.90,H3,9107,284,1933,0,1,86,"[{""slot"": 549, ""access"": ""grant_free"", ""rv"": 0, ""rlc"": 0, ""ack"": false}, {""slot"": 551, ""access"": ""grant_free"", ""rv"": 2, ""rlc"": 0, ""ack"": false}, {""slot"": 553, ""access"": ""grant_free"", ""rv"": 3, ""rlc"": 0, ""ack"": false}, {""slot"": 641, ""access"": ""scheduled_rescue"", ""rv"": 1, ""rlc"": 0, ""ack"": true}]"
0.90,H3,9108,343,1706,1,2,309,"[{""slot"": 331, ""access"": ""grant_free"", ""rv"": 0, ""rlc"": 0, ""ack"": false}, {""slot"": 333, ""access"": ""grant_free"", ""rv"": 2, ""rlc"": 0, ""ack"": false}, {""slot"": 335, ""access"": ""grant_free"", ""rv"": 3, ""rlc"": 0, ""ack"": false}, {""slot"": 406, ""access"": ""scheduled_rescue"", ""rv"": 1, ""rlc"": 0, ""ack"": false}, {""slot"": 487, ""access"": ""scheduled_rescue"", ""rv"": 0, ""rlc"": 1, ""ack"": false}, {""slot"": 577, ""access"": ""scheduled_rescue"", ""rv"": 2, ""rlc"": 1, ""ack"": false}, {""slot"": 652, ""access"": ""scheduled_rescue"", ""rv"": 3, ""rlc"": 1, ""ack"": true}]"
0.90,F3,9101,554,1573,0,2,436,"[{""slot"": 391, ""access"": ""grant_free"", ""rv"": 0, ""rlc"": 0, ""ack"": false}, {""slot"": 393, ""access"": ""grant_free"", ""rv"": 2, ""rlc"": 0, ""ack"": false}, {""slot"": 395, ""access"": ""grant_free"", ""rv"": 3, ""rlc"": 0, ""ack"": false}, {""slot"": 541, ""access"": ""scheduled_rescue"", ""rv"": 0, ""rlc"": 0, ""ack"": false}, {""slot"": 742, ""access"": ""scheduled_rescue"", ""rv"": 2, ""rlc"": 0, ""ack"": false}, {""slot"": 837, ""access"": ""scheduled_rescue"", ""rv"": 3, ""rlc"": 0, ""ack"": true}]"
0.90,F3,9102,554,1502,0,2,541,"[{""slot"": 276, ""access"": ""grant_free"", ""rv"": 0, ""rlc"": 0, ""ack"": false}, {""slot"": 278, ""access"": ""grant_free"", ""rv"": 2, ""rlc"": 0, ""ack"": false}, {""slot"": 280, ""access"": ""grant_free"", ""rv"": 3, ""rlc"": 0, ""ack"": false}, {""slot"": 394, ""access"": ""scheduled_rescue"", ""rv"": 0, ""rlc"": 0, ""ack"": false}, {""slot"": 561, ""access"": ""scheduled_rescue"", ""rv"": 2, ""rlc"": 0, ""ack"": false}, {""slot"": 757, ""access"": ""scheduled_rescue"", ""rv"": 3, ""rlc"": 0, ""ack"": false}, {""slot"": 829, ""access"": ""scheduled_rescue"", ""rv"": 1, ""rlc"": 0, ""ack"": true}]"
0.90,F3,9103,479,1454,0,2,466,"[{""slot"": 277, ""access"": ""grant_free"", ""rv"": 0, ""rlc"": 0, ""ack"": false}, {""slot"": 279, ""access"": ""grant_free"", ""rv"": 2, ""rlc"": 0, ""ack"": false}, {""slot"": 281, ""access"": ""grant_free"", ""rv"": 3, ""rlc"": 0, ""ack"": false}, {""slot"": 364, ""access"": ""scheduled_rescue"", ""rv"": 0, ""rlc"": 0, ""ack"": false}, {""slot"": 472, ""access"": ""scheduled_rescue"", ""rv"": 2, ""rlc"": 0, ""ack"": false}, {""slot"": 605, ""access"": ""scheduled_rescue"", ""rv"": 3, ""rlc"": 0, ""ack"": false}, {""slot"": 755, ""access"": ""scheduled_rescue"", ""rv"": 1, ""rlc"": 0, ""ack"": true}]"
0.90,F3,9104,762,625,0,2,516,"[{""slot"": 335, ""access"": ""grant_free"", ""rv"": 0, ""rlc"": 0, ""ack"": false}, {""slot"": 337, ""access"": ""grant_free"", ""rv"": 2, ""rlc"": 0, ""ack"": false}, {""slot"": 339, ""access"": ""grant_free"", ""rv"": 3, ""rlc"": 0, ""ack"": false}, {""slot"": 518, ""access"": ""scheduled_rescue"", ""rv"": 0, ""rlc"": 0, ""ack"": false}, {""slot"": 737, ""access"": ""scheduled_rescue"", ""rv"": 2, ""rlc"": 0, ""ack"": false}, {""slot"": 861, ""access"": ""scheduled_rescue"", ""rv"": 3, ""rlc"": 0, ""ack"": true}]"
0.90,F3,9105,515,1459,0,2,301,"[{""slot"": 472, ""access"": ""grant_free"", ""rv"": 0, ""rlc"": 0, ""ack"": false}, {""slot"": 474, ""access"": ""grant_free"", ""rv"": 2, ""rlc"": 0, ""ack"": false}, {""slot"": 476, ""access"": ""grant_free"", ""rv"": 3, ""rlc"": 0, ""ack"": false}, {""slot"": 641, ""access"": ""scheduled_rescue"", ""rv"": 0, ""rlc"": 0, ""ack"": false}, {""slot"": 781, ""access"": ""scheduled_rescue"", ""rv"": 2, ""rlc"": 0, ""ack"": true}]"
0.90,F3,9106,585,1276,0,2,380,"[{""slot"": 429, ""access"": ""grant_free"", ""rv"": 0, ""rlc"": 0, ""ack"": false}, {""slot"": 431, ""access"": ""grant_free"", ""rv"": 2, ""rlc"": 0, ""ack"": false}, {""slot"": 433, ""access"": ""grant_free"", ""rv"": 3, ""rlc"": 0, ""ack"": false}, {""slot"": 583, ""access"": ""scheduled_rescue"", ""rv"": 0, ""rlc"": 0, ""ack"": false}, {""slot"": 756, ""access"": ""scheduled_rescue"", ""rv"": 2, ""rlc"": 0, ""ack"": false}, {""slot"": 819, ""access"": ""scheduled_rescue"", ""rv"": 3, ""rlc"": 0, ""ack"": true}]"
0.90,F3,9107,549,1503,0,2,287,"[{""slot"": 530, ""access"": ""grant_free"", ""rv"": 0, ""rlc"": 0, ""ack"": false}, {""slot"": 532, ""access"": ""grant_free"", ""rv"": 2, ""rlc"": 0, ""ack"": false}, {""slot"": 534, ""access"": ""grant_free"", ""rv"": 3, ""rlc"": 0, ""ack"": false}, {""slot"": 707, ""access"": ""scheduled_rescue"", ""rv"": 0, ""rlc"": 0, ""ack"": false}, {""slot"": 825, ""access"": ""scheduled_rescue"", ""rv"": 2, ""rlc"": 0, ""ack"": true}]"
0.90,F3,9108,580,968,0,2,567,"[{""slot"": 166, ""access"": ""grant_free"", ""rv"": 0, ""rlc"": 0, ""ack"": false}, {""slot"": 168, ""access"": ""grant_free"", ""rv"": 2, ""rlc"": 0, ""ack"": false}, {""slot"": 170, ""access"": ""grant_free"", ""rv"": 3, ""rlc"": 0, ""ack"": false}, {""slot"": 269, ""access"": ""scheduled_rescue"", ""rv"": 0, ""rlc"": 0, ""ack"": false}, {""slot"": 397, ""access"": ""scheduled_rescue"", ""rv"": 2, ""rlc"": 0, ""ack"": false}, {""slot"": 555, ""access"": ""scheduled_rescue"", ""rv"": 3, ""rlc"": 0, ""ack"": false}, {""slot"": 745, ""access"": ""scheduled_rescue"", ""rv"": 1, ""rlc"": 0, ""ack"": true}]"
