rho,scheme,seed,correct_packet_count,p99_latency,caution
0.70,Legacy-20,9101,2500,29.0,P99 is computed within seed from correctly delivered packets.
0.70,Legacy-20,9102,2500,29.0,P99 is computed within seed from correctly delivered packets.
0.70,Legacy-20,9103,2500,28.0,P99 is computed within seed from correctly delivered packets.
0.70,Legacy-20,9104,2499,30.0,P99 is computed within seed from correctly delivered packets.
0.70,Legacy-20,9105,2500,29.0,P99 is computed within seed from correctly delivered packets.
0.70,Legacy-20,9106,2500,25.0,P99 is computed within seed from correctly delivered packets.
0.70,Legacy-20,9107,2500,29.01000000000022,P99 is computed within seed from correctly delivered packets.
0.70,Legacy-20,9108,2500,30.0,P99 is computed within seed from correctly delivered packets.
0.70,Legacy-15,9101,2500,25.0,P99 is computed within seed from correctly delivered packets.
0.70,Legacy-15,9102,2500,23.0,P99 is computed within seed from correctly delivered packets.
0.70,Legacy-15,9103,2500,24.0,P99 is computed within seed from correctly delivered packets.
0.70,Legacy-15,9104,2500,24.0,P99 is computed within seed from correctly delivered packets.
0.70,Legacy-15,9105,2500,20.0,P99 is computed within seed from correctly delivered packets.
0.70,Legacy-15,9106,2500,23.0,P99 is computed within seed from correctly delivered packets.
0.70,Legacy-15,9107,2499,23.0,P99 is computed within seed from correctly delivered packets.
0.70,Legacy-15,9108,2500,24.0,P99 is computed within seed from correctly delivered packets.
0.70,Fast-CB,9101,2500,12.010000000000218,P99 is computed within seed from correctly delivered packets.
0.70,Fast-CB,9102,2500,11.0,P99 is computed within seed from correctly delivered packets.
0.70,Fast-CB,9103,2500,11.0,P99 is computed within seed from correctly delivered packets.
0.70,Fast-CB,9104,2500,11.0,P99 is computed within seed from correctly delivered packets.
0.70,Fast-CB,9105,2500,11.0,P99 is computed within seed from correctly delivered packets.
0.70,Fast-CB,9106,2500,11.0,P99 is computed within seed from correctly delivered packets.
0.70,Fast-CB,9107,2499,13.0,P99 is computed within seed from correctly delivered packets.
0.70,Fast-CB,9108,2500,11.0,P99 is computed within seed from correctly delivered packets.
0.70,B,9101,2500,11.0,P99 is computed within seed from correctly delivered packets.
0.70,B,9102,2500,11.0,P99 is computed within seed from correctly delivered packets.
0.70,B,9103,2500,11.0,P99 is computed within seed from correctly delivered packets.
0.70,B,9104,2500,10.0,P99 is computed within seed from correctly delivered packets.
0.70,B,9105,2500,9.0,P99 is computed within seed from correctly delivered packets.
0.70,B,9106,2500,9.0,P99 is computed within seed from correctly delivered packets.
0.70,B,9107,2499,11.0,P99 is computed within seed from correctly delivered packets.
0.70,B,9108,2500,10.0,P99 is computed within seed from correctly delivered packets.
0.70,H2,9101,2500,20.0,P99 is computed within seed from correctly delivered packets.
0.70,H2,9102,2500,18.0,P99 is computed within seed from correctly delivered packets.
0.70,H2,9103,2500,15.0,P99 is computed within seed from correctly delivered packets.
0.70,H2,9104,2500,56.01000000000022,P99 is computed within seed from correctly delivered packets.
0.70,H2,9105,2500,16.0,P99 is computed within seed from correctly delivered packets.
0.70,H2,9106,2500,26.0,P99 is computed within seed from correctly delivered packets.
0.70,H2,9107,2500,23.0,P99 is computed within seed from correctly delivered packets.
0.70,H2,9108,2500,32.0,P99 is computed within seed from correctly delivered packets.
0.70,F2,9101,2500,370.0500000000011,P99 is computed within seed from correctly delivered packets.
0.70,F2,9102,2500,269.03000000000065,P99 is computed within seed from correctly delivered packets.
0.70,F2,9103,2500,280.1200000000026,P99 is computed within seed from correctly delivered packets.
0.70,F2,9104,2500,371.02000000000044,P99 is computed within seed from correctly delivered packets.
0.70,F2,9105,2500,276.02000000000044,P99 is computed within seed from correctly delivered packets.
0.70,F2,9106,2500,258.0100000000002,P99 is computed within seed from correctly delivered packets.
0.70,F2,9107,2500,260.0400000000009,P99 is computed within seed from correctly delivered packets.
0.70,F2,9108,2500,266.0400000000009,P99 is computed within seed from correctly delivered packets.
0.70,H3,9101,2500,10.0,P99 is computed within seed from correctly delivered packets.
0.70,H3,9102,2500,8.010000000000218,P99 is computed within seed from correctly delivered packets.
0.70,H3,9103,2499,10.0,P99 is computed within seed from correctly delivered packets.
0.70,H3,9104,2500,12.0,P99 is computed within seed from correctly delivered packets.
0.70,H3,9105,2500,9.0,P99 is computed within seed from correctly delivered packets.
0.70,H3,9106,2500,8.0,P99 is computed within seed from correctly delivered packets.
0.70,H3,9107,2500,9.0,P99 is computed within seed from correctly delivered packets.
0.70,H3,9108,2500,11.0,P99 is computed within seed from correctly delivered packets.
0.70,F3,9101,2500,13.0,P99 is computed within seed from correctly delivered packets.
0.70,F3,9102,2500,13.0,P99 is computed within seed from correctly delivered packets.
0.70,F3,9103,2500,16.0,P99 is computed within seed from correctly delivered packets.
0.70,F3,9104,2500,48.0,P99 is computed within seed from correctly delivered packets.
0.70,F3,9105,2499,14.0,P99 is computed within seed from correctly delivered packets.
0.70,F3,9106,2500,20.01000000000022,P99 is computed within seed from correctly delivered packets.
0.70,F3,9107,2500,16.0,P99 is computed within seed from correctly delivered packets.
0.70,F3,9108,2500,30.01000000000022,P99 is computed within seed from correctly delivered packets.
0.90,Legacy-20,9101,2498,333.1200000000008,P99 is computed within seed from correctly delivered packets.
0.90,Legacy-20,9102,2499,211.1199999999999,P99 is computed within seed from correctly delivered packets.
0.90,Legacy-20,9103,2500,182.01000000000022,P99 is computed within seed from correctly delivered packets.
0.90,Legacy-20,9104,2496,484.15000000000055,P99 is computed within seed from correctly delivered packets.
0.90,Legacy-20,9105,2500,258.0400000000009,P99 is computed within seed from correctly delivered packets.
0.90,Legacy-20,9106,2500,274.0400000000009,P99 is computed within seed from correctly delivered packets.
0.90,Legacy-20,9107,2500,233.01000000000022,P99 is computed within seed from correctly delivered packets.
0.90,Legacy-20,9108,2499,335.0799999999999,P99 is computed within seed from correctly delivered packets.
0.90,Legacy-15,9101,2497,422.03999999999996,P99 is computed within seed from correctly delivered packets.
0.90,Legacy-15,9102,2499,92.0,P99 is computed within seed from correctly delivered packets.
0.90,Legacy-15,9103,2496,251.05000000000018,P99 is computed within seed from correctly delivered packets.
0.90,Legacy-15,9104,2496,481.2000000000007,P99 is computed within seed from correctly delivered packets.
0.90,Legacy-15,9105,2500,285.0100000000002,P99 is computed within seed from correctly delivered packets.
0.90,Legacy-15,9106,2492,328.09000000000015,P99 is computed within seed from correctly delivered packets.
0.90,Legacy-15,9107,2500,206.01000000000022,P99 is computed within seed from correctly delivered packets.
0.90,Legacy-15,9108,2500,304.0500000000011,P99 is computed within seed from correctly delivered packets.
0.90,Fast-CB,9101,2499,19.0,P99 is computed within seed from correctly delivered packets.
0.90,Fast-CB,9102,2032,53.0,P99 is computed within seed from correctly delivered packets.
0.90,Fast-CB,9103,1545,55.0,P99 is computed within seed from correctly delivered packets.
0.90,Fast-CB,9104,406,84.89999999999998,P99 is computed within seed from correctly delivered packets.
0.90,Fast-CB,9105,2280,53.0,P99 is computed within seed from correctly delivered packets.
0.90,Fast-CB,9106,2499,23.0,P99 is computed within seed from correctly delivered packets.
0.90,Fast-CB,9107,1996,53.0,P99 is computed within seed from correctly delivered packets.
0.90,Fast-CB,9108,1393,55.0,P99 is computed within seed from correctly delivered packets.
0.90,B,9101,2499,234.01999999999998,P99 is computed within seed from correctly delivered packets.
0.90,B,9102,2499,150.01999999999998,P99 is computed within seed from correctly delivered packets.
0.90,B,9103,2500,187.0,P99 is computed within seed from correctly delivered packets.
0.90,B,9104,2500,316.0500000000011,P99 is computed within seed from correctly delivered packets.
0.90,B,9105,2500,191.01000000000022,P99 is computed within seed from correctly delivered packets.
0.90,B,9106,2500,207.01000000000022,P99 is computed within seed from correctly delivered packets.
0.90,B,9107,2500,201.0500000000011,P99 is computed within seed from correctly delivered packets.
0.90,B,9108,2500,221.01000000000022,P99 is computed within seed from correctly delivered packets.
0.90,H2,9101,2500,393.0100000000002,P99 is computed within seed from correctly delivered packets.
0.90,H2,9102,2500,393.0100000000002,P99 is computed within seed from correctly delivered packets.
0.90,H2,9103,2500,351.0100000000002,P99 is computed within seed from correctly delivered packets.
0.90,H2,9104,2500,435.0,P99 is computed within seed from correctly delivered packets.
0.90,H2,9105,2500,395.0100000000002,P99 is computed within seed from correctly delivered packets.
0.90,H2,9106,2500,397.02000000000044,P99 is computed within seed from correctly delivered packets.
0.90,H2,9107,2500,364.0,P99 is computed within seed from correctly delivered packets.
0.90,H2,9108,2500,397.0100000000002,P99 is computed within seed from correctly delivered packets.
0.90,F2,9101,2500,708.0200000000004,P99 is computed within seed from correctly delivered packets.
0.90,F2,9102,2500,694.0,P99 is computed within seed from correctly delivered packets.
0.90,F2,9103,2500,670.0100000000002,P99 is computed within seed from correctly delivered packets.
0.90,F2,9104,2499,749.0,P99 is computed within seed from correctly delivered packets.
0.90,F2,9105,2500,678.0100000000002,P99 is computed within seed from correctly delivered packets.
0.90,F2,9106,2500,675.0100000000002,P99 is computed within seed from correctly delivered packets.
0.90,F2,9107,2500,662.0100000000002,P99 is computed within seed from correctly delivered packets.
0.90,F2,9108,2500,737.0100000000002,P99 is computed within seed from correctly delivered packets.
0.90,H3,9101,2500,240.01000000000022,P99 is computed within seed from correctly delivered packets.
0.90,H3,9102,2500,201.0,P99 is computed within seed from correctly delivered packets.
0.90,H3,9103,2500,141.0,P99 is computed within seed from correctly delivered packets.
0.90,H3,9104,2500,318.0100000000002,P99 is computed within seed from correctly delivered packets.
0.90,H3,9105,2500,156.0,P99 is computed within seed from correctly delivered packets.
0.90,H3,9106,2500,188.02000000000044,P99 is computed within seed from correctly delivered packets.
0.90,H3,9107,2500,164.04000000000087,P99 is computed within seed from correctly delivered packets.
0.90,H3,9108,2500,205.02000000000044,P99 is computed within seed from correctly delivered packets.
0.90,F3,9101,2500,439.03000000000065,P99 is computed within seed from correctly delivered packets.
0.90,F3,9102,2500,454.0100000000002,P99 is computed within seed from correctly delivered packets.
0.90,F3,9103,2500,332.0500000000011,P99 is computed within seed from correctly delivered packets.
0.90,F3,9104,2500,550.0300000000007,P99 is computed within seed from correctly delivered packets.
0.90,F3,9105,2500,384.02000000000044,P99 is computed within seed from correctly delivered packets.
0.90,F3,9106,2500,406.0100000000002,P99 is computed within seed from correctly delivered packets.
0.90,F3,9107,2500,431.0100000000002,P99 is computed within seed from correctly delivered packets.
0.90,F3,9108,2500,420.0400000000009,P99 is computed within seed from correctly delivered packets.
