rho,comparison,metric,mean_difference,sample_sd,standard_error,ci95_low,ci95_high,exact_sign_flip_p,leave_one_out_min,leave_one_out_max,leave_one_out_sign_stable
0.70,B-Legacy-20,correct_delivery_probability,0.0,0.00021380899352991595,7.559289460183711e-05,-0.00017874879177879103,0.00017874879177879103,1.0,-5.7142857142850847e-05,5.7142857142850847e-05,False
0.70,B-Legacy-20,terminal_failure_probability,0.0,0.0,0.0,0.0,0.0,1.0,0.0,0.0,False
0.70,B-Legacy-20,mean_latency,-0.36336680672268906,0.07065671306521713,0.02498092047238358,-0.42243729708398964,-0.3042963163613885,0.0078125,-0.37750492196878754,-0.3474477791116447,True
0.70,B-Legacy-20,p95_latency,0.0,0.0,0.0,0.0,0.0,1.0,0.0,0.0,False
0.70,B-Legacy-20,p99_latency,-18.376250000000027,1.5055889924829058,0.5323060931322423,-19.634953896775592,-17.117546103224463,0.0078125,-18.715714285714316,-18.144285714285747,True
0.70,B-Legacy-20,scheduled_attempts_per_packet,0.0018999999999999998,0.006254598308444757,0.0022113344387495984,-0.0033289750409387746,0.007128975040938774,0.453125,0.0004571428571428564,0.002914285714285714,True
0.70,B-Legacy-20,mean_queue,0.015290042331198683,0.022969002373610978,0.008120768667735114,-0.003912524197288728,0.034492608859686094,0.125,0.009947769748052334,0.01996992328399545,True
0.70,B-Legacy-20,mean_wait,0.6801584100185256,0.062233254266016606,0.022002778053403487,0.6281301074440772,0.7321867125929741,0.0078125,0.6684948336237195,0.6916096114497436,True
0.70,B-Legacy-20,scheduled_prb_slots,4.75,15.636495771111889,5.5283360968739945,-8.322437602346932,17.82243760234693,0.453125,1.1428571428571428,7.285714285714286,True
0.70,B-Legacy-20,total_occupied_prb_slots,-6.125,14.267220171728319,5.044224066055296,-18.05269455407218,5.802694554072179,0.328125,-8.428571428571429,-2.2857142857142856,True
0.70,B-Legacy-20,rlc_retransmissions_per_packet,0.002350000000000001,0.004081666326391711,0.0014430869689661813,-0.0010623584431195157,0.005762358443119517,0.171875,0.0014857142857142866,0.0030857142857142867,True
0.70,B-Legacy-20,first_scheduled_success_probability,0.06048262605817632,0.08544349124422868,0.030208836033523746,-0.010949920221176579,0.13191517233752922,0.125,0.041479740515236216,0.07243243309020482,True
0.70,B-Legacy-20,scheduled_attempts_per_rescued_packet,-0.08578308177617466,0.10461258113899755,0.03698613276040654,-0.17324138825213753,0.0016752246997882164,0.0703125,-0.10204094746162504,-0.06333240015743609,True
0.70,B-Legacy-20,rescue_admission_rate,0.0,0.0,0.0,0.0,0.0,1.0,0.0,0.0,False
0.70,B-Legacy-20,eligible_stage_population,0.0,0.0,0.0,0.0,0.0,1.0,0.0,0.0,False
0.70,B-Legacy-20,rescue_trigger_to_first_tx_mean,0.0,0.0,0.0,0.0,0.0,1.0,0.0,0.0,False
0.70,B-Legacy-20,phy_attempts_per_packet,0.005649999999999988,0.020917730005223536,0.007395534366861438,-0.011837659912984501,0.023137659912984478,0.4609375,0.0020571428571428845,0.00954285714285717,True
0.70,B-Legacy-20,harq_episodes_per_packet,0.0023500000000000465,0.004081666326391679,0.00144308696896617,-0.0010623584431194433,0.005762358443119536,0.171875,0.001485714285714344,0.0030857142857143266,True
0.70,B-Legacy-20,final_harq_failure_probability,0.002350000000000001,0.004081666326391711,0.0014430869689661813,-0.0010623584431195157,0.005762358443119517,0.171875,0.0014857142857142866,0.0030857142857142867,True
0.70,B-Legacy-20,cb_attempts_per_slot,0.08294488405139921,0.07954114204998243,0.02812204046343251,0.016446825183963426,0.149442942918835,0.03125,0.06663329028857008,0.10222835050921411,True
0.70,B-Legacy-20,cb_overlap_probability,-0.0027644231776858125,0.006846636526448991,0.002420651558085795,-0.008488354555156417,0.0029595081997847933,0.2890625,-0.004282717195186977,-0.0015702403842525112,True
0.70,B-Legacy-20,scheduled_attempts_per_slot,0.0075666064371892015,0.021422288260628038,0.007573922648811527,-0.010342874733388692,0.025476087607767095,0.3671875,0.002527805334304215,0.010988926916900682,True
0.70,B-Legacy-20,p95_queue,0.0,0.0,0.0,0.0,0.0,1.0,0.0,0.0,False
0.70,B-Legacy-20,max_queue,1.375,0.7440238091428449,0.2630521404045756,0.7529805295218837,1.9970194704781163,0.015625,1.2857142857142858,1.5714285714285714,True
0.70,B-Legacy-20,p95_wait,0.65625,0.4806524583462418,0.16993630634530607,0.2544144888905241,1.0580855111094758,0.03125,0.6071428571428571,0.75,True
0.70,B-Legacy-20,fraction_at_cap2,0.013509335060281001,0.009777657609529214,0.0034569239999091774,0.00533500873623184,0.021683661384330165,0.015625,0.011485066771833901,0.01580957113380995,True
0.70,B-Legacy-20,mean_residual_cb_prbs,-0.006539493381178874,0.020941032310904644,0.007403772976043635,-0.024046634509230096,0.01096764774687235,0.4375,-0.01057122207626815,-0.0015239993141299582,True
0.70,B-Legacy-20,cb_prb_slots,-10.0,11.904380946285519,4.208834246473209,-19.95231152764986,-0.04768847235013851,0.078125,-12.142857142857142,-7.428571428571429,True
0.70,B-Legacy-15,correct_delivery_probability,0.0,0.0,0.0,0.0,0.0,1.0,0.0,0.0,False
0.70,B-Legacy-15,terminal_failure_probability,0.0,0.0,0.0,0.0,0.0,1.0,0.0,0.0,False
0.70,B-Legacy-15,mean_latency,-0.24221016406562623,0.03821455109605323,0.013510884110009523,-0.2741583282846053,-0.21026199984664717,0.0078125,-0.2483544732178585,-0.23338304464643,True
0.70,B-Legacy-15,p95_latency,0.0,0.0,0.0,0.0,0.0,1.0,0.0,0.0,False
0.70,B-Legacy-15,p99_latency,-13.0,1.1952286093343936,0.42257712736425823,-13.99923612328344,-12.00076387671656,0.0078125,-13.285714285714286,-12.857142857142858,True
0.70,B-Legacy-15,scheduled_attempts_per_packet,0.0025000000000000005,0.0061662676833605864,0.0021801048467578665,-0.0026551287903662894,0.00765512879036629,0.3515625,0.0010285714285714293,0.003542857142857143,True
0.70,B-Legacy-15,mean_queue,0.013272959310163148,0.02422221861763538,0.00856384751995651,-0.006977322217392222,0.033523240837718515,0.171875,0.008155527905758839,0.017724244627373563,True
0.70,B-Legacy-15,mean_wait,0.6778532148217288,0.05079073037729559,0.01795723493560164,0.6353911016121008,0.7203153280313568,0.0078125,0.6615519348047046,0.6856162591159894,True
0.70,B-Legacy-15,scheduled_prb_slots,6.25,15.415669208401468,5.450262116894667,-6.637821975915726,19.137821975915728,0.3515625,2.5714285714285716,8.857142857142858,True
0.70,B-Legacy-15,total_occupied_prb_slots,-4.75,9.779716618739888,3.457651969596874,-12.926047698826682,3.4260476988266824,0.25,-6.142857142857143,-2.0,True
0.70,B-Legacy-15,rlc_retransmissions_per_packet,0.00245,0.00361228064089315,0.001277134068362217,-0.0005699421898275902,0.00546994218982759,0.140625,0.0016571428571428572,0.0032000000000000006,True
0.70,B-Legacy-15,first_scheduled_success_probability,0.04747079187487515,0.11680050488908288,0.041295214526541495,-0.05017687384483235,0.14511845759458264,0.3203125,0.015602783569001624,0.07101260033155264,True
0.70,B-Legacy-15,scheduled_attempts_per_rescued_packet,-0.060219116289896235,0.16286084620435679,0.05758000437044004,-0.19637419099692474,0.07593595841713227,0.3828125,-0.0896551805217862,-0.013451569880215817,True
0.70,B-Legacy-15,rescue_admission_rate,0.0,0.0,0.0,0.0,0.0,1.0,0.0,0.0,False
0.70,B-Legacy-15,eligible_stage_population,0.0,0.0,0.0,0.0,0.0,1.0,0.0,0.0,False
0.70,B-Legacy-15,rescue_trigger_to_first_tx_mean,0.0,0.0,0.0,0.0,0.0,1.0,0.0,0.0,False
0.70,B-Legacy-15,phy_attempts_per_packet,0.010050000000000059,0.02014625098055295,0.007122775341917561,-0.0067926873079230225,0.02689268730792314,0.1953125,0.006971428571428628,0.01605714285714293,True
0.70,B-Legacy-15,harq_episodes_per_packet,0.0024500000000000077,0.0036122806408931834,0.001277134068362229,-0.0005699421898276106,0.005469942189827626,0.140625,0.001657142857142865,0.0032000000000000283,True
0.70,B-Legacy-15,final_harq_failure_probability,0.00245,0.00361228064089315,0.001277134068362217,-0.0005699421898275902,0.00546994218982759,0.140625,0.0016571428571428572,0.0032000000000000006,True
0.70,B-Legacy-15,cb_attempts_per_slot,0.08459082150688235,0.08629236496067282,0.030508958214158083,0.012448599040938493,0.15673304397282622,0.0390625,0.06707433480375842,0.10964304924961533,True
0.70,B-Legacy-15,cb_overlap_probability,-0.00212481979154662,0.005360447149953002,0.0018952042649619347,-0.00660626575707424,0.0023566261739810003,0.2734375,-0.003376349456156375,-0.0013385184905700478,True
0.70,B-Legacy-15,scheduled_attempts_per_slot,0.009392938897077475,0.021511701513423374,0.007605535007501292,-0.008591293623489548,0.027377171417644498,0.296875,0.00433172637486647,0.01316295404506143,True
0.70,B-Legacy-15,p95_queue,0.0,0.0,0.0,0.0,0.0,1.0,0.0,0.0,False
0.70,B-Legacy-15,max_queue,1.0,1.0690449676496976,0.3779644730092272,0.10625604110594644,1.8937439588940537,0.0625,0.7142857142857143,1.1428571428571428,True
0.70,B-Legacy-15,p95_wait,0.65625,0.4806524583462418,0.16993630634530607,0.2544144888905241,1.0580855111094758,0.03125,0.6071428571428571,0.75,True
0.70,B-Legacy-15,fraction_at_cap2,0.011254530660818949,0.00992012535364847,0.003507293953892715,0.002961098322058559,0.019547962999579338,0.03125,0.00980503383337551,0.013431867442552148,True
0.70,B-Legacy-15,mean_residual_cb_prbs,-0.005738892925220895,0.02023743809167486,0.007155014854233118,-0.022657814565805755,0.011180028715363964,0.46875,-0.009312295742995096,-0.0007298416153409855,True
0.70,B-Legacy-15,cb_prb_slots,-8.25,10.977249200050075,3.8810436740650056,-17.42720999088425,0.9272099908842524,0.078125,-10.428571428571429,-6.0,True
0.70,B-Fast-CB,correct_delivery_probability,0.0,0.0,0.0,0.0,0.0,1.0,0.0,0.0,False
0.70,B-Fast-CB,terminal_failure_probability,0.0,0.0,0.0,0.0,0.0,1.0,0.0,0.0,False
0.70,B-Fast-CB,mean_latency,0.011199599839935903,0.04095175373558288,0.014478631383956091,-0.02303692305185636,0.04543612273172817,0.515625,0.003256685531355354,0.019370971245641005,True
0.70,B-Fast-CB,p95_latency,0.0,0.0,0.0,0.0,0.0,1.0,0.0,0.0,False
0.70,B-Fast-CB,p99_latency,-1.1262500000000273,0.8343164439056809,0.2949754075705764,-1.8237560021900212,-0.42874399781003336,0.03125,-1.2871428571428882,-1.0014285714286026,True
0.70,B-Fast-CB,scheduled_attempts_per_packet,0.03365,0.007935273872310359,0.002805542982841544,0.027015945025550006,0.04028405497444999,0.0078125,0.03211428571428571,0.035257142857142855,True
0.70,B-Fast-CB,mean_queue,0.14624589579061095,0.032122712341765655,0.011357093863483648,0.11939063622013424,0.17310115536108767,0.0078125,0.14175445941595208,0.1536951489613403,True
0.70,B-Fast-CB,mean_wait,1.0734947629407579,0.049003712801268404,0.017325428812547457,1.032526633811634,1.1144628920698818,0.0078125,1.0581581485280391,1.081613062408485,True
0.70,B-Fast-CB,scheduled_prb_slots,84.125,19.838184680775896,7.01385745710386,67.53986256387502,100.71013743612498,0.0078125,80.28571428571429,88.14285714285714,True
0.70,B-Fast-CB,total_occupied_prb_slots,24.25,15.059406173077154,5.324304112812705,11.660021375144039,36.83997862485596,0.0078125,21.142857142857142,27.285714285714285,True
0.70,B-Fast-CB,rlc_retransmissions_per_packet,0.0023499999999999997,0.0033290925404465916,0.0011770119552736678,-0.0004331910131570426,0.005133191013157042,0.125,0.0016,0.0028571428571428567,True
0.70,B-Fast-CB,first_scheduled_success_probability,0.5096225790419231,0.07796921218737814,0.027566279330733943,0.44443868642662954,0.5748064716572167,0.0078125,0.49525873440142304,0.5258781855717217,True
0.70,B-Fast-CB,scheduled_attempts_per_rescued_packet,1.5496652444417869,0.09745803713528213,0.03445661946974418,1.468188286436151,1.6311422024474227,0.0078125,1.524022184123947,1.5676561631392818,True
0.70,B-Fast-CB,rescue_admission_rate,0.0,0.0,0.0,0.0,0.0,1.0,0.0,0.0,False
0.70,B-Fast-CB,eligible_stage_population,0.0,0.0,0.0,0.0,0.0,1.0,0.0,0.0,False
0.70,B-Fast-CB,rescue_trigger_to_first_tx_mean,0.0,0.0,0.0,0.0,0.0,1.0,0.0,0.0,False
0.70,B-Fast-CB,phy_attempts_per_packet,0.003899999999999959,0.020880886680680742,0.0073825082845486055,-0.01355685812285208,0.021356858122852,0.6015625,0.00022857142857133996,0.008285714285714198,True
0.70,B-Fast-CB,harq_episodes_per_packet,0.0023500000000000187,0.0033290925404466567,0.0011770119552736908,-0.00043319101315707773,0.005133191013157115,0.125,0.0016000000000000142,0.0028571428571428914,True
0.70,B-Fast-CB,final_harq_failure_probability,0.0029,0.00325488643646529,0.0011507761356083616,0.00017884684226840333,0.005621153157731596,0.0625,0.0022285714285714283,0.003314285714285714,True
0.70,B-Fast-CB,cb_attempts_per_slot,-0.10119233977285091,0.07272782982087601,0.02571317082366132,-0.16199432707258613,-0.04039035247311571,0.0078125,-0.11385520241822533,-0.08483728757482645,True
0.70,B-Fast-CB,cb_overlap_probability,0.0003376506122609313,0.00622469108390914,0.002200760638111797,-0.004866321363264458,0.005541622587786321,0.890625,-0.0011980141002217845,0.0013228766177858667,False
0.70,B-Fast-CB,scheduled_attempts_per_slot,0.11739283055354566,0.02703474978104011,0.009558227448927497,0.09479121413123784,0.13999444697585348,0.0078125,0.1123214403492706,0.12292727986215812,True
0.70,B-Fast-CB,p95_queue,1.0,0.0,0.0,1.0,1.0,0.0078125,1.0,1.0,True
0.70,B-Fast-CB,max_queue,3.875,0.6408699444616558,0.22658174179374144,3.3392193185206986,4.410780681479301,0.0078125,3.7142857142857144,4.0,True
0.70,B-Fast-CB,p95_wait,1.65625,0.4806524583462418,0.16993630634530607,1.2544144888905242,2.058085511109476,0.0078125,1.6071428571428572,1.75,True
0.70,B-Fast-CB,fraction_at_cap2,0.024591285197207276,0.010788718895879443,0.0038143881457958976,0.015571690484931372,0.03361087990948318,0.0078125,0.02279145699043287,0.026913849749189266,True
0.70,B-Fast-CB,mean_residual_cb_prbs,-0.13663832395421027,0.02721268160595958,0.009621135848922224,-0.15938869510473724,-0.11388795280368331,0.0078125,-0.14331699302632053,-0.13254533363361926,True
0.70,B-Fast-CB,cb_prb_slots,-73.625,10.44629120788809,3.693321675673539,-82.35831800104161,-64.89168199895839,0.0078125,-76.28571428571429,-71.0,True
0.70,H2-B,correct_delivery_probability,4.999999999999449e-05,0.00014142135623729392,4.9999999999994487e-05,-6.823121254999246e-05,0.00016823121254998144,1.0,0.0,5.7142857142850847e-05,False
0.70,H2-B,terminal_failure_probability,0.0,0.0,0.0,0.0,0.0,1.0,0.0,0.0,False
0.70,H2-B,mean_latency,2.4678253101240495,2.053348639440241,0.7259683735441828,0.7511828885824481,4.1844677316656504,0.0078125,1.765514640141771,2.665800354427485,True
0.70,H2-B,p95_latency,11.381250000000023,8.172599582052902,2.8894502921959755,4.548785767014383,18.213714232985662,0.0078125,8.86428571428574,12.29285714285717,True
0.70,H2-B,p99_latency,15.501250000000027,13.662305220151294,4.8303543339046735,4.079277001126085,26.923222998873968,0.0078125,11.142857142857142,17.144285714285747,True
0.70,H2-B,scheduled_attempts_per_packet,0.38345,0.011900420160649792,0.004207433897282286,0.3735009997720069,0.3933990002279931,0.0078125,0.3810285714285714,0.38548571428571426,True
0.70,H2-B,mean_queue,11.6284401993127,7.8830260966409655,2.787070604602673,5.038065458419986,18.218814940205412,0.0078125,8.939260334269377,12.4277116599644,True
0.70,H2-B,mean_wait,5.824959458464999,4.475211239020886,1.5822261071769597,2.0835892348690352,9.566329682060964,0.0078125,4.30903859110944,6.261125719467555,True
0.70,H2-B,scheduled_prb_slots,958.625,29.75105040162448,10.518584743205713,933.7524994300171,983.4975005699829,0.0078125,952.5714285714286,963.7142857142857,True
0.70,H2-B,total_occupied_prb_slots,377.875,31.97068970166268,11.303345743628299,351.1468345371789,404.6031654628211,0.0078125,369.0,384.42857142857144,True
0.70,H2-B,rlc_retransmissions_per_packet,-0.0203,0.004579457235462362,0.001619082632674618,-0.024128522057595324,-0.016471477942404673,0.0078125,-0.021314285714285713,-0.01937142857142857,True
0.70,H2-B,first_scheduled_success_probability,0.38452170122692936,0.08307210430561977,0.029370424140969964,0.3150716840410359,0.4539717184128228,0.0078125,0.365835382839547,0.3998163193373539,True
0.70,H2-B,scheduled_attempts_per_rescued_packet,-0.43859000183244023,0.10430733970061436,0.0368782136149166,-0.5257931200798304,-0.3513868835850501,0.0078125,-0.45764970030444685,-0.40992535833422156,True
0.70,H2-B,rescue_admission_rate,1.0,0.0,0.0,1.0,1.0,0.0078125,1.0,1.0,True
0.70,H2-B,eligible_stage_population,938.5,22.200386097028648,7.849021777084253,919.9400127592795,957.0599872407205,0.0078125,934.0,944.1428571428571,True
0.70,H2-B,rescue_trigger_to_first_tx_mean,6.917807177171698,4.46291854130437,1.5778799822197476,3.1867139060474337,10.648900448295961,0.0078125,5.4072435485791415,7.347484739649269,True
0.70,H2-B,phy_attempts_per_packet,-0.03240000000000004,0.025326214538638654,0.00895416902102836,-0.05357324521467663,-0.011226754785323454,0.0234375,-0.03914285714285721,-0.02822857142857143,True
0.70,H2-B,harq_episodes_per_packet,-0.02030000000000004,0.004579457235462363,0.0016190826326746182,-0.024128522057595365,-0.016471477942404715,0.0078125,-0.02131428571428578,-0.019371428571428626,True
0.70,H2-B,final_harq_failure_probability,-0.0203,0.004579457235462362,0.001619082632674618,-0.024128522057595324,-0.016471477942404673,0.0078125,-0.021314285714285713,-0.01937142857142857,True
0.70,H2-B,cb_attempts_per_slot,-1.4862920523917817,0.09410780958115607,0.0332721351587239,-1.56496815007065,-1.4076159547129135,0.0078125,-1.5028545791996952,-1.4595812574104738,True
0.70,H2-B,cb_overlap_probability,0.04735069901326698,0.00883196860515124,0.0031225724459645675,0.039966988482034775,0.05473440954449919,0.0078125,0.04539286197724076,0.04915469840413574,True
0.70,H2-B,scheduled_attempts_per_slot,1.331141601132613,0.051719609589860265,0.018285643330655493,1.2879029254678085,1.3743802767974174,0.0078125,1.3184436981191419,1.3386122291961207,True
0.70,H2-B,p95_queue,29.674999999999997,15.423150502688207,5.45290715385577,16.780923505541256,42.56907649445874,0.0078125,25.342857142857138,31.77142857142857,True
0.70,H2-B,max_queue,34.75,16.51622578816705,5.839367627210525,20.942089698193666,48.55791030180633,0.0078125,30.285714285714285,37.285714285714285,True
0.70,H2-B,p95_wait,14.412499999999994,7.789450283189808,2.753986558479493,7.900356596891355,20.924643403108632,0.0078125,12.328571428571422,15.471428571428564,True
0.70,H2-B,fraction_at_cap2,0.8053041907757891,0.042893731290976136,0.015165224133121413,0.7694441340187598,0.8411642475328184,0.0078125,0.7934928687666772,0.8108680774289104,True
0.70,H2-B,mean_residual_cb_prbs,-1.6099215166773335,0.06995016071099855,0.02473111649191794,-1.6684013144884287,-1.5514417188662384,0.0078125,-1.620295614614943,-1.5932751526118503,True
0.70,H2-B,cb_prb_slots,-781.375,25.286571817581645,8.94015320258631,-802.5151030704909,-760.2348969295091,0.0078125,-785.2857142857143,-774.1428571428571,True
0.70,H3-B,correct_delivery_probability,0.0,0.00021380899352991595,7.559289460183711e-05,-0.00017874879177879103,0.00017874879177879103,1.0,-5.7142857142850847e-05,5.7142857142850847e-05,False
0.70,H3-B,terminal_failure_probability,0.0,0.0,0.0,0.0,0.0,1.0,0.0,0.0,False
0.70,H3-B,mean_latency,0.1191601240496199,0.09227525086660777,0.0326242278117341,0.042016083795844775,0.19630416430339503,0.015625,0.10189728462813699,0.13712550162922316,True
0.70,H3-B,p95_latency,0.125,0.3535533905932738,0.125,-0.170578031375,0.420578031375,1.0,0.0,0.14285714285714285,False
0.70,H3-B,p99_latency,-0.6237499999999727,1.5958691093838389,0.5642249345657243,-1.9579299632929725,0.7104299632930271,0.40625,-0.9985714285713974,-0.2857142857142857,True
0.70,H3-B,scheduled_attempts_per_packet,0.09505000000000001,0.013425668379211943,0.004746690576451285,0.08382586035093013,0.10627413964906988,0.0078125,0.0930857142857143,0.09794285714285714,True
0.70,H3-B,mean_queue,0.6452294080257137,0.2538805943144059,0.08976034492569362,0.4329799196362938,0.8574788964151336,0.0078125,0.5763366443806619,0.6769937373011657,True
0.70,H3-B,mean_wait,0.36258579202081564,0.28366432760833393,0.10029048481628765,0.1254364794796746,0.5997351045619567,0.0078125,0.29601641537072815,0.3952860452252094,True
0.70,H3-B,scheduled_prb_slots,237.625,33.564170948029854,11.86672644112821,209.5646508773253,265.68534912267467,0.0078125,232.71428571428572,244.85714285714286,True
0.70,H3-B,total_occupied_prb_slots,87.875,22.743523410915405,8.04104981596664,68.86093860166619,106.88906139833381,0.0078125,84.14285714285714,92.71428571428571,True
0.70,H3-B,rlc_retransmissions_per_packet,-0.01405,0.003748904601918501,0.0013254379330190132,-0.01718416267961207,-0.010915837320387927,0.0078125,-0.014971428571428571,-0.013142857142857142,True
0.70,H3-B,first_scheduled_success_probability,0.425357756548491,0.08822307568044423,0.031191567535388046,0.35160141952760815,0.49911409356937386,0.0078125,0.4057162127913379,0.43986703996605836,True
0.70,H3-B,scheduled_attempts_per_rescued_packet,-0.44818431889177135,0.1108020975365776,0.03917445726890364,-0.5408171905695841,-0.3555514472139586,0.0078125,-0.46605352405606554,-0.4199038217702903,True
0.70,H3-B,rescue_admission_rate,1.0,0.0,0.0,1.0,1.0,0.0078125,1.0,1.0,True
0.70,H3-B,eligible_stage_population,291.75,28.151376520518493,9.95301461869719,268.2148602620711,315.2851397379289,0.0078125,287.57142857142856,297.42857142857144,True
0.70,H3-B,rescue_trigger_to_first_tx_mean,1.4419567092333128,0.27650519739094814,0.09775935005423214,1.2107925793330772,1.6731208391335484,0.0078125,1.3803194217639305,1.4784493910512235,True
0.70,H3-B,phy_attempts_per_packet,0.03065000000000001,0.029759368272864916,0.010521525554785287,0.005770545515638492,0.05552945448436153,0.046875,0.02554285714285712,0.036742857142857153,True
0.70,H3-B,harq_episodes_per_packet,-0.014050000000000007,0.003748904601918484,0.0013254379330190072,-0.017184162679612064,-0.01091583732038795,0.0078125,-0.014971428571428571,-0.013142857142857154,True
0.70,H3-B,final_harq_failure_probability,-0.01405,0.003748904601918501,0.0013254379330190132,-0.01718416267961207,-0.010915837320387927,0.0078125,-0.014971428571428571,-0.013142857142857142,True
0.70,H3-B,cb_attempts_per_slot,-0.23002871868975183,0.05956244786915473,0.02105850539617477,-0.27982417123936104,-0.18023326614014262,0.0078125,-0.24009570208284473,-0.22019023969895293,True
0.70,H3-B,cb_overlap_probability,0.019084041909355476,0.008657849559309292,0.003061012066940281,0.011845898543264852,0.0263221852754461,0.0078125,0.017201456857378967,0.02082608058200852,True
0.70,H3-B,scheduled_attempts_per_slot,0.33179171640018756,0.04813392182142738,0.017017911262517216,0.29155075072747333,0.3720326820729018,0.0078125,0.3248990752053862,0.342393996232249,True
0.70,H3-B,p95_queue,2.625,1.5979898086569353,0.5649747149841562,1.289047087746651,3.960952912253349,0.0078125,2.142857142857143,2.857142857142857,True
0.70,H3-B,max_queue,6.25,2.9154759474226504,1.0307764064044151,3.812601112057488,8.687398887942512,0.0078125,5.571428571428571,6.714285714285714,True
0.70,H3-B,p95_wait,1.71875,1.2778155187663045,0.45177600921252997,0.6504694925960521,2.787030507403948,0.015625,1.3928571428571428,1.9642857142857142,True
0.70,H3-B,fraction_at_cap2,0.14080326320997932,0.0362142180049517,0.012803659563334653,0.11052741930497013,0.17107910711498853,0.0078125,0.13157766705988733,0.14714391041392363,True
0.70,H3-B,mean_residual_cb_prbs,-0.41622385886760116,0.06920688155792676,0.024468327627192112,-0.47408225975627294,-0.3583654579789294,0.0078125,-0.4272782708191712,-0.3993995052375984,True
0.70,H3-B,cb_prb_slots,-210.125,35.33285601654237,12.492051043992507,-239.66400684335454,-180.58599315664546,0.0078125,-215.57142857142858,-201.85714285714286,True
0.70,H3-H2,correct_delivery_probability,-4.999999999999449e-05,0.00014142135623729392,4.9999999999994487e-05,-0.00016823121254998144,6.823121254999246e-05,1.0,-5.7142857142850847e-05,0.0,False
0.70,H3-H2,terminal_failure_probability,0.0,0.0,0.0,0.0,0.0,1.0,0.0,0.0,False
0.70,H3-H2,mean_latency,-2.3486651860744296,2.0241209117824392,0.7156348113314301,-4.040872615808539,-0.6564577563403204,0.0078125,-2.5518285714285716,-1.6565887840850626,True
0.70,H3-H2,p95_latency,-11.256250000000023,8.063827410107425,2.8509935220024576,-17.997778421570935,-4.51472157842911,0.0078125,-12.150000000000025,-8.721428571428598,True
0.70,H3-H2,p99_latency,-16.125,12.487451987609774,4.414980990090151,-26.564771116871164,-5.685228883128838,0.0078125,-17.714285714285715,-12.14142857142854,True
0.70,H3-H2,scheduled_attempts_per_packet,-0.2884,0.015123113813913172,0.005346828165236977,-0.3010432395454492,-0.2757567604545508,0.0078125,-0.292,-0.2856571428571429,True
0.70,H3-H2,mean_queue,-10.983210791286986,7.6658046928047865,2.7102712407669616,-17.391983893992403,-4.574437688581569,0.0078125,-11.771265553248432,-8.362923689888715,True
0.70,H3-H2,mean_wait,-5.462373666444184,4.258725313306103,1.5056867741247746,-9.022757126949585,-1.9019902059387825,0.0078125,-5.882606626534069,-4.013022175738712,True
0.70,H3-H2,scheduled_prb_slots,-721.0,37.80778453478293,13.367070413092444,-752.608098863623,-689.391901136377,0.0078125,-730.0,-714.1428571428571,True
0.70,H3-H2,total_occupied_prb_slots,-290.0,32.61025255082474,11.529465357447041,-317.2628533852837,-262.7371466147163,0.0078125,-300.14285714285717,-284.85714285714283,True
0.70,H3-H2,rlc_retransmissions_per_packet,0.0062499999999999995,0.0020612063042236765,0.0007287464775705117,0.00452678840630594,0.007973211593694058,0.0078125,0.005942857142857143,0.006914285714285714,True
0.70,H3-H2,first_scheduled_success_probability,0.04083605532156162,0.017662094811921544,0.006244493505734731,0.02607017454268927,0.05560193610043397,0.0078125,0.03598118201474849,0.04490630320390519,True
0.70,H3-H2,scheduled_attempts_per_rescued_packet,-0.009594317059331059,0.025137203909839877,0.008887343672358387,-0.030609545433961098,0.01142091131529898,0.3671875,-0.013735699275746313,-0.001775036079200947,True
0.70,H3-H2,rescue_admission_rate,0.0,0.0,0.0,0.0,0.0,1.0,0.0,0.0,False
0.70,H3-H2,eligible_stage_population,-646.75,33.221120648509995,11.745439844588926,-674.5235518951766,-618.9764481048234,0.0078125,-655.8571428571429,-642.1428571428571,True
0.70,H3-H2,rescue_trigger_to_first_tx_mean,-5.475850467938384,4.266915224973944,1.5085823451635993,-9.043080865942684,-1.9086200699340847,0.0078125,-5.893125670084896,-4.024342439733882,True
0.70,H3-H2,phy_attempts_per_packet,0.06305000000000005,0.03902230131604242,0.013796466939039164,0.030426539697828305,0.0956734603021718,0.0078125,0.05520000000000001,0.07068571428571437,True
0.70,H3-H2,harq_episodes_per_packet,0.006250000000000033,0.0020612063042236943,0.000728746477570518,0.004526788406305959,0.007973211593694109,0.0078125,0.005942857142857154,0.006914285714285746,True
0.70,H3-H2,final_harq_failure_probability,0.0062499999999999995,0.0020612063042236765,0.0007287464775705117,0.00452678840630594,0.007973211593694058,0.0078125,0.005942857142857143,0.006914285714285714,True
0.70,H3-H2,cb_attempts_per_slot,1.2562633337020297,0.11721480834046619,0.04144169291651256,1.1582693016291492,1.3542573657749102,0.0078125,1.2255045110054223,1.2737845774758179,True
0.70,H3-H2,cb_overlap_probability,-0.028266657103911505,0.013329746026115282,0.0047127769032802745,-0.03941060365896072,-0.01712271054886229,0.0078125,-0.030466829818598624,-0.0246504325158049,True
0.70,H3-H2,scheduled_attempts_per_slot,-0.9993498847324254,0.05439448954970273,0.019231356209887796,-1.0448248160059455,-0.9538749534589053,0.0078125,-1.0119465562145515,-0.9908756579119193,True
0.70,H3-H2,p95_queue,-27.049999999999997,13.95779352190023,4.934825224868658,-38.719007401170956,-15.38099259882904,0.0078125,-29.057142857142853,-23.199999999999996,True
0.70,H3-H2,max_queue,-28.5,14.402380755575496,5.092010548749032,-40.54069162991978,-16.459308370080223,0.0078125,-30.714285714285715,-24.714285714285715,True
0.70,H3-H2,p95_wait,-12.693749999999994,6.718335120081043,2.3752901608465216,-18.31041871749937,-7.077081282500619,0.0078125,-13.649999999999993,-10.93571428571428,True
0.70,H3-H2,fraction_at_cap2,-0.6645009275658097,0.029378080291076275,0.010386719896031448,-0.6890616173203099,-0.6399402378113095,0.0078125,-0.6708976637818707,-0.6585001140938181,True
0.70,H3-H2,mean_residual_cb_prbs,1.1936976578097322,0.04473027274021422,0.015814539589464622,1.1563022139780845,1.23109310164138,0.0078125,1.184100154458088,1.2036013934425671,True
0.70,H3-H2,cb_prb_slots,571.25,27.51493101156949,9.727997151080409,548.2469420228964,594.2530579771036,0.0078125,565.2857142857143,579.4285714285714,True
0.70,H2-F2,correct_delivery_probability,0.0,0.0,0.0,0.0,0.0,1.0,0.0,0.0,False
0.70,H2-F2,terminal_failure_probability,0.0,0.0,0.0,0.0,0.0,1.0,0.0,0.0,False
0.70,H2-F2,mean_latency,-51.4531,9.751472555172667,3.447666185158551,-59.605535070778565,-43.30066492922143,0.0078125,-52.74748571428571,-48.837942857142856,True
0.70,H2-F2,p95_latency,-208.625,29.907906264779783,10.574041665458704,-233.62863535322808,-183.62136464677192,0.0078125,-213.57142857142858,-200.57857142857145,True
0.70,H2-F2,p99_latency,-268.0400000000009,42.609805712501746,15.064841282175637,-303.66268903329933,-232.41731096670242,0.0078125,-273.18714285714384,-256.32428571428653,True
0.70,H2-F2,scheduled_attempts_per_packet,-0.17045,0.011304487098998702,0.003996739742768912,-0.17990078772068685,-0.16099921227931313,0.0078125,-0.1721142857142857,-0.1677142857142857,True
0.70,H2-F2,mean_queue,-130.1518800134804,20.146305003238304,7.122794441821137,-146.99461248549866,-113.30914754146212,0.0078125,-133.1346341540127,-124.51193165781466,True
0.70,H2-F2,mean_wait,-76.33728664549503,12.018752616493167,4.24927073826294,-86.38521528225624,-66.28935800873381,0.0078125,-78.13724128331644,-72.9731134441877,True
0.70,H2-F2,scheduled_prb_slots,-426.125,28.261217747496808,9.991849356922298,-449.7519693017172,-402.4980306982828,0.0078125,-430.2857142857143,-419.2857142857143,True
0.70,H2-F2,total_occupied_prb_slots,-497.0,40.54626986542659,14.33527118683145,-530.8975298930432,-463.1024701069568,0.0078125,-503.14285714285717,-486.85714285714283,True
0.70,H2-F2,rlc_retransmissions_per_packet,0.0014,0.0012282391577259815,0.00043424811867344746,0.0003731663676336402,0.0024268336323663596,0.015625,0.0010285714285714286,0.0016,True
0.70,H2-F2,first_scheduled_success_probability,0.38339775167761747,0.010728074877011247,0.0037929472473058447,0.3744288566338744,0.39236664672136057,0.0078125,0.3814334614275698,0.3859734358842877,True
0.70,H2-F2,scheduled_attempts_per_rescued_packet,-0.4353224877779731,0.015257722636127697,0.00539441957073469,-0.4480782631150014,-0.42256671244094485,0.0078125,-0.439758569595079,-0.4328831774574133,True
0.70,H2-F2,rescue_admission_rate,0.0,0.0,0.0,0.0,0.0,1.0,0.0,0.0,False
0.70,H2-F2,eligible_stage_population,-11.25,18.63751976141522,6.589358303897494,-26.831356443924243,4.331356443924241,0.1328125,-15.285714285714286,-6.571428571428571,True
0.70,H2-F2,rescue_trigger_to_first_tx_mean,-75.44427628189557,11.88326498636816,4.201368627248796,-85.37893442527866,-65.50961813851248,0.0078125,-77.17123801402313,-72.17434640418261,True
0.70,H2-F2,phy_attempts_per_packet,-0.17235000000000011,0.017876321129999245,0.006320233946845415,-0.18729497846270424,-0.157405021537296,0.0078125,-0.17485714285714296,-0.1682857142857144,True
0.70,H2-F2,harq_episodes_per_packet,-0.3785,0.00751303628939153,0.0026562594537646836,-0.38478105552131997,-0.37221894447868004,0.0078125,-0.3802285714285714,-0.3771999999999999,True
0.70,H2-F2,final_harq_failure_probability,0.0014,0.0012282391577259815,0.00043424811867344746,0.0003731663676336402,0.0024268336323663596,0.015625,0.0010285714285714286,0.0016,True
0.70,H2-F2,cb_attempts_per_slot,1.2357663619570451,0.17135715571862797,0.060583903406740504,1.092508194741225,1.3790245291728653,0.0078125,1.1913856008480315,1.2556771580499115,True
0.70,H2-F2,cb_overlap_probability,-0.006372277591991507,0.012479217024521774,0.004412069490968978,-0.01680516410743398,0.004060608923450965,0.2109375,-0.0083789176214073,-0.004045266213892594,True
0.70,H2-F2,scheduled_attempts_per_slot,-0.18108812073764008,0.05300897317657616,0.018741502198446402,-0.22540473133625627,-0.1367715101390239,0.0078125,-0.19556022304849185,-0.1731035256139298,True
0.70,H2-F2,p95_queue,-218.35000000000002,32.36067940307453,11.441227924858916,-245.40420501233982,-191.29579498766023,0.0078125,-223.9714285714286,-208.97857142857143,True
0.70,H2-F2,max_queue,-227.75,39.198214245039274,13.858661551535198,-260.5205271911614,-194.97947280883858,0.0078125,-235.14285714285714,-216.28571428571428,True
0.70,H2-F2,p95_wait,-109.80625,17.207980654751033,6.08393990575069,-124.19248184276475,-95.42001815723526,0.0078125,-112.92142857142858,-104.77857142857144,True
0.70,H2-F2,fraction_at_cap2,-0.1562185408677607,0.041257611494492474,0.014586768431657838,-0.19071076724498007,-0.12172631449054136,0.0078125,-0.16843133528037307,-0.15010388462115604,True
0.70,H2-F2,mean_residual_cb_prbs,0.22983495895658101,0.06180098359834923,0.021849947293195667,0.17816804370401873,0.2815018742091433,0.0078125,0.2208124940117163,0.2474685490304844,True
0.70,H2-F2,cb_prb_slots,27.375,18.368742860787023,6.494331319367243,12.018346668195392,42.73165333180461,0.015625,23.571428571428573,32.285714285714285,True
0.70,H3-F3,correct_delivery_probability,0.0,0.00021380899352991595,7.559289460183711e-05,-0.00017874879177879103,0.00017874879177879103,1.0,-5.7142857142850847e-05,5.7142857142850847e-05,False
0.70,H3-F3,terminal_failure_probability,0.0,0.0,0.0,0.0,0.0,1.0,0.0,0.0,False
0.70,H3-F3,mean_latency,-0.7273660464185675,0.5305243887650435,0.18756869644030522,-1.1708955347497705,-0.2838365580873644,0.0078125,-0.7796183387640772,-0.5505897673355057,True
0.70,H3-F3,p95_latency,-4.5,4.375255094603872,1.5468862734076938,-8.15780479563885,-0.8421952043611509,0.0078125,-4.857142857142857,-3.0,True
0.70,H3-F3,p99_latency,-11.626250000000027,11.110887758667854,3.9282920395783196,-20.915184621797174,-2.337315378202881,0.0078125,-12.85857142857146,-8.144285714285745,True
0.70,H3-F3,scheduled_attempts_per_packet,-0.09625,0.009704049228470112,0.00343089950720965,-0.1043627881774919,-0.08813721182250811,0.0078125,-0.09777142857142858,-0.09428571428571428,True
0.70,H3-F3,mean_queue,-2.21827200750871,2.4259221641976336,0.857693006467446,-4.246393690514733,-0.19015032450268743,0.0078125,-2.4051016175664235,-1.3888709628509095,True
0.70,H3-F3,mean_wait,-1.5310289082338047,1.8242557548302605,0.6449718074295305,-3.0561448852929747,-0.005912931174634872,0.0078125,-1.6970258099840154,-0.9265502635212245,True
0.70,H3-F3,scheduled_prb_slots,-240.625,24.260123071175286,8.577248768024127,-260.90697044372973,-220.34302955627027,0.0078125,-244.42857142857142,-235.71428571428572,True
0.70,H3-F3,total_occupied_prb_slots,-174.5,23.182505719368894,8.196253499530833,-193.8810597923342,-155.1189402076658,0.0078125,-178.85714285714286,-168.85714285714286,True
0.70,H3-F3,rlc_retransmissions_per_packet,0.0077,0.002349468024894146,0.0008306623862918075,0.0057357955769808625,0.009664204423019138,0.0078125,0.0072,0.008342857142857143,True
0.70,H3-F3,first_scheduled_success_probability,0.4291401335569599,0.036400122673039034,0.012869386789064048,0.39870886946004,0.4595713976538798,0.0078125,0.41776093709445294,0.4345045265229525,True
0.70,H3-F3,scheduled_attempts_per_rescued_packet,-0.45739390156822374,0.05421411505929142,0.019167584197226344,-0.5027180359940695,-0.412069767142378,0.0078125,-0.4651776265584499,-0.44116452022088837,True
0.70,H3-F3,rescue_admission_rate,0.0,0.0,0.0,0.0,0.0,1.0,0.0,0.0,False
0.70,H3-F3,eligible_stage_population,-69.375,14.391837964624255,5.088283109261905,-81.40687763611439,-57.34312236388562,0.0078125,-72.42857142857143,-65.71428571428571,True
0.70,H3-F3,rescue_trigger_to_first_tx_mean,-1.6253943033749152,1.8726155277751642,0.662069569122522,-3.1909400623711512,-0.059848544378678925,0.0078125,-1.7921767434677902,-1.004344738839827,True
0.70,H3-F3,phy_attempts_per_packet,-0.15305000000000007,0.020120707173030897,0.007113744242159477,-0.169871332150422,-0.13622866784957816,0.0078125,-0.1580571428571429,-0.14885714285714288,True
0.70,H3-F3,harq_episodes_per_packet,-0.13674999999999995,0.01094283849308374,0.0038688776519443468,-0.1458984419199395,-0.1276015580800604,0.0078125,-0.13874285714285708,-0.13388571428571422,True
0.70,H3-F3,final_harq_failure_probability,0.0077,0.002349468024894146,0.0008306623862918075,0.0057357955769808625,0.009664204423019138,0.0078125,0.0072,0.008342857142857143,True
0.70,H3-F3,cb_attempts_per_slot,-0.16908727370364818,0.08430779223571595,0.029807305798370654,-0.23957035185144834,-0.09860419555584801,0.0078125,-0.19085585584271023,-0.15585725331892267,True
0.70,H3-F3,cb_overlap_probability,-0.03799663641535704,0.013374249480148693,0.004728511250346899,-0.04917778878905365,-0.026815484041660433,0.0078125,-0.03948606321401941,-0.033529513593884515,True
0.70,H3-F3,scheduled_attempts_per_slot,-0.33277709948082473,0.0344411316933298,0.012176778886046211,-0.36157060613383435,-0.3039835928278151,0.0078125,-0.3386069186428768,-0.3252782391476524,True
0.70,H3-F3,p95_queue,-10.268749999999997,10.510842616079838,3.716144044907302,-19.056034328797036,-1.4814656712029581,0.0078125,-11.285714285714286,-7.021428571428568,True
0.70,H3-F3,max_queue,-11.375,9.970492178709849,3.5251013156665842,-19.71054005825721,-3.0394599417427894,0.0078125,-12.428571428571429,-8.285714285714286,True
0.70,H3-F3,p95_wait,-5.25,5.092010548749033,1.800297594446937,-9.50702735084619,-0.9929726491538098,0.0078125,-5.857142857142857,-3.7142857142857144,True
0.70,H3-F3,fraction_at_cap2,-0.2150710880938606,0.03497458895133441,0.01236538450835033,-0.24431057617524551,-0.1858316000124757,0.0078125,-0.2198452801364905,-0.2041120003144728,True
0.70,H3-F3,mean_residual_cb_prbs,0.4173546837954414,0.04907178006529763,0.017349494224533395,0.37632964900952526,0.4583797185813575,0.0078125,0.40372708500134624,0.423689699413038,True
0.70,H3-F3,cb_prb_slots,127.0,30.687363616222978,10.8496214548843,101.34472199361068,152.65527800638932,0.0078125,117.0,130.71428571428572,True
0.70,F3-F2,correct_delivery_probability,-4.999999999999449e-05,0.00014142135623729392,4.9999999999994487e-05,-0.00016823121254998144,6.823121254999246e-05,1.0,-5.7142857142850847e-05,0.0,False
0.70,F3-F2,terminal_failure_probability,0.0,0.0,0.0,0.0,0.0,1.0,0.0,0.0,False
0.70,F3-F2,mean_latency,-53.07439913965586,10.561471056707083,3.7340439017515146,-61.90400990403615,-44.24478837527557,0.0078125,-54.399199016749556,-50.53028473103527,True
0.70,F3-F2,p95_latency,-215.38125000000002,31.343123391400717,11.081467546813073,-241.58475689786368,-189.17774310213636,0.0078125,-220.57857142857145,-207.4357142857143,True
0.70,F3-F2,p99_latency,-272.53875000000085,43.887126468280705,15.51644236625645,-309.22930590849467,-235.84819409150703,0.0078125,-277.7542857142866,-260.4657142857151,True
0.70,F3-F2,scheduled_attempts_per_packet,-0.3626,0.017310607813047513,0.006120224085533364,-0.3770720302942065,-0.34812796970579346,0.0078125,-0.3676,-0.3598285714285714,True
0.70,F3-F2,mean_queue,-138.91681879725866,22.910936287806386,8.10023920622042,-158.07084086318844,-119.76279673132886,0.0078125,-142.10574964812503,-133.5464723893312,True
0.70,F3-F2,mean_wait,-80.2686314037054,13.245331529514546,4.68293187179186,-91.34200567352525,-69.19525713388555,0.0078125,-82.09527434067718,-76.99941742258866,True
0.70,F3-F2,scheduled_prb_slots,-906.5,43.27651953261887,15.300560213833439,-942.6800757355163,-870.3199242644837,0.0078125,-919.0,-899.5714285714286,True
0.70,F3-F2,total_occupied_prb_slots,-612.5,48.204919725213585,17.043012812125845,-652.8003214056565,-572.1996785943435,0.0078125,-622.1428571428571,-598.4285714285714,True
0.70,F3-F2,rlc_retransmissions_per_packet,-5e-05,0.0001414213562373095,4.9999999999999996e-05,-0.00016823121255,6.823121254999998e-05,1.0,-5.714285714285715e-05,0.0,False
0.70,F3-F2,first_scheduled_success_probability,-0.004906326557780789,0.026073532618844042,0.00921838586213663,-0.026704345322464608,0.01689169220690303,0.6015625,-0.010547904546344158,0.0003349686284241926,False
0.70,F3-F2,scheduled_attempts_per_rescued_packet,0.012477096730919568,0.04086807549320667,0.014449046657645095,-0.02168946939957852,0.046643662861417655,0.3671875,0.0065063066842741945,0.021479640319564033,True
0.70,F3-F2,rescue_admission_rate,0.0,0.0,0.0,0.0,0.0,1.0,0.0,0.0,False
0.70,F3-F2,eligible_stage_population,-588.625,29.923414148217017,10.579524530228865,-613.6416002682286,-563.6083997317714,0.0078125,-595.8571428571429,-584.8571428571429,True
0.70,F3-F2,rescue_trigger_to_first_tx_mean,-79.29473244645904,13.135900452476271,4.644242143468705,-90.27662004642136,-68.31284484649672,0.0078125,-81.05377899397035,-76.12464695846468,True
0.70,F3-F2,phy_attempts_per_packet,0.04375000000000001,0.03432279542394952,0.012134940696776652,0.015055424943955103,0.07244457505604492,0.0234375,0.03794285714285715,0.052114285714285745,True
0.70,F3-F2,harq_episodes_per_packet,-0.23550000000000001,0.011896217886370446,0.00420594816896262,-0.24544548703877808,-0.22555451296122195,0.0078125,-0.2384,-0.234,True
0.70,F3-F2,final_harq_failure_probability,-5e-05,0.0001414213562373095,4.9999999999999996e-05,-0.00016823121255,6.823121254999998e-05,1.0,-5.714285714285715e-05,0.0,False
0.70,F3-F2,cb_attempts_per_slot,2.6611169693627232,0.22328719325398805,0.07894394425100304,2.4744442043172095,2.847789734408237,0.0078125,2.6069537265938387,2.6902346877587076,True
0.70,F3-F2,cb_overlap_probability,0.0033577017194540287,0.025273123324968703,0.008935398442424638,-0.017771158129850896,0.024486561568758954,0.7109375,-0.0023274191233242686,0.0075854849281367254,False
0.70,F3-F2,scheduled_attempts_per_slot,-0.8476609059892407,0.06430464324495509,0.02273512465014473,-0.9014209330864809,-0.7939008788920006,0.0078125,-0.8633595115974279,-0.8377580581673187,True
0.70,F3-F2,p95_queue,-235.13125000000002,32.143461204641405,11.364429694304324,-262.00385605393654,-208.2586439460635,0.0078125,-240.0071428571429,-225.60714285714286,True
0.70,F3-F2,max_queue,-244.875,34.81148209591608,12.307717526588172,-273.97812733782814,-215.77187266217186,0.0078125,-251.0,-234.57142857142858,True
0.70,F3-F2,p95_wait,-117.25,16.926310879810757,5.984354601792911,-131.40075001798297,-103.09924998201703,0.0078125,-119.71428571428571,-112.14285714285714,True
0.70,F3-F2,fraction_at_cap2,-0.6056483803397099,0.06426716899371172,0.022721875501557694,-0.659377078178896,-0.5519196825005238,0.0078125,-0.6262345366726902,-0.5981859089279924,True
0.70,F3-F2,mean_residual_cb_prbs,1.006177932970872,0.09916382848717792,0.03505970778585162,0.9232748977074737,1.0890809682342701,0.0078125,0.9935540819280025,1.03761711140339,True
0.70,F3-F2,cb_prb_slots,471.625,55.16452664529987,19.50360543591876,425.5063016042911,517.743698395709,0.0078125,465.57142857142856,487.57142857142856,True
0.90,B-Legacy-20,correct_delivery_probability,0.0003000000000000086,0.0005554920598635468,0.00019639610121239878,-0.00016440298372868007,0.0007644029837286972,0.25,0.00011428571428571756,0.00034285714285715266,True
0.90,B-Legacy-20,terminal_failure_probability,-0.00035,0.0005830951894845301,0.00020615528128088305,-0.0008374797775885024,0.0001374797775885024,0.25,-0.0004,-0.00017142857142857145,True
0.90,B-Legacy-20,mean_latency,2.856767560447763,8.342056895478906,2.9493624999185664,-4.117366531849665,9.83090165274519,0.359375,1.6770486405117293,5.382033347471435,True
0.90,B-Legacy-20,p95_latency,-14.487499999999955,53.987569667206024,19.08748830573127,-59.622237738411016,30.647237738411107,0.5,-26.41428571428566,-0.13571428571425972,True
0.90,B-Legacy-20,p99_latency,-75.42500000000007,52.56904765571241,18.58596503893651,-119.3738236593075,-31.47617634069264,0.015625,-86.91285714285719,-62.18571428571444,True
0.90,B-Legacy-20,scheduled_attempts_per_packet,0.0022000000000000006,0.05724334022399462,0.020238577025077628,-0.04565663003922999,0.05005663003922999,0.921875,-0.007485714285714286,0.015485714285714285,False
0.90,B-Legacy-20,mean_queue,36.75842027499686,13.948514217191258,4.931544495226452,25.097170566698836,48.41966998329488,0.0078125,34.769654846419876,40.33567106628175,True
0.90,B-Legacy-20,mean_wait,26.547621487182408,5.900635761516968,2.086189780140248,21.61456654087442,31.480676433490395,0.0078125,25.80477680510045,27.894259561030044,True
0.90,B-Legacy-20,scheduled_prb_slots,5.5,143.10835055998655,50.596442562694065,-114.14157509807497,125.14157509807497,0.921875,-18.714285714285715,38.714285714285715,False
0.90,B-Legacy-20,total_occupied_prb_slots,-58.25,98.88629834309705,34.96158606241999,-140.9210142566219,24.421014256621902,0.1640625,-72.85714285714286,-30.571428571428573,True
0.90,B-Legacy-20,rlc_retransmissions_per_packet,-0.10735,0.07608714928103355,0.02690086960888598,-0.1709604486501607,-0.043739551349839326,0.0078125,-0.11977142857142856,-0.08862857142857143,True
0.90,B-Legacy-20,first_scheduled_success_probability,-0.0031850808935914854,0.030951352744945326,0.01094295570642385,-0.029061059334620158,0.022690897547437187,0.8515625,-0.0085419775206189,0.006555828854311084,False
0.90,B-Legacy-20,scheduled_attempts_per_rescued_packet,-0.2715414980116301,0.10369845977231688,0.03666294205180284,-0.3582355799003308,-0.18484741612292938,0.0078125,-0.3013700134383374,-0.25367608521502405,True
0.90,B-Legacy-20,rescue_admission_rate,0.0,0.0,0.0,0.0,0.0,1.0,0.0,0.0,False
0.90,B-Legacy-20,eligible_stage_population,0.0,0.0,0.0,0.0,0.0,1.0,0.0,0.0,False
0.90,B-Legacy-20,rescue_trigger_to_first_tx_mean,0.0,0.0,0.0,0.0,0.0,1.0,0.0,0.0,False
0.90,B-Legacy-20,phy_attempts_per_packet,0.12204999999999999,0.10202552901812656,0.03607147171143108,0.03675452322188959,0.20734547677811038,0.0234375,0.10445714285714283,0.14497142857142858,True
0.90,B-Legacy-20,harq_episodes_per_packet,-0.10734999999999997,0.07608714928103359,0.026900869608885998,-0.1709604486501607,-0.043739551349839256,0.0078125,-0.11977142857142854,-0.0886285714285714,True
0.90,B-Legacy-20,final_harq_failure_probability,0.04529999999999999,0.019173493608178376,0.006778853674689927,0.02927055820684773,0.06132944179315226,0.0078125,0.042057142857142855,0.05011428571428571,True
0.90,B-Legacy-20,cb_attempts_per_slot,1.091001487286648,0.3345654436174494,0.11828674696629199,0.8112977768382533,1.3707051977350426,0.0078125,1.0251435495960801,1.1903854897712443,True
0.90,B-Legacy-20,cb_overlap_probability,0.03820714323383405,0.01689507958223173,0.0059733126706412185,0.024082503234030248,0.05233178323363785,0.0078125,0.03395542477915665,0.040931452047836644,True
0.90,B-Legacy-20,scheduled_attempts_per_slot,0.10973741831975409,0.12891065121181752,0.045576797819525,0.001965416912781362,0.21750941972672683,0.0546875,0.0917826857590663,0.13836636549757197,True
0.90,B-Legacy-20,p95_queue,31.46249999999999,30.12370625556271,10.650338483890007,6.278451339635108,56.64654866036487,0.0234375,23.949999999999996,38.38571428571428,True
0.90,B-Legacy-20,max_queue,27.625,30.724292389852412,10.862677748011437,1.9388487662540896,53.31115123374591,0.046875,20.714285714285715,35.142857142857146,True
0.90,B-Legacy-20,p95_wait,25.025000000000006,14.491549261552407,5.123536376371306,12.909761633551751,37.14023836644826,0.0078125,21.600000000000005,28.457142857142863,True
0.90,B-Legacy-20,fraction_at_cap2,0.13526440472917822,0.07766277006324389,0.027457935678725672,0.07033670414086536,0.2001921053174911,0.0078125,0.11939750490262886,0.15191494080068116,True
0.90,B-Legacy-20,mean_residual_cb_prbs,-0.22491588025751563,0.12464642565640706,0.044069166416155145,-0.32912289988651083,-0.12070886062852042,0.0078125,-0.2528637748925216,-0.20119675599919326,True
0.90,B-Legacy-20,cb_prb_slots,-138.75,49.97070570415659,17.667312432043207,-180.52655542680316,-96.97344457319684,0.0078125,-147.14285714285714,-126.85714285714286,True
0.90,B-Legacy-15,correct_delivery_probability,0.0009000000000000119,0.0011661903789690622,0.00041231056256176674,-7.495955517699442e-05,0.0018749595551770183,0.125,0.0005714285714285878,0.0010285714285714423,True
0.90,B-Legacy-15,terminal_failure_probability,-0.0009000000000000001,0.0011661903789690602,0.0004123105625617661,-0.0018749595551770049,7.495955517700472e-05,0.125,-0.0010285714285714286,-0.0005714285714285715,True
0.90,B-Legacy-15,mean_latency,1.6861773429553004,9.04604725091007,3.198260677026218,-5.876507414960574,9.248862100871175,0.6015625,0.09117410623462925,3.728058153373709,True
0.90,B-Legacy-15,p95_latency,-18.468749999999886,61.66991589734573,21.803607863108617,-70.0260899124008,33.088589912401034,0.390625,-32.82142857142844,-6.592857142857091,True
0.90,B-Legacy-15,p99_latency,-82.78499999999997,80.78589480843799,28.5621270216348,-150.32369821550003,-15.24630178449992,0.0234375,-102.89999999999996,-67.75142857142853,True
0.90,B-Legacy-15,scheduled_attempts_per_packet,-0.00279999999999999,0.06512791808652964,0.02302619626177355,-0.05724830208887527,0.05164830208887529,0.90625,-0.017599999999999987,0.008914285714285724,False
0.90,B-Legacy-15,mean_queue,31.3399741571859,17.082515131935352,6.0395811447566485,17.058634116411987,45.62131419795981,0.015625,27.8652279431678,35.945396051799264,True
0.90,B-Legacy-15,mean_wait,22.972422465467034,9.057810696364472,3.202419683051681,15.399903221043296,30.54494170989077,0.0078125,21.371529535089145,25.30558424032097,True
0.90,B-Legacy-15,scheduled_prb_slots,-7.0,162.81979521632408,57.56549065443387,-143.1207552221882,129.1207552221882,0.90625,-44.0,22.285714285714285,False
0.90,B-Legacy-15,total_occupied_prb_slots,-64.0,126.33289357883005,44.66542286825459,-169.61694209544476,41.61694209544477,0.2109375,-92.42857142857143,-39.0,True
0.90,B-Legacy-15,rlc_retransmissions_per_packet,-0.1218,0.08943045182870159,0.031618439466325886,-0.1965657287408497,-0.047034271259150315,0.015625,-0.14451428571428573,-0.10571428571428572,True
0.90,B-Legacy-15,first_scheduled_success_probability,0.012711044296601096,0.02490758082056776,0.008806159650587727,-0.00811221437135633,0.03353430296455852,0.1796875,0.008032838901188975,0.020110355575071633,True
0.90,B-Legacy-15,scheduled_attempts_per_rescued_packet,-0.29589838450582745,0.09782956048733454,0.03458797281054689,-0.3776859438065753,-0.21411082520507965,0.0078125,-0.3221650199323131,-0.2846766910028728,True
0.90,B-Legacy-15,rescue_admission_rate,0.0,0.0,0.0,0.0,0.0,1.0,0.0,0.0,False
0.90,B-Legacy-15,eligible_stage_population,0.0,0.0,0.0,0.0,0.0,1.0,0.0,0.0,False
0.90,B-Legacy-15,rescue_trigger_to_first_tx_mean,0.0,0.0,0.0,0.0,0.0,1.0,0.0,0.0,False
0.90,B-Legacy-15,phy_attempts_per_packet,0.11275000000000002,0.11613360532470465,0.0410594299243704,0.015659876268598674,0.20984012373140137,0.046875,0.09085714285714287,0.1338285714285714,True
0.90,B-Legacy-15,harq_episodes_per_packet,-0.12179999999999996,0.08943045182870159,0.031618439466325886,-0.19656572874084965,-0.04703427125915027,0.015625,-0.14451428571428568,-0.10571428571428568,True
0.90,B-Legacy-15,final_harq_failure_probability,0.046799999999999994,0.024023797725231888,0.008493695140682711,0.026715602489740798,0.0668843975102592,0.0078125,0.042628571428571425,0.05148571428571428,True
0.90,B-Legacy-15,cb_attempts_per_slot,1.0076924722125575,0.4409753660046475,0.15590833581905297,0.6390278404017729,1.3763571040233422,0.0078125,0.9415809839108557,1.1393456521850118,True
0.90,B-Legacy-15,cb_overlap_probability,0.03720421399417022,0.013444826991363523,0.004753464168736537,0.025964057344516248,0.04844437064382419,0.0078125,0.03415140305611438,0.0399401016858959,True
0.90,B-Legacy-15,scheduled_attempts_per_slot,0.09211145216117003,0.15312254816730675,0.05413699608083317,-0.03590220164786004,0.2201251059702001,0.1328125,0.058748718809735694,0.12074096131056636,True
0.90,B-Legacy-15,p95_queue,25.581249999999983,33.97983580112518,12.013686159290518,-2.826603636161426,53.98910363616139,0.0703125,16.664285714285693,30.83571428571427,True
0.90,B-Legacy-15,max_queue,24.125,33.642819229581306,11.894532807735061,-4.001100731485444,52.251100731485444,0.078125,15.285714285714286,28.714285714285715,True
0.90,B-Legacy-15,p95_wait,19.58125000000001,17.129005006129237,6.0560177974061515,5.26104345176582,33.9014565482342,0.015625,15.092857142857156,22.37857142857144,True
0.90,B-Legacy-15,fraction_at_cap2,0.1277778331198953,0.09268885707481812,0.032770459689017296,0.050288009422827074,0.20526765681696352,0.015625,0.11130937584550311,0.14616749039909882,True
0.90,B-Legacy-15,mean_residual_cb_prbs,-0.21325824183336417,0.15251791904845033,0.05392322740581006,-0.3407664130493305,-0.08575007061739787,0.0078125,-0.24158484286473594,-0.18804733604419713,True
0.90,B-Legacy-15,cb_prb_slots,-137.625,53.071212266430955,18.763507039692005,-181.99364377986493,-93.25635622013507,0.0078125,-146.57142857142858,-124.42857142857143,True
0.90,B-Fast-CB,correct_delivery_probability,0.26739999999999997,0.2815336772547317,0.09953718615960283,0.032031955730701556,0.5027680442692983,0.015625,0.18594285714285716,0.3056,True
0.90,B-Fast-CB,terminal_failure_probability,-0.2672,0.28137385399906245,0.0994806801056653,-0.5024344286838294,-0.03196557131617059,0.03125,-0.30537142857142857,-0.18577142857142856,True
0.90,B-Fast-CB,mean_latency,28.695726030939767,7.233545495181878,2.5574445358322544,22.648330660923378,34.743121400956156,0.0078125,27.42596416203109,30.569080392984898,True
0.90,B-Fast-CB,p95_latency,141.63125000000008,27.096335249043783,9.580001199951468,118.97814683798575,164.2843531620144,0.0078125,135.57142857142864,146.29285714285723,True
0.90,B-Fast-CB,p99_latency,163.90875000000034,44.652210771536616,15.78694051576227,126.57856760733443,201.23893239266624,0.0078125,154.3028571428574,173.4642857142861,True
0.90,B-Fast-CB,scheduled_attempts_per_packet,0.4502,0.03363943264342353,0.01189333546871644,0.42207673052539463,0.47832326947460535,0.0078125,0.4457714285714286,0.46097142857142853,True
0.90,B-Fast-CB,mean_queue,101.63603179472085,30.924460715311533,10.933447938166887,75.78253565308547,127.48952793635623,0.0078125,92.94315782475418,108.1616667902028,True
0.90,B-Fast-CB,mean_wait,61.735422523997805,17.009727064059902,6.01384667656455,47.514934830797515,75.9559102171981,0.0078125,56.72614778146977,64.87875091323183,True
0.90,B-Fast-CB,scheduled_prb_slots,1125.5,84.09858160855883,29.733338671791106,1055.1918263134867,1195.8081736865133,0.0078125,1114.4285714285713,1152.4285714285713,True
0.90,B-Fast-CB,total_occupied_prb_slots,324.5,150.48398111237145,53.204121752253094,198.69224345146574,450.30775654853426,0.0078125,290.0,355.42857142857144,True
0.90,B-Fast-CB,rlc_retransmissions_per_packet,-1.48445,1.7095433968502485,0.6044148643227478,-2.9136640458424443,-0.05523595415755578,0.03125,-1.7231428571428573,-0.9902857142857143,True
0.90,B-Fast-CB,first_scheduled_success_probability,0.5128147793542881,0.018463369431213027,0.00652778686418157,0.4973790162298851,0.5282505424786911,0.0078125,0.5104216963973917,0.5182608617674177,True
0.90,B-Fast-CB,scheduled_attempts_per_rescued_packet,1.5449752938694756,0.023367152450604473,0.008261535977421137,1.5254398655467567,1.5645107221921946,0.0078125,1.5391861478500477,1.548678353496784,True
0.90,B-Fast-CB,rescue_admission_rate,0.0,0.0,0.0,0.0,0.0,1.0,0.0,0.0,False
0.90,B-Fast-CB,eligible_stage_population,0.0,0.0,0.0,0.0,0.0,1.0,0.0,0.0,False
0.90,B-Fast-CB,rescue_trigger_to_first_tx_mean,0.0,0.0,0.0,0.0,0.0,1.0,0.0,0.0,False
0.90,B-Fast-CB,phy_attempts_per_packet,-6.42545,7.272317110601191,2.5711523719225307,-12.505259251664187,-0.3456407483358124,0.03125,-7.438971428571429,-4.3184571428571425,True
0.90,B-Fast-CB,harq_episodes_per_packet,-1.48445,1.7095433968502485,0.6044148643227478,-2.9136640458424443,-0.05523595415755578,0.03125,-1.7231428571428573,-0.9902857142857143,True
0.90,B-Fast-CB,final_harq_failure_probability,-0.0695,0.2704791726864434,0.09562882858815566,-0.295626247174275,0.15662624717427495,0.546875,-0.10862857142857142,0.00817142857142856,False
0.90,B-Fast-CB,cb_attempts_per_slot,-30.61952270601057,30.302359746820727,10.713502031465604,-55.9529294227519,-5.286115989269241,0.0078125,-34.66877729023816,-21.665954273410414,True
0.90,B-Fast-CB,cb_overlap_probability,0.04244085218855491,0.06378318496847639,0.02255076130844276,-0.01088322487990133,0.09576492925701115,0.109375,0.031462596146902944,0.06014985422331159,True
0.90,B-Fast-CB,scheduled_attempts_per_slot,1.5972349200450298,0.08244238848103942,0.02914778597607934,1.5283113584630348,1.6661584816270247,0.0078125,1.588137117161479,1.6250263927973996,True
0.90,B-Fast-CB,p95_queue,191.475,32.284693409902914,11.414362819335496,164.48432086768656,218.46567913231343,0.0078125,183.54285714285714,198.82857142857142,True
0.90,B-Fast-CB,max_queue,207.25,33.88109460198373,11.978775873542814,178.92469607212695,235.57530392787305,0.0078125,200.57142857142858,214.42857142857142,True
0.90,B-Fast-CB,p95_wait,97.4,15.821143177045439,5.593618813306054,84.17319330320667,110.62680669679334,0.0078125,93.60000000000001,100.74285714285715,True
0.90,B-Fast-CB,fraction_at_cap2,0.8861821434933386,0.08733128284903391,0.030876271156136153,0.8131713639370872,0.9591929230495899,0.0078125,0.8739081849699409,0.9088446053952953,True
0.90,B-Fast-CB,mean_residual_cb_prbs,-1.8018302061942912,0.14894563467213415,0.0526602341524001,-1.926351872934395,-1.6773085394541876,0.0078125,-1.8389607831270942,-1.7802330529361232,True
0.90,B-Fast-CB,cb_prb_slots,-944.125,184.27110268762783,65.14967314357213,-1098.179497060014,-790.070502939986,0.0078125,-981.4285714285714,-898.0,True
0.90,H2-B,correct_delivery_probability,9.999999999998899e-05,0.0001851640199544899,6.54653670707905e-05,-5.480099457621905e-05,0.000254800994576197,0.5,5.7142857142850847e-05,0.00011428571428570169,True
0.90,H2-B,terminal_failure_probability,0.0,0.0,0.0,0.0,0.0,1.0,0.0,0.0,False
0.90,H2-B,mean_latency,54.67340582232893,7.659819270581694,2.7081550744458545,48.26963665782555,61.07717498683231,0.0078125,52.28723857543017,55.84229236837592,True
0.90,H2-B,p95_latency,121.14375000000007,22.513653595413864,7.959778563301019,102.32186457662854,139.9656354233716,0.0078125,114.15000000000002,124.17142857142868,True
0.90,H2-B,p99_latency,177.23749999999984,36.476595529580294,12.896424026782565,146.7423029950907,207.73269700490897,0.0078125,167.8442857142855,185.5642857142857,True
0.90,H2-B,scheduled_attempts_per_packet,0.08934999999999998,0.033667916054139324,0.011903405875150671,0.06120291779812283,0.11749708220187714,0.0078125,0.07851428571428569,0.09337142857142855,True
0.90,H2-B,mean_queue,141.84601768899185,22.55904210822993,7.9758258259011265,122.98618651931395,160.70584885866975,0.0078125,134.30641377221556,144.36639236147232,True
0.90,H2-B,mean_wait,81.50658357150078,11.279437265958304,3.9878832893636837,72.07673803531377,90.9364291076878,0.0078125,77.85232483612106,82.87447519590378,True
0.90,H2-B,scheduled_prb_slots,223.375,84.16979013534828,29.75851468787667,153.00729449530712,293.7427055046929,0.0078125,196.28571428571428,233.42857142857142,True
0.90,H2-B,total_occupied_prb_slots,202.125,63.2894428118037,22.376197094872296,149.21370170430922,255.03629829569078,0.0078125,181.57142857142858,211.71428571428572,True
0.90,H2-B,rlc_retransmissions_per_packet,-0.28945,0.022746239877646342,0.008042010231989796,-0.3084663324213532,-0.2704336675786468,0.0078125,-0.2969142857142857,-0.28674285714285713,True
0.90,H2-B,first_scheduled_success_probability,0.3593805149936915,0.012535371106543207,0.004431922957063308,0.348900682490856,0.369860347496527,0.0078125,0.3555849186457172,0.36134101213519004,True
0.90,H2-B,scheduled_attempts_per_rescued_packet,-0.41075446586264625,0.016606123328435023,0.005871151207378263,-0.42463753238890084,-0.39687139933639165,0.0078125,-0.41351259843405214,-0.4066644679657947,True
0.90,H2-B,rescue_admission_rate,1.0,0.0,0.0,1.0,1.0,0.0078125,1.0,1.0,True
0.90,H2-B,eligible_stage_population,1189.25,13.220654835737687,4.67420734303842,1178.1972559624492,1200.3027440375508,0.0078125,1186.142857142857,1192.2857142857142,True
0.90,H2-B,rescue_trigger_to_first_tx_mean,143.35265660491018,14.60738348733231,5.1644899596425375,131.14057840229341,155.56473480752695,0.0078125,139.35191087527895,146.18754384190507,True
0.90,H2-B,phy_attempts_per_packet,-1.2764,0.11269113287464735,0.039842332117628707,-1.370612144741741,-1.182187855258259,0.0078125,-1.3153714285714284,-1.2670285714285714,True
0.90,H2-B,harq_episodes_per_packet,-0.28945,0.022746239877646325,0.00804201023198979,-0.3084663324213532,-0.2704336675786468,0.0078125,-0.29691428571428574,-0.28674285714285713,True
0.90,H2-B,final_harq_failure_probability,-0.28945,0.022746239877646342,0.008042010231989796,-0.3084663324213532,-0.2704336675786468,0.0078125,-0.2969142857142857,-0.28674285714285713,True
0.90,H2-B,cb_attempts_per_slot,-5.804514024176642,0.32982573401320026,0.1166110065652822,-6.080255238234429,-5.528772810118856,0.0078125,-5.857958229148737,-5.722724157727854,True
0.90,H2-B,cb_overlap_probability,-0.16355510877554394,0.028893255759289208,0.010215308538975332,-0.1877104750782524,-0.1393997424728355,0.0078125,-0.16929823126245155,-0.1580582697197332,True
0.90,H2-B,scheduled_attempts_per_slot,0.03804099609691089,0.07729384736020163,0.027327501806198248,-0.026578277393271788,0.10266026958709357,0.140625,0.012339188607144098,0.04692051927330893,True
0.90,H2-B,p95_queue,252.875,35.93190981366206,12.703848545111947,222.8351716491972,282.9148283508028,0.0078125,243.71428571428572,258.2785714285714,True
0.90,H2-B,max_queue,259.875,36.36103683890216,12.855567859880791,229.4764124781497,290.2735875218503,0.0078125,250.85714285714286,265.85714285714283,True
0.90,H2-B,p95_wait,126.85,18.73751012579542,6.62471023625077,111.18504951951348,142.5149504804865,0.0078125,122.25714285714285,129.68571428571428,True
0.90,H2-B,fraction_at_cap2,0.10183977915642188,0.08960918491789883,0.03168163115602278,0.02692462581365325,0.1767549324991905,0.0078125,0.0786666435393648,0.11395913859796238,True
0.90,H2-B,mean_residual_cb_prbs,-0.1777037045722678,0.1521588167230079,0.05379626556107996,-0.3049116587312336,-0.05049575041330201,0.0078125,-0.19931728991158046,-0.13987886381997314,True
0.90,H2-B,cb_prb_slots,-162.125,69.52376263860128,24.58036200767945,-220.24832010171787,-104.00167989828212,0.0078125,-172.0,-145.71428571428572,True
0.90,H3-B,correct_delivery_probability,9.999999999998899e-05,0.0001851640199544899,6.54653670707905e-05,-5.480099457621905e-05,0.000254800994576197,0.5,5.7142857142850847e-05,0.00011428571428570169,True
0.90,H3-B,terminal_failure_probability,0.0,0.0,0.0,0.0,0.0,1.0,0.0,0.0,False
0.90,H3-B,mean_latency,-3.0284441776710675,6.096370245253349,2.155392370521269,-8.12513724742604,2.0682488920839033,0.1953125,-5.059961424569827,-2.2633647744812206,True
0.90,H3-B,p95_latency,-61.512500000000045,16.954597985713022,5.9943556039947286,-75.68689863032373,-47.33810136967636,0.0078125,-67.15714285714292,-59.57857142857146,True
0.90,H3-B,p99_latency,-11.758750000000077,31.30558345338964,11.068195174446595,-37.93087272429767,14.413372724297517,0.3203125,-20.721428571428664,-6.867142857142945,True
0.90,H3-B,scheduled_attempts_per_packet,-0.008500000000000008,0.030766029503798028,0.010877434046160489,-0.034221044334204156,0.017221044334204138,0.4921875,-0.018628571428571432,-0.00491428571428572,True
0.90,H3-B,mean_queue,1.5557869019190615,19.629088294794364,6.939930720879289,-14.854541580932016,17.96611538477014,0.90625,-4.836461436099356,4.117537072897799,False
0.90,H3-B,mean_wait,-0.6058517574163362,9.476233451909094,3.3503544669758627,-8.52818117947364,7.316477664640967,0.8828125,-3.5577514644031294,0.8027777820277089,False
0.90,H3-B,scheduled_prb_slots,-21.25,76.9150737594951,27.19358511540123,-85.55261083551038,43.05261083551038,0.4921875,-46.57142857142857,-12.285714285714286,True
0.90,H3-B,total_occupied_prb_slots,-77.5,66.05409038918678,23.353647619651564,-132.72260151073652,-22.27739848926349,0.03125,-98.71428571428571,-69.57142857142857,True
0.90,H3-B,rlc_retransmissions_per_packet,-0.256,0.020360185236317052,0.007198412523407008,-0.27302154082155033,-0.23897845917844968,0.0078125,-0.2629714285714286,-0.2541142857142857,True
0.90,H3-B,first_scheduled_success_probability,0.39538077464335697,0.02196283381545691,0.007765034362491398,0.3770193860799615,0.41374216320675244,0.0078125,0.3893803040603993,0.39807230649532416,True
0.90,H3-B,scheduled_attempts_per_rescued_packet,-0.4014421177799121,0.028773946758006715,0.01017312643704361,-0.4254977392614347,-0.37738649629838955,0.0078125,-0.40561048233540337,-0.394972687524929,True
0.90,H3-B,rescue_admission_rate,1.0,0.0,0.0,1.0,1.0,0.0078125,1.0,1.0,True
0.90,H3-B,eligible_stage_population,965.5,16.509737386507048,5.837073630804101,951.697514137728,979.302485862272,0.0078125,960.5714285714286,968.5714285714286,True
0.90,H3-B,rescue_trigger_to_first_tx_mean,61.62148717631775,18.526065803428697,6.549953379156317,46.133308573045326,77.10966577959017,0.0078125,55.9656732195132,64.44422989642125,True
0.90,H3-B,phy_attempts_per_packet,-0.6272,0.11194774291095438,0.039579504075432044,-0.72079065517932,-0.53360934482068,0.0078125,-0.6661714285714285,-0.618,True
0.90,H3-B,harq_episodes_per_packet,-0.25600000000000006,0.02036018523631707,0.007198412523407014,-0.2730215408215504,-0.23897845917844973,0.0078125,-0.26297142857142863,-0.2541142857142858,True
0.90,H3-B,final_harq_failure_probability,-0.256,0.020360185236317052,0.007198412523407008,-0.27302154082155033,-0.23897845917844968,0.0078125,-0.2629714285714286,-0.2541142857142857,True
0.90,H3-B,cb_attempts_per_slot,-1.8299386219635467,0.24872587253694137,0.08793787556370605,-2.0378786551029062,-1.621998588824187,0.0078125,-1.8862633535893332,-1.769402348388137,True
0.90,H3-B,cb_overlap_probability,-0.02557685945895133,0.0229303928225813,0.008107118130059286,-0.04474714759501129,-0.00640657132289137,0.03125,-0.03002485414568114,-0.02158033270393922,True
0.90,H3-B,scheduled_attempts_per_slot,0.034966433016205056,0.07445144491026115,0.026322560782591164,-0.027276532558731546,0.09720939859114167,0.1953125,0.010047382803978211,0.042629930002878576,True
0.90,H3-B,p95_queue,-2.8687499999999773,29.551165525721146,10.447914767601773,-27.57414263185216,21.836642631852204,0.8046875,-10.564285714285688,2.528571428571435,False
0.90,H3-B,max_queue,-0.625,28.71504085716354,10.152300056074555,-24.63137491602255,23.38137491602255,0.953125,-7.714285714285714,4.428571428571429,False
0.90,H3-B,p95_wait,-1.4750000000000227,13.917281138416163,4.920501934326851,-13.110138201001705,10.16013820100166,0.7421875,-4.828571428571455,1.1714285714285455,False
0.90,H3-B,fraction_at_cap2,0.06957072469698328,0.09093397503738102,0.032150015194590174,-0.006451980902163132,0.1455934302961297,0.0078125,0.04311568897139354,0.07787962926513238,True
0.90,H3-B,mean_residual_cb_prbs,-0.125101568512477,0.15056516333257078,0.053232824001460455,-0.2509771950955453,0.0007740580705912492,0.0078125,-0.14011561912113013,-0.08216815619222968,True
0.90,H3-B,cb_prb_slots,-112.75,67.62660085245408,23.909614025683116,-169.28725315718003,-56.21274684281997,0.0078125,-120.85714285714286,-95.57142857142857,True
0.90,H3-H2,correct_delivery_probability,0.0,0.0,0.0,0.0,0.0,1.0,0.0,0.0,False
0.90,H3-H2,terminal_failure_probability,0.0,0.0,0.0,0.0,0.0,1.0,0.0,0.0,False
0.90,H3-H2,mean_latency,-57.70185,2.4877105935262778,0.8795385151560209,-59.781628102626456,-55.622071897373544,0.0078125,-58.10565714285714,-57.22245714285714,True
0.90,H3-H2,p95_latency,-182.6562500000001,9.200793347004764,3.2529716839815697,-190.34830573175924,-174.964194268241,0.0078125,-184.61428571428587,-180.60714285714297,True
0.90,H3-H2,p99_latency,-188.99624999999992,37.72453159322959,13.337636053329398,-220.53474766271455,-157.45775233728529,0.0078125,-199.28285714285707,-181.85142857142844,True
0.90,H3-H2,scheduled_attempts_per_packet,-0.09784999999999999,0.011363978176677399,0.004017773014992263,-0.10735052350626409,-0.0883494764937359,0.0078125,-0.10068571428571428,-0.09571428571428571,True
0.90,H3-H2,mean_queue,-140.29023078707277,9.947753933444826,3.517062131956994,-148.60676119657205,-131.9737003775735,0.0078125,-143.29142832417082,-138.48704230149104,True
0.90,H3-H2,mean_wait,-82.11243532891712,5.5808333001319435,1.973122535597498,-86.77812872678557,-77.44674193104866,0.0078125,-83.75174613174191,-81.05490467011727,True
0.90,H3-H2,scheduled_prb_slots,-244.625,28.409945441693477,10.04443253748065,-268.3763087656602,-220.8736912343398,0.0078125,-251.71428571428572,-239.28571428571428,True
0.90,H3-H2,total_occupied_prb_slots,-279.625,30.009224772202487,10.609863167287852,-304.7133397451605,-254.5366602548395,0.0078125,-286.85714285714283,-271.7142857142857,True
0.90,H3-H2,rlc_retransmissions_per_packet,0.03345,0.005446624118269434,0.0019256724243012584,0.028896508286015282,0.03800349171398472,0.0078125,0.031714285714285716,0.03422857142857143,True
0.90,H3-H2,first_scheduled_success_probability,0.03600025964966547,0.01372369847998857,0.004852060129079716,0.02452696060113338,0.047473558698197554,0.0078125,0.03379538541468214,0.03886487147410157,True
0.90,H3-H2,scheduled_attempts_per_rescued_packet,0.009312348082734151,0.020043991063140233,0.007086621001394507,-0.0074448477948092055,0.026069543960277507,0.2578125,0.004225082956886712,0.01258508923822989,True
0.90,H3-H2,rescue_admission_rate,0.0,0.0,0.0,0.0,0.0,1.0,0.0,0.0,False
0.90,H3-H2,eligible_stage_population,-223.75,11.510864433221338,4.0697051490249265,-233.3733234898039,-214.1266765101961,0.0078125,-225.57142857142858,-221.42857142857142,True
0.90,H3-H2,rescue_trigger_to_first_tx_mean,-81.73116942859244,5.827802835431376,2.0604394521758573,-86.60333452492462,-76.85900433226026,0.0078125,-83.38623765576575,-80.56771031526985,True
0.90,H3-H2,phy_attempts_per_packet,0.6492,0.02443416811410962,0.008638782983069514,0.6287725242591077,0.6696274757408923,0.0078125,0.6424000000000001,0.6533714285714287,True
0.90,H3-H2,harq_episodes_per_packet,0.03344999999999995,0.005446624118269389,0.0019256724243012424,0.028896508286015272,0.03800349171398463,0.0078125,0.03171428571428568,0.03422857142857137,True
0.90,H3-H2,final_harq_failure_probability,0.03345,0.005446624118269434,0.0019256724243012584,0.028896508286015282,0.03800349171398472,0.0078125,0.031714285714285716,0.03422857142857143,True
0.90,H3-H2,cb_attempts_per_slot,3.974575402213096,0.14587286176187256,0.05157384487145395,3.8526226379127437,4.096528166513448,0.0078125,3.953321809339718,4.0067147245418715,True
0.90,H3-H2,cb_overlap_probability,0.1379782493165926,0.012901531131945908,0.004561380075544153,0.1271922993719327,0.14876419926125253,0.0078125,0.1350454299537874,0.14115570165354707,True
0.90,H3-H2,scheduled_attempts_per_slot,-0.0030745630807058333,0.019735833026125457,0.006977670682569366,-0.019574132392201078,0.013425006230789412,0.7265625,-0.00647338716363726,0.002655341601614688,False
0.90,H3-H2,p95_queue,-255.74374999999998,17.682344655050706,6.251652906432028,-270.52656007138376,-240.96093992861617,0.0078125,-260.84999999999997,-252.5642857142857,True
0.90,H3-H2,max_queue,-260.5,22.05836414087474,7.79880943294735,-278.9412539140749,-242.05874608592512,0.0078125,-266.14285714285717,-256.7142857142857,True
0.90,H3-H2,p95_wait,-128.32500000000002,9.681757514595622,3.423018196187189,-136.41915183831853,-120.23084816168151,0.0078125,-130.94285714285715,-126.80000000000003,True
0.90,H3-H2,fraction_at_cap2,-0.032269054459438604,0.03463854111767719,0.012246573657359296,-0.06122759952128816,-0.003310509397589048,0.0078125,-0.036079509332829995,-0.02092417898238062,True
0.90,H3-H2,mean_residual_cb_prbs,0.052602136059790805,0.05472878291053213,0.01934954676106185,0.006847728542725452,0.09835654357685616,0.0078125,0.03492670869417263,0.05920167079045032,True
0.90,H3-H2,cb_prb_slots,49.375,24.651499519733655,8.715621238410293,28.76583065712437,69.98416934287563,0.0078125,44.142857142857146,55.0,True
0.90,H2-F2,correct_delivery_probability,4.999999999999449e-05,0.00014142135623729392,4.9999999999994487e-05,-6.823121254999246e-05,0.00016823121254998144,1.0,0.0,5.7142857142850847e-05,False
0.90,H2-F2,terminal_failure_probability,0.0,0.0,0.0,0.0,0.0,1.0,0.0,0.0,False
0.90,H2-F2,mean_latency,-92.22160184073628,7.580027272369721,2.679944342935799,-98.55866322537254,-85.88454045610003,0.0078125,-93.59817353227004,-90.41194496084147,True
0.90,H2-F2,p95_latency,-261.10624999999993,9.231446160504138,3.2638090901254966,-268.82393212514495,-253.38856787485494,0.0078125,-262.54285714285703,-258.69285714285706,True
0.90,H2-F2,p99_latency,-306.0,20.25790991898514,7.162252738190307,-322.93603651651597,-289.06396348348403,0.0078125,-310.0014285714286,-301.14285714285717,True
0.90,H2-F2,scheduled_attempts_per_packet,-0.13924999999999998,0.012202927049336515,0.004314386233455298,-0.14945190231580893,-0.12904809768419104,0.0078125,-0.1416,-0.13679999999999998,True
0.90,H2-F2,mean_queue,-118.6742104753666,6.95242691666289,2.4580541092381045,-124.48658483234124,-112.86183611839198,0.0078125,-120.2123068879724,-116.81327895813408,True
0.90,H2-F2,mean_wait,-69.66191979730179,3.6826663937251127,1.3020191899254177,-72.74070594906681,-66.58313364553678,0.0078125,-70.54040543386711,-68.7286536166315,True
0.90,H2-F2,scheduled_prb_slots,-348.125,30.507317623341265,10.785965583638237,-373.62975578952233,-322.62024421047767,0.0078125,-354.0,-342.0,True
0.90,H2-F2,total_occupied_prb_slots,-594.375,37.04027730534887,13.095715629821182,-625.3414467624749,-563.4085532375251,0.0078125,-601.1428571428571,-585.7142857142857,True
0.90,H2-F2,rlc_retransmissions_per_packet,0.0020499999999999997,0.00045039665058384124,0.00015923926292577106,0.0016734589771743563,0.0024265410228256432,0.0078125,0.0019999999999999996,0.0021714285714285715,True
0.90,H2-F2,first_scheduled_success_probability,0.37107540265440425,0.013726019819027284,0.00485288084636757,0.3596001629178701,0.3825506423909384,0.0078125,0.3683810707245246,0.37453345865750987,True
0.90,H2-F2,scheduled_attempts_per_rescued_packet,-0.42407362837580687,0.015983073884712467,0.0056508699640428995,-0.4374358125320302,-0.41071144421958355,0.0078125,-0.42764299054430605,-0.4210076613836824,True
0.90,H2-F2,rescue_admission_rate,0.0,0.0,0.0,0.0,0.0,1.0,0.0,0.0,False
0.90,H2-F2,eligible_stage_population,100.25,17.235760168075807,6.093761446875695,85.84054390290888,114.65945609709112,0.0078125,97.14285714285714,103.28571428571429,True
0.90,H2-F2,rescue_trigger_to_first_tx_mean,-63.74200154588987,3.600148650712296,1.2728447620991319,-66.75180113810781,-60.73220195367194,0.0078125,-64.55190507229817,-62.77240882434007,True
0.90,H2-F2,phy_attempts_per_packet,-0.11625000000000002,0.012075831825829372,0.004269451286256138,-0.12634564804994441,-0.10615435195005561,0.0078125,-0.11817142857142857,-0.11382857142857146,True
0.90,H2-F2,harq_episodes_per_packet,-0.43355,0.00880373297446682,0.003112589643000551,-0.4409101049532505,-0.4261898950467495,0.0078125,-0.43502857142857143,-0.43097142857142856,True
0.90,H2-F2,final_harq_failure_probability,0.0020499999999999997,0.00045039665058384124,0.00015923926292577106,0.0016734589771743563,0.0024265410228256432,0.0078125,0.0019999999999999996,0.0021714285714285715,True
0.90,H2-F2,cb_attempts_per_slot,1.239856188865957,0.07346840927522466,0.02597500520075,1.1784350616484123,1.3012773160835016,0.0078125,1.2206310056960672,1.2538192118711915,True
0.90,H2-F2,cb_overlap_probability,0.06325387162217799,0.008890317598868025,0.003143201930530842,0.055821380111454745,0.07068636313290123,0.0078125,0.06145811387903545,0.06503868808133702,True
0.90,H2-F2,scheduled_attempts_per_slot,0.01966140416163173,0.01013241362588755,0.00358234919232603,0.011190494385907336,0.028132313937356122,0.0078125,0.017469843857669476,0.022086751867687365,True
0.90,H2-F2,p95_queue,-195.10000000000002,15.488820853395255,5.476125129009696,-208.04897828156686,-182.15102171843319,0.0078125,-198.2571428571429,-192.07857142857145,True
0.90,H2-F2,max_queue,-202.375,16.33521612083188,5.7753710455940155,-216.03158243293484,-188.71841756706516,0.0078125,-205.14285714285714,-198.42857142857142,True
0.90,H2-F2,p95_wait,-98.5,8.035634920242991,2.84102597162162,-105.21795891021732,-91.78204108978268,0.0078125,-99.85714285714286,-96.85714285714286,True
0.90,H2-F2,fraction_at_cap2,-0.003870863900119925,0.002972436428117675,0.0010509149774839638,-0.006355882941617624,-0.0013858448586222256,0.015625,-0.004453712863972733,-0.003294324224963896,True
0.90,H2-F2,mean_residual_cb_prbs,0.005681258837261782,0.004579999321002498,0.0016192742888553248,0.0018522835848137024,0.009510234089709862,0.015625,0.004932394713684626,0.006587395826403965,True
0.90,H2-F2,cb_prb_slots,-142.0,16.673332000533065,5.894913061275797,-155.9392543822294,-128.0607456177706,0.0078125,-147.0,-138.71428571428572,True
0.90,H3-F3,correct_delivery_probability,0.0,0.0,0.0,0.0,0.0,1.0,0.0,0.0,False
0.90,H3-F3,terminal_failure_probability,0.0,0.0,0.0,0.0,0.0,1.0,0.0,0.0,False
0.90,H3-F3,mean_latency,-51.78785,7.382003955373017,2.609932527795088,-57.959359748698,-45.616340251302,0.0078125,-53.255314285714284,-49.78628571428572,True
0.90,H3-F3,p95_latency,-223.625,20.65076961554427,7.301149615936232,-240.88947544202216,-206.36052455797784,0.0078125,-228.28571428571428,-219.57142857142858,True
0.90,H3-F3,p99_latency,-225.38750000000027,25.57773571459551,9.043095185593913,-246.771022179957,-204.00397782004356,0.0078125,-230.2928571428573,-219.44714285714326,True
0.90,H3-F3,scheduled_attempts_per_packet,-0.11040000000000003,0.014837789592793114,0.005245950819441595,-0.12280470252720495,-0.0979952974727951,0.0078125,-0.11371428571428574,-0.10817142857142859,True
0.90,H3-F3,mean_queue,-107.98437076349049,9.724569325344175,3.4381544570347775,-116.11431417127866,-99.85442735570231,0.0078125,-109.83307959363798,-105.9260968573602,True
0.90,H3-F3,mean_wait,-63.36516322983253,6.770080273977314,2.393584835453319,-69.0250919785713,-57.70523448109377,0.0078125,-64.76671586313422,-62.058912997289475,True
0.90,H3-F3,scheduled_prb_slots,-276.0,37.094473981982816,13.114877048604,-307.0117563180123,-244.98824368198768,0.0078125,-284.2857142857143,-270.42857142857144,True
0.90,H3-F3,total_occupied_prb_slots,-445.5,44.45543514898616,15.717369827223454,-482.66567385538826,-408.33432614461174,0.0078125,-453.42857142857144,-431.7142857142857,True
0.90,H3-F3,rlc_retransmissions_per_packet,0.03535,0.005197526884421639,0.001837603252686965,0.03100475878497992,0.03969524121502008,0.0078125,0.03371428571428572,0.03605714285714286,True
0.90,H3-F3,first_scheduled_success_probability,0.40748854191197537,0.020693322520164256,0.0073161943396442206,0.3901884913514237,0.42478859247252704,0.0078125,0.403654812572242,0.4118589519742379,True
0.90,H3-F3,scheduled_attempts_per_rescued_packet,-0.42016069739426154,0.026603617887495202,0.009405799306171796,-0.44240187853367435,-0.3979195162548487,0.0078125,-0.42706521433610867,-0.4143086803221222,True
0.90,H3-F3,rescue_admission_rate,0.0,0.0,0.0,0.0,0.0,1.0,0.0,0.0,False
0.90,H3-F3,eligible_stage_population,82.75,23.03258561256204,8.143248737451165,63.49427655349784,102.00572344650216,0.0078125,76.57142857142857,86.85714285714286,True
0.90,H3-F3,rescue_trigger_to_first_tx_mean,-60.52235604565967,6.535847635486048,2.3107710919271236,-65.9864614081403,-55.05825068317904,0.0078125,-61.74921532676964,-59.14061010025625,True
0.90,H3-F3,phy_attempts_per_packet,-0.05989999999999995,0.027669684287527096,0.009782710696500637,-0.08303243495346246,-0.03676756504653744,0.0078125,-0.06691428571428563,-0.05325714285714283,True
0.90,H3-F3,harq_episodes_per_packet,-0.3177500000000001,0.006720331624470442,0.002375996031742728,-0.3233683378369387,-0.3121316621630615,0.0078125,-0.3193714285714287,-0.31662857142857154,True
0.90,H3-F3,final_harq_failure_probability,0.03535,0.005197526884421639,0.001837603252686965,0.03100475878497992,0.03969524121502008,0.0078125,0.03371428571428572,0.03605714285714286,True
0.90,H3-F3,cb_attempts_per_slot,2.043680785413673,0.18903726768134577,0.06683476693722808,1.8856416747039704,2.2017198961233753,0.0078125,2.00478673630906,2.084396984908615,True
0.90,H3-F3,cb_overlap_probability,0.040468231193030585,0.014984397531928793,0.005297784553410907,0.02794096136146195,0.05299550102459922,0.0078125,0.03692673160764678,0.04405233439430578,True
0.90,H3-F3,scheduled_attempts_per_slot,-0.0010058478355162992,0.03907377280203463,0.013814664857430587,-0.03367233937683412,0.031660643705801524,0.9765625,-0.0069589437908278585,0.010179518757472441,False
0.90,H3-F3,p95_queue,-188.66249999999997,15.912141590621944,5.625791610964637,-201.9653832743593,-175.35961672564062,0.0078125,-191.38571428571427,-184.11428571428567,True
0.90,H3-F3,max_queue,-192.125,18.0589313083582,6.384796394561067,-207.22264439227646,-177.02735560772354,0.0078125,-195.42857142857142,-187.28571428571428,True
0.90,H3-F3,p95_wait,-94.70000000000002,8.559706269993809,3.0263131742388154,-101.8560935229259,-87.54390647707413,0.0078125,-96.22857142857144,-92.3714285714286,True
0.90,H3-F3,fraction_at_cap2,-0.02199283931959256,0.03018985825335506,0.01067372674700401,-0.047232192434105584,0.0032465137949204623,0.0078125,-0.024987180882737055,-0.011783424210960822,True
0.90,H3-F3,mean_residual_cb_prbs,0.035251767228735575,0.047885833210527154,0.016930198692965866,-0.004781791174900012,0.07528532563237117,0.0078125,0.019089000704168795,0.03973388411717035,True
0.90,H3-F3,cb_prb_slots,-90.25,28.080242164197944,9.92786482583239,-113.72566992781316,-66.77433007218684,0.0078125,-97.85714285714286,-85.0,True
0.90,F3-F2,correct_delivery_probability,4.999999999999449e-05,0.00014142135623729392,4.9999999999994487e-05,-6.823121254999246e-05,0.00016823121254998144,1.0,0.0,5.7142857142850847e-05,False
0.90,F3-F2,terminal_failure_probability,0.0,0.0,0.0,0.0,0.0,1.0,0.0,0.0,False
0.90,F3-F2,mean_latency,-98.13560184073629,10.00922317200263,3.538794789666292,-106.50352181969365,-89.76768186177893,0.0078125,-99.96720210369861,-95.64737353227005,True
0.90,F3-F2,p95_latency,-220.13750000000005,23.462915267654683,8.295393246082002,-239.75298804126714,-200.52201195873295,0.0078125,-225.58571428571435,-215.7214285714286,True
0.90,F3-F2,p99_latency,-269.60874999999965,46.086749083347335,16.294126399838902,-308.13823643391805,-231.07926356608127,0.0078125,-279.6999999999997,-259.84428571428543,True
0.90,F3-F2,scheduled_attempts_per_packet,-0.12669999999999995,0.019266254732785267,0.006811649684809938,-0.14280699203401803,-0.11059300796598187,0.0078125,-0.1302285714285714,-0.1224571428571428,True
0.90,F3-F2,mean_queue,-150.9800704989489,15.063531521239254,5.3257626436427925,-163.57349800117652,-138.38664299672126,0.0078125,-154.3585644595264,-148.05037556134954,True
0.90,F3-F2,mean_wait,-88.40919189638637,8.579318679576012,3.0332472081443074,-95.58168180404245,-81.2367019887303,0.0078125,-90.28139032220034,-86.67674970004707,True
0.90,F3-F2,scheduled_prb_slots,-316.75,48.16563683196321,17.02912421202486,-357.01748008504524,-276.48251991495476,0.0078125,-325.57142857142856,-306.14285714285717,True
0.90,F3-F2,total_occupied_prb_slots,-428.5,66.04543890383347,23.350588857671234,-483.7153686879798,-373.2846313120202,0.0078125,-440.57142857142856,-416.0,True
0.90,F3-F2,rlc_retransmissions_per_packet,0.00015000000000000001,0.000297609523657138,0.00010522085616183025,-9.880778819124655e-05,0.0003988077881912466,0.5,5.714285714285715e-05,0.00017142857142857145,True
0.90,F3-F2,first_scheduled_success_probability,-0.00041287960790564737,0.02035275297473468,0.007195784822124784,-0.017428206903279633,0.01660244768746834,0.9609375,-0.004256110944017899,0.005677435753666503,False
0.90,F3-F2,scheduled_attempts_per_rescued_packet,0.005399417101188825,0.029836411408149233,0.010548764416486995,-0.019544447056122186,0.030343281258499836,0.7109375,-0.0036442409848053297,0.00964652936596942,False
0.90,F3-F2,rescue_admission_rate,0.0,0.0,0.0,0.0,0.0,1.0,0.0,0.0,False
0.90,F3-F2,eligible_stage_population,-206.25,20.429320665581194,7.222855588833467,-223.3293394868265,-189.1706605131735,0.0078125,-210.0,-202.14285714285714,True
0.90,F3-F2,rescue_trigger_to_first_tx_mean,-84.95081492882262,8.522761919717217,3.013251373935261,-92.076022201989,-77.82560765565624,0.0078125,-86.68978782259455,-83.40709306920908,True
0.90,F3-F2,phy_attempts_per_packet,0.59285,0.01976598810366644,0.0069883321124775835,0.5763252204127934,0.6093747795872065,0.0078125,0.5901142857142858,0.5988571428571429,True
0.90,F3-F2,harq_episodes_per_packet,-0.08234999999999995,0.008156855136281728,0.002883883790010565,-0.08916930154692472,-0.07553069845307518,0.0078125,-0.08382857142857136,-0.08068571428571425,True
0.90,F3-F2,final_harq_failure_probability,0.00015000000000000001,0.000297609523657138,0.00010522085616183025,-9.880778819124655e-05,0.0003988077881912466,0.5,5.714285714285715e-05,0.00017142857142857145,True
0.90,F3-F2,cb_attempts_per_slot,3.1707508056653797,0.2590749244031325,0.09159681794042357,2.9541587486490224,3.387342862681737,0.0078125,3.1237225482951976,3.2353585450202322,True
0.90,F3-F2,cb_overlap_probability,0.16076388974574002,0.013885832927961759,0.004909383312892606,0.14915504290661943,0.1723727365848606,0.0078125,0.15698551576257638,0.1635707698718253,True
0.90,F3-F2,scheduled_attempts_per_slot,0.017592688916442195,0.029082222218042013,0.010282118271175792,-0.006720657299230277,0.04190603513211467,0.125,0.010924614104151686,0.022558361587179165,True
0.90,F3-F2,p95_queue,-262.18125,22.638619618127912,8.003960724340526,-281.1076096328271,-243.25489036717283,0.0078125,-267.0214285714286,-257.20714285714286,True
0.90,F3-F2,max_queue,-270.75,21.644860821913362,7.652613932506982,-288.84555648834646,-252.6544435116535,0.0078125,-275.2857142857143,-265.57142857142856,True
0.90,F3-F2,p95_wait,-132.125,11.837440601751714,4.185167260695801,-142.02134799913253,-122.22865200086747,0.0078125,-134.71428571428572,-129.42857142857142,True
0.90,F3-F2,fraction_at_cap2,-0.014147079039965968,0.010016894121255553,0.003541506879783732,-0.022521412092985922,-0.005772745986946014,0.0078125,-0.015609771838288584,-0.01244522743458522,True
0.90,F3-F2,mean_residual_cb_prbs,0.023031627668317012,0.016347487906526254,0.005779709777034896,0.009364785765798495,0.03669846957083553,0.0078125,0.019456608070512336,0.02527716213679465,True
0.90,F3-F2,cb_prb_slots,-2.375,27.443123000125187,9.702609185162514,-25.31802497721063,20.56802497721063,0.8203125,-8.0,4.0,False
