rho,scheme,seed,rlc_retransmissions,packet_count,probability
0.70,Legacy-20,9101,0,2438,0.9752
0.70,Legacy-20,9101,1,62,0.0248
0.70,Legacy-20,9101,2,0,0.0
0.70,Legacy-20,9101,3,0,0.0
0.70,Legacy-20,9101,4,0,0.0
0.70,Legacy-20,9101,5,0,0.0
0.70,Legacy-20,9101,6,0,0.0
0.70,Legacy-20,9102,0,2448,0.9792
0.70,Legacy-20,9102,1,52,0.0208
0.70,Legacy-20,9102,2,0,0.0
0.70,Legacy-20,9102,3,0,0.0
0.70,Legacy-20,9102,4,0,0.0
0.70,Legacy-20,9102,5,0,0.0
0.70,Legacy-20,9102,6,0,0.0
0.70,Legacy-20,9103,0,2452,0.9808
0.70,Legacy-20,9103,1,48,0.0192
0.70,Legacy-20,9103,2,0,0.0
0.70,Legacy-20,9103,3,0,0.0
0.70,Legacy-20,9103,4,0,0.0
0.70,Legacy-20,9103,5,0,0.0
0.70,Legacy-20,9103,6,0,0.0
0.70,Legacy-20,9104,0,2452,0.9808
0.70,Legacy-20,9104,1,48,0.0192
0.70,Legacy-20,9104,2,0,0.0
0.70,Legacy-20,9104,3,0,0.0
0.70,Legacy-20,9104,4,0,0.0
0.70,Legacy-20,9104,5,0,0.0
0.70,Legacy-20,9104,6,0,0.0
0.70,Legacy-20,9105,0,2455,0.982
0.70,Legacy-20,9105,1,45,0.018
0.70,Legacy-20,9105,2,0,0.0
0.70,Legacy-20,9105,3,0,0.0
0.70,Legacy-20,9105,4,0,0.0
0.70,Legacy-20,9105,5,0,0.0
0.70,Legacy-20,9105,6,0,0.0
0.70,Legacy-20,9106,0,2465,0.986
0.70,Legacy-20,9106,1,35,0.014
0.70,Legacy-20,9106,2,0,0.0
0.70,Legacy-20,9106,3,0,0.0
0.70,Legacy-20,9106,4,0,0.0
0.70,Legacy-20,9106,5,0,0.0
0.70,Legacy-20,9106,6,0,0.0
0.70,Legacy-20,9107,0,2448,0.9792
0.70,Legacy-20,9107,1,52,0.0208
0.70,Legacy-20,9107,2,0,0.0
0.70,Legacy-20,9107,3,0,0.0
0.70,Legacy-20,9107,4,0,0.0
0.70,Legacy-20,9107,5,0,0.0
0.70,Legacy-20,9107,6,0,0.0
0.70,Legacy-20,9108,0,2454,0.9816
0.70,Legacy-20,9108,1,46,0.0184
0.70,Legacy-20,9108,2,0,0.0
0.70,Legacy-20,9108,3,0,0.0
0.70,Legacy-20,9108,4,0,0.0
0.70,Legacy-20,9108,5,0,0.0
0.70,Legacy-20,9108,6,0,0.0
0.70,Legacy-15,9101,0,2445,0.978
0.70,Legacy-15,9101,1,55,0.022
0.70,Legacy-15,9101,2,0,0.0
0.70,Legacy-15,9101,3,0,0.0
0.70,Legacy-15,9101,4,0,0.0
0.70,Legacy-15,9101,5,0,0.0
0.70,Legacy-15,9101,6,0,0.0
0.70,Legacy-15,9102,0,2452,0.9808
0.70,Legacy-15,9102,1,48,0.0192
0.70,Legacy-15,9102,2,0,0.0
0.70,Legacy-15,9102,3,0,0.0
0.70,Legacy-15,9102,4,0,0.0
0.70,Legacy-15,9102,5,0,0.0
0.70,Legacy-15,9102,6,0,0.0
0.70,Legacy-15,9103,0,2449,0.9796
0.70,Legacy-15,9103,1,51,0.0204
0.70,Legacy-15,9103,2,0,0.0
0.70,Legacy-15,9103,3,0,0.0
0.70,Legacy-15,9103,4,0,0.0
0.70,Legacy-15,9103,5,0,0.0
0.70,Legacy-15,9103,6,0,0.0
0.70,Legacy-15,9104,0,2447,0.9788
0.70,Legacy-15,9104,1,53,0.0212
0.70,Legacy-15,9104,2,0,0.0
0.70,Legacy-15,9104,3,0,0.0
0.70,Legacy-15,9104,4,0,0.0
0.70,Legacy-15,9104,5,0,0.0
0.70,Legacy-15,9104,6,0,0.0
0.70,Legacy-15,9105,0,2463,0.9852
0.70,Legacy-15,9105,1,37,0.0148
0.70,Legacy-15,9105,2,0,0.0
0.70,Legacy-15,9105,3,0,0.0
0.70,Legacy-15,9105,4,0,0.0
0.70,Legacy-15,9105,5,0,0.0
0.70,Legacy-15,9105,6,0,0.0
0.70,Legacy-15,9106,0,2456,0.9824
0.70,Legacy-15,9106,1,44,0.0176
0.70,Legacy-15,9106,2,0,0.0
0.70,Legacy-15,9106,3,0,0.0
0.70,Legacy-15,9106,4,0,0.0
0.70,Legacy-15,9106,5,0,0.0
0.70,Legacy-15,9106,6,0,0.0
0.70,Legacy-15,9107,0,2450,0.98
0.70,Legacy-15,9107,1,50,0.02
0.70,Legacy-15,9107,2,0,0.0
0.70,Legacy-15,9107,3,0,0.0
0.70,Legacy-15,9107,4,0,0.0
0.70,Legacy-15,9107,5,0,0.0
0.70,Legacy-15,9107,6,0,0.0
0.70,Legacy-15,9108,0,2452,0.9808
0.70,Legacy-15,9108,1,48,0.0192
0.70,Legacy-15,9108,2,0,0.0
0.70,Legacy-15,9108,3,0,0.0
0.70,Legacy-15,9108,4,0,0.0
0.70,Legacy-15,9108,5,0,0.0
0.70,Legacy-15,9108,6,0,0.0
0.70,Fast-CB,9101,0,2439,0.9756
0.70,Fast-CB,9101,1,58,0.0232
0.70,Fast-CB,9101,2,3,0.0012
0.70,Fast-CB,9101,3,0,0.0
0.70,Fast-CB,9101,4,0,0.0
0.70,Fast-CB,9101,5,0,0.0
0.70,Fast-CB,9101,6,0,0.0
0.70,Fast-CB,9102,0,2452,0.9808
0.70,Fast-CB,9102,1,47,0.0188
0.70,Fast-CB,9102,2,1,0.0004
0.70,Fast-CB,9102,3,0,0.0
0.70,Fast-CB,9102,4,0,0.0
0.70,Fast-CB,9102,5,0,0.0
0.70,Fast-CB,9102,6,0,0.0
0.70,Fast-CB,9103,0,2450,0.98
0.70,Fast-CB,9103,1,50,0.02
0.70,Fast-CB,9103,2,0,0.0
0.70,Fast-CB,9103,3,0,0.0
0.70,Fast-CB,9103,4,0,0.0
0.70,Fast-CB,9103,5,0,0.0
0.70,Fast-CB,9103,6,0,0.0
0.70,Fast-CB,9104,0,2449,0.9796
0.70,Fast-CB,9104,1,50,0.02
0.70,Fast-CB,9104,2,1,0.0004
0.70,Fast-CB,9104,3,0,0.0
0.70,Fast-CB,9104,4,0,0.0
0.70,Fast-CB,9104,5,0,0.0
0.70,Fast-CB,9104,6,0,0.0
0.70,Fast-CB,9105,0,2463,0.9852
0.70,Fast-CB,9105,1,36,0.0144
0.70,Fast-CB,9105,2,1,0.0004
0.70,Fast-CB,9105,3,0,0.0
0.70,Fast-CB,9105,4,0,0.0
0.70,Fast-CB,9105,5,0,0.0
0.70,Fast-CB,9105,6,0,0.0
0.70,Fast-CB,9106,0,2463,0.9852
0.70,Fast-CB,9106,1,36,0.0144
0.70,Fast-CB,9106,2,1,0.0004
0.70,Fast-CB,9106,3,0,0.0
0.70,Fast-CB,9106,4,0,0.0
0.70,Fast-CB,9106,5,0,0.0
0.70,Fast-CB,9106,6,0,0.0
0.70,Fast-CB,9107,0,2447,0.9788
0.70,Fast-CB,9107,1,50,0.02
0.70,Fast-CB,9107,2,3,0.0012
0.70,Fast-CB,9107,3,0,0.0
0.70,Fast-CB,9107,4,0,0.0
0.70,Fast-CB,9107,5,0,0.0
0.70,Fast-CB,9107,6,0,0.0
0.70,Fast-CB,9108,0,2460,0.984
0.70,Fast-CB,9108,1,39,0.0156
0.70,Fast-CB,9108,2,1,0.0004
0.70,Fast-CB,9108,3,0,0.0
0.70,Fast-CB,9108,4,0,0.0
0.70,Fast-CB,9108,5,0,0.0
0.70,Fast-CB,9108,6,0,0.0
0.70,B,9101,0,2439,0.9756
0.70,B,9101,1,61,0.0244
0.70,B,9101,2,0,0.0
0.70,B,9101,3,0,0.0
0.70,B,9101,4,0,0.0
0.70,B,9101,5,0,0.0
0.70,B,9101,6,0,0.0
0.70,B,9102,0,2452,0.9808
0.70,B,9102,1,48,0.0192
0.70,B,9102,2,0,0.0
0.70,B,9102,3,0,0.0
0.70,B,9102,4,0,0.0
0.70,B,9102,5,0,0.0
0.70,B,9102,6,0,0.0
0.70,B,9103,0,2431,0.9724
0.70,B,9103,1,69,0.0276
0.70,B,9103,2,0,0.0
0.70,B,9103,3,0,0.0
0.70,B,9103,4,0,0.0
0.70,B,9103,5,0,0.0
0.70,B,9103,6,0,0.0
0.70,B,9104,0,2441,0.9764
0.70,B,9104,1,59,0.0236
0.70,B,9104,2,0,0.0
0.70,B,9104,3,0,0.0
0.70,B,9104,4,0,0.0
0.70,B,9104,5,0,0.0
0.70,B,9104,6,0,0.0
0.70,B,9105,0,2462,0.9848
0.70,B,9105,1,38,0.0152
0.70,B,9105,2,0,0.0
0.70,B,9105,3,0,0.0
0.70,B,9105,4,0,0.0
0.70,B,9105,5,0,0.0
0.70,B,9105,6,0,0.0
0.70,B,9106,0,2463,0.9852
0.70,B,9106,1,37,0.0148
0.70,B,9106,2,0,0.0
0.70,B,9106,3,0,0.0
0.70,B,9106,4,0,0.0
0.70,B,9106,5,0,0.0
0.70,B,9106,6,0,0.0
0.70,B,9107,0,2430,0.972
0.70,B,9107,1,70,0.028
0.70,B,9107,2,0,0.0
0.70,B,9107,3,0,0.0
0.70,B,9107,4,0,0.0
0.70,B,9107,5,0,0.0
0.70,B,9107,6,0,0.0
0.70,B,9108,0,2447,0.9788
0.70,B,9108,1,53,0.0212
0.70,B,9108,2,0,0.0
0.70,B,9108,3,0,0.0
0.70,B,9108,4,0,0.0
0.70,B,9108,5,0,0.0
0.70,B,9108,6,0,0.0
0.70,H2,9101,0,2498,0.9992
0.70,H2,9101,1,2,0.0008
0.70,H2,9101,2,0,0.0
0.70,H2,9101,3,0,0.0
0.70,H2,9101,4,0,0.0
0.70,H2,9101,5,0,0.0
0.70,H2,9101,6,0,0.0
0.70,H2,9102,0,2499,0.9996
0.70,H2,9102,1,1,0.0004
0.70,H2,9102,2,0,0.0
0.70,H2,9102,3,0,0.0
0.70,H2,9102,4,0,0.0
0.70,H2,9102,5,0,0.0
0.70,H2,9102,6,0,0.0
0.70,H2,9103,0,2490,0.996
0.70,H2,9103,1,10,0.004
0.70,H2,9103,2,0,0.0
0.70,H2,9103,3,0,0.0
0.70,H2,9103,4,0,0.0
0.70,H2,9103,5,0,0.0
0.70,H2,9103,6,0,0.0
0.70,H2,9104,0,2496,0.9984
0.70,H2,9104,1,4,0.0016
0.70,H2,9104,2,0,0.0
0.70,H2,9104,3,0,0.0
0.70,H2,9104,4,0,0.0
0.70,H2,9104,5,0,0.0
0.70,H2,9104,6,0,0.0
0.70,H2,9105,0,2500,1.0
0.70,H2,9105,1,0,0.0
0.70,H2,9105,2,0,0.0
0.70,H2,9105,3,0,0.0
0.70,H2,9105,4,0,0.0
0.70,H2,9105,5,0,0.0
0.70,H2,9105,6,0,0.0
0.70,H2,9106,0,2496,0.9984
0.70,H2,9106,1,4,0.0016
0.70,H2,9106,2,0,0.0
0.70,H2,9106,3,0,0.0
0.70,H2,9106,4,0,0.0
0.70,H2,9106,5,0,0.0
0.70,H2,9106,6,0,0.0
0.70,H2,9107,0,2497,0.9988
0.70,H2,9107,1,3,0.0012
0.70,H2,9107,2,0,0.0
0.70,H2,9107,3,0,0.0
0.70,H2,9107,4,0,0.0
0.70,H2,9107,5,0,0.0
0.70,H2,9107,6,0,0.0
0.70,H2,9108,0,2495,0.998
0.70,H2,9108,1,5,0.002
0.70,H2,9108,2,0,0.0
0.70,H2,9108,3,0,0.0
0.70,H2,9108,4,0,0.0
0.70,H2,9108,5,0,0.0
0.70,H2,9108,6,0,0.0
0.70,F2,9101,0,2500,1.0
0.70,F2,9101,1,0,0.0
0.70,F2,9101,2,0,0.0
0.70,F2,9101,3,0,0.0
0.70,F2,9101,4,0,0.0
0.70,F2,9101,5,0,0.0
0.70,F2,9101,6,0,0.0
0.70,F2,9102,0,2500,1.0
0.70,F2,9102,1,0,0.0
0.70,F2,9102,2,0,0.0
0.70,F2,9102,3,0,0.0
0.70,F2,9102,4,0,0.0
0.70,F2,9102,5,0,0.0
0.70,F2,9102,6,0,0.0
0.70,F2,9103,0,2500,1.0
0.70,F2,9103,1,0,0.0
0.70,F2,9103,2,0,0.0
0.70,F2,9103,3,0,0.0
0.70,F2,9103,4,0,0.0
0.70,F2,9103,5,0,0.0
0.70,F2,9103,6,0,0.0
0.70,F2,9104,0,2499,0.9996
0.70,F2,9104,1,1,0.0004
0.70,F2,9104,2,0,0.0
0.70,F2,9104,3,0,0.0
0.70,F2,9104,4,0,0.0
0.70,F2,9104,5,0,0.0
0.70,F2,9104,6,0,0.0
0.70,F2,9105,0,2500,1.0
0.70,F2,9105,1,0,0.0
0.70,F2,9105,2,0,0.0
0.70,F2,9105,3,0,0.0
0.70,F2,9105,4,0,0.0
0.70,F2,9105,5,0,0.0
0.70,F2,9105,6,0,0.0
0.70,F2,9106,0,2500,1.0
0.70,F2,9106,1,0,0.0
0.70,F2,9106,2,0,0.0
0.70,F2,9106,3,0,0.0
0.70,F2,9106,4,0,0.0
0.70,F2,9106,5,0,0.0
0.70,F2,9106,6,0,0.0
0.70,F2,9107,0,2500,1.0
0.70,F2,9107,1,0,0.0
0.70,F2,9107,2,0,0.0
0.70,F2,9107,3,0,0.0
0.70,F2,9107,4,0,0.0
0.70,F2,9107,5,0,0.0
0.70,F2,9107,6,0,0.0
0.70,F2,9108,0,2500,1.0
0.70,F2,9108,1,0,0.0
0.70,F2,9108,2,0,0.0
0.70,F2,9108,3,0,0.0
0.70,F2,9108,4,0,0.0
0.70,F2,9108,5,0,0.0
0.70,F2,9108,6,0,0.0
0.70,H3,9101,0,2477,0.9908
0.70,H3,9101,1,23,0.0092
0.70,H3,9101,2,0,0.0
0.70,H3,9101,3,0,0.0
0.70,H3,9101,4,0,0.0
0.70,H3,9101,5,0,0.0
0.70,H3,9101,6,0,0.0
0.70,H3,9102,0,2485,0.994
0.70,H3,9102,1,15,0.006
0.70,H3,9102,2,0,0.0
0.70,H3,9102,3,0,0.0
0.70,H3,9102,4,0,0.0
0.70,H3,9102,5,0,0.0
0.70,H3,9102,6,0,0.0
0.70,H3,9103,0,2472,0.9888
0.70,H3,9103,1,28,0.0112
0.70,H3,9103,2,0,0.0
0.70,H3,9103,3,0,0.0
0.70,H3,9103,4,0,0.0
0.70,H3,9103,5,0,0.0
0.70,H3,9103,6,0,0.0
0.70,H3,9104,0,2479,0.9916
0.70,H3,9104,1,21,0.0084
0.70,H3,9104,2,0,0.0
0.70,H3,9104,3,0,0.0
0.70,H3,9104,4,0,0.0
0.70,H3,9104,5,0,0.0
0.70,H3,9104,6,0,0.0
0.70,H3,9105,0,2481,0.9924
0.70,H3,9105,1,19,0.0076
0.70,H3,9105,2,0,0.0
0.70,H3,9105,3,0,0.0
0.70,H3,9105,4,0,0.0
0.70,H3,9105,5,0,0.0
0.70,H3,9105,6,0,0.0
0.70,H3,9106,0,2492,0.9968
0.70,H3,9106,1,8,0.0032
0.70,H3,9106,2,0,0.0
0.70,H3,9106,3,0,0.0
0.70,H3,9106,4,0,0.0
0.70,H3,9106,5,0,0.0
0.70,H3,9106,6,0,0.0
0.70,H3,9107,0,2481,0.9924
0.70,H3,9107,1,19,0.0076
0.70,H3,9107,2,0,0.0
0.70,H3,9107,3,0,0.0
0.70,H3,9107,4,0,0.0
0.70,H3,9107,5,0,0.0
0.70,H3,9107,6,0,0.0
0.70,H3,9108,0,2479,0.9916
0.70,H3,9108,1,21,0.0084
0.70,H3,9108,2,0,0.0
0.70,H3,9108,3,0,0.0
0.70,H3,9108,4,0,0.0
0.70,H3,9108,5,0,0.0
0.70,H3,9108,6,0,0.0
0.70,F3,9101,0,2500,1.0
0.70,F3,9101,1,0,0.0
0.70,F3,9101,2,0,0.0
0.70,F3,9101,3,0,0.0
0.70,F3,9101,4,0,0.0
0.70,F3,9101,5,0,0.0
0.70,F3,9101,6,0,0.0
0.70,F3,9102,0,2500,1.0
0.70,F3,9102,1,0,0.0
0.70,F3,9102,2,0,0.0
0.70,F3,9102,3,0,0.0
0.70,F3,9102,4,0,0.0
0.70,F3,9102,5,0,0.0
0.70,F3,9102,6,0,0.0
0.70,F3,9103,0,2500,1.0
0.70,F3,9103,1,0,0.0
0.70,F3,9103,2,0,0.0
0.70,F3,9103,3,0,0.0
0.70,F3,9103,4,0,0.0
0.70,F3,9103,5,0,0.0
0.70,F3,9103,6,0,0.0
0.70,F3,9104,0,2500,1.0
0.70,F3,9104,1,0,0.0
0.70,F3,9104,2,0,0.0
0.70,F3,9104,3,0,0.0
0.70,F3,9104,4,0,0.0
0.70,F3,9104,5,0,0.0
0.70,F3,9104,6,0,0.0
0.70,F3,9105,0,2500,1.0
0.70,F3,9105,1,0,0.0
0.70,F3,9105,2,0,0.0
0.70,F3,9105,3,0,0.0
0.70,F3,9105,4,0,0.0
0.70,F3,9105,5,0,0.0
0.70,F3,9105,6,0,0.0
0.70,F3,9106,0,2500,1.0
0.70,F3,9106,1,0,0.0
0.70,F3,9106,2,0,0.0
0.70,F3,9106,3,0,0.0
0.70,F3,9106,4,0,0.0
0.70,F3,9106,5,0,0.0
0.70,F3,9106,6,0,0.0
0.70,F3,9107,0,2500,1.0
0.70,F3,9107,1,0,0.0
0.70,F3,9107,2,0,0.0
0.70,F3,9107,3,0,0.0
0.70,F3,9107,4,0,0.0
0.70,F3,9107,5,0,0.0
0.70,F3,9107,6,0,0.0
0.70,F3,9108,0,2500,1.0
0.70,F3,9108,1,0,0.0
0.70,F3,9108,2,0,0.0
0.70,F3,9108,3,0,0.0
0.70,F3,9108,4,0,0.0
0.70,F3,9108,5,0,0.0
0.70,F3,9108,6,0,0.0
0.90,Legacy-20,9101,0,1840,0.736
0.90,Legacy-20,9101,1,418,0.1672
0.90,Legacy-20,9101,2,120,0.048
0.90,Legacy-20,9101,3,69,0.0276
0.90,Legacy-20,9101,4,34,0.0136
0.90,Legacy-20,9101,5,12,0.0048
0.90,Legacy-20,9101,6,7,0.0028
0.90,Legacy-20,9102,0,2031,0.8124
0.90,Legacy-20,9102,1,308,0.1232
0.90,Legacy-20,9102,2,86,0.0344
0.90,Legacy-20,9102,3,48,0.0192
0.90,Legacy-20,9102,4,20,0.008
0.90,Legacy-20,9102,5,4,0.0016
0.90,Legacy-20,9102,6,3,0.0012
0.90,Legacy-20,9103,0,1903,0.7612
0.90,Legacy-20,9103,1,473,0.1892
0.90,Legacy-20,9103,2,77,0.0308
0.90,Legacy-20,9103,3,36,0.0144
0.90,Legacy-20,9103,4,8,0.0032
0.90,Legacy-20,9103,5,3,0.0012
0.90,Legacy-20,9103,6,0,0.0
0.90,Legacy-20,9104,0,1773,0.7092
0.90,Legacy-20,9104,1,372,0.1488
0.90,Legacy-20,9104,2,182,0.0728
0.90,Legacy-20,9104,3,106,0.0424
0.90,Legacy-20,9104,4,43,0.0172
0.90,Legacy-20,9104,5,18,0.0072
0.90,Legacy-20,9104,6,6,0.0024
0.90,Legacy-20,9105,0,1905,0.762
0.90,Legacy-20,9105,1,425,0.17
0.90,Legacy-20,9105,2,91,0.0364
0.90,Legacy-20,9105,3,47,0.0188
0.90,Legacy-20,9105,4,23,0.0092
0.90,Legacy-20,9105,5,6,0.0024
0.90,Legacy-20,9105,6,3,0.0012
0.90,Legacy-20,9106,0,1868,0.7472
0.90,Legacy-20,9106,1,408,0.1632
0.90,Legacy-20,9106,2,129,0.0516
0.90,Legacy-20,9106,3,60,0.024
0.90,Legacy-20,9106,4,23,0.0092
0.90,Legacy-20,9106,5,8,0.0032
0.90,Legacy-20,9106,6,4,0.0016
0.90,Legacy-20,9107,0,1911,0.7644
0.90,Legacy-20,9107,1,389,0.1556
0.90,Legacy-20,9107,2,112,0.0448
0.90,Legacy-20,9107,3,68,0.0272
0.90,Legacy-20,9107,4,11,0.0044
0.90,Legacy-20,9107,5,6,0.0024
0.90,Legacy-20,9107,6,3,0.0012
0.90,Legacy-20,9108,0,1845,0.738
0.90,Legacy-20,9108,1,363,0.1452
0.90,Legacy-20,9108,2,132,0.0528
0.90,Legacy-20,9108,3,97,0.0388
0.90,Legacy-20,9108,4,40,0.016
0.90,Legacy-20,9108,5,17,0.0068
0.90,Legacy-20,9108,6,6,0.0024
0.90,Legacy-15,9101,0,1792,0.7168
0.90,Legacy-15,9101,1,395,0.158
0.90,Legacy-15,9101,2,147,0.0588
0.90,Legacy-15,9101,3,93,0.0372
0.90,Legacy-15,9101,4,46,0.0184
0.90,Legacy-15,9101,5,22,0.0088
0.90,Legacy-15,9101,6,5,0.002
0.90,Legacy-15,9102,0,2092,0.8368
0.90,Legacy-15,9102,1,335,0.134
0.90,Legacy-15,9102,2,56,0.0224
0.90,Legacy-15,9102,3,12,0.0048
0.90,Legacy-15,9102,4,3,0.0012
0.90,Legacy-15,9102,5,2,0.0008
0.90,Legacy-15,9102,6,0,0.0
0.90,Legacy-15,9103,0,1883,0.7532
0.90,Legacy-15,9103,1,415,0.166
0.90,Legacy-15,9103,2,106,0.0424
0.90,Legacy-15,9103,3,61,0.0244
0.90,Legacy-15,9103,4,24,0.0096
0.90,Legacy-15,9103,5,3,0.0012
0.90,Legacy-15,9103,6,8,0.0032
0.90,Legacy-15,9104,0,1779,0.7116
0.90,Legacy-15,9104,1,372,0.1488
0.90,Legacy-15,9104,2,185,0.074
0.90,Legacy-15,9104,3,97,0.0388
0.90,Legacy-15,9104,4,37,0.0148
0.90,Legacy-15,9104,5,19,0.0076
0.90,Legacy-15,9104,6,11,0.0044
0.90,Legacy-15,9105,0,1925,0.77
0.90,Legacy-15,9105,1,350,0.14
0.90,Legacy-15,9105,2,124,0.0496
0.90,Legacy-15,9105,3,62,0.0248
0.90,Legacy-15,9105,4,24,0.0096
0.90,Legacy-15,9105,5,13,0.0052
0.90,Legacy-15,9105,6,2,0.0008
0.90,Legacy-15,9106,0,1860,0.744
0.90,Legacy-15,9106,1,387,0.1548
0.90,Legacy-15,9106,2,130,0.052
0.90,Legacy-15,9106,3,70,0.028
0.90,Legacy-15,9106,4,30,0.012
0.90,Legacy-15,9106,5,12,0.0048
0.90,Legacy-15,9106,6,11,0.0044
0.90,Legacy-15,9107,0,1925,0.77
0.90,Legacy-15,9107,1,375,0.15
0.90,Legacy-15,9107,2,100,0.04
0.90,Legacy-15,9107,3,70,0.028
0.90,Legacy-15,9107,4,25,0.01
0.90,Legacy-15,9107,5,3,0.0012
0.90,Legacy-15,9107,6,2,0.0008
0.90,Legacy-15,9108,0,1850,0.74
0.90,Legacy-15,9108,1,345,0.138
0.90,Legacy-15,9108,2,158,0.0632
0.90,Legacy-15,9108,3,88,0.0352
0.90,Legacy-15,9108,4,39,0.0156
0.90,Legacy-15,9108,5,15,0.006
0.90,Legacy-15,9108,6,5,0.002
0.90,Fast-CB,9101,0,2237,0.8948
0.90,Fast-CB,9101,1,225,0.09
0.90,Fast-CB,9101,2,32,0.0128
0.90,Fast-CB,9101,3,5,0.002
0.90,Fast-CB,9101,4,1,0.0004
0.90,Fast-CB,9101,5,0,0.0
0.90,Fast-CB,9101,6,0,0.0
0.90,Fast-CB,9102,0,1849,0.7396
0.90,Fast-CB,9102,1,126,0.0504
0.90,Fast-CB,9102,2,18,0.0072
0.90,Fast-CB,9102,3,6,0.0024
0.90,Fast-CB,9102,4,2,0.0008
0.90,Fast-CB,9102,5,12,0.0048
0.90,Fast-CB,9102,6,487,0.1948
0.90,Fast-CB,9103,0,1318,0.5272
0.90,Fast-CB,9103,1,136,0.0544
0.90,Fast-CB,9103,2,37,0.0148
0.90,Fast-CB,9103,3,15,0.006
0.90,Fast-CB,9103,4,10,0.004
0.90,Fast-CB,9103,5,11,0.0044
0.90,Fast-CB,9103,6,973,0.3892
0.90,Fast-CB,9104,0,211,0.0844
0.90,Fast-CB,9104,1,81,0.0324
0.90,Fast-CB,9104,2,29,0.0116
0.90,Fast-CB,9104,3,15,0.006
0.90,Fast-CB,9104,4,13,0.0052
0.90,Fast-CB,9104,5,27,0.0108
0.90,Fast-CB,9104,6,2124,0.8496
0.90,Fast-CB,9105,0,1998,0.7992
0.90,Fast-CB,9105,1,194,0.0776
0.90,Fast-CB,9105,2,36,0.0144
0.90,Fast-CB,9105,3,14,0.0056
0.90,Fast-CB,9105,4,6,0.0024
0.90,Fast-CB,9105,5,6,0.0024
0.90,Fast-CB,9105,6,246,0.0984
0.90,Fast-CB,9106,0,2229,0.8916
0.90,Fast-CB,9106,1,211,0.0844
0.90,Fast-CB,9106,2,47,0.0188
0.90,Fast-CB,9106,3,6,0.0024
0.90,Fast-CB,9106,4,7,0.0028
0.90,Fast-CB,9106,5,0,0.0
0.90,Fast-CB,9106,6,0,0.0
0.90,Fast-CB,9107,0,1717,0.6868
0.90,Fast-CB,9107,1,179,0.0716
0.90,Fast-CB,9107,2,48,0.0192
0.90,Fast-CB,9107,3,11,0.0044
0.90,Fast-CB,9107,4,4,0.0016
0.90,Fast-CB,9107,5,13,0.0052
0.90,Fast-CB,9107,6,528,0.2112
0.90,Fast-CB,9108,0,1221,0.4884
0.90,Fast-CB,9108,1,117,0.0468
0.90,Fast-CB,9108,2,16,0.0064
0.90,Fast-CB,9108,3,6,0.0024
0.90,Fast-CB,9108,4,1,0.0004
0.90,Fast-CB,9108,5,13,0.0052
0.90,Fast-CB,9108,6,1126,0.4504
0.90,B,9101,0,1726,0.6904
0.90,B,9101,1,774,0.3096
0.90,B,9101,2,0,0.0
0.90,B,9101,3,0,0.0
0.90,B,9101,4,0,0.0
0.90,B,9101,5,0,0.0
0.90,B,9101,6,0,0.0
0.90,B,9102,0,1902,0.7608
0.90,B,9102,1,598,0.2392
0.90,B,9102,2,0,0.0
0.90,B,9102,3,0,0.0
0.90,B,9102,4,0,0.0
0.90,B,9102,5,0,0.0
0.90,B,9102,6,0,0.0
0.90,B,9103,0,1769,0.7076
0.90,B,9103,1,731,0.2924
0.90,B,9103,2,0,0.0
0.90,B,9103,3,0,0.0
0.90,B,9103,4,0,0.0
0.90,B,9103,5,0,0.0
0.90,B,9103,6,0,0.0
0.90,B,9104,0,1744,0.6976
0.90,B,9104,1,756,0.3024
0.90,B,9104,2,0,0.0
0.90,B,9104,3,0,0.0
0.90,B,9104,4,0,0.0
0.90,B,9104,5,0,0.0
0.90,B,9104,6,0,0.0
0.90,B,9105,0,1757,0.7028
0.90,B,9105,1,743,0.2972
0.90,B,9105,2,0,0.0
0.90,B,9105,3,0,0.0
0.90,B,9105,4,0,0.0
0.90,B,9105,5,0,0.0
0.90,B,9105,6,0,0.0
0.90,B,9106,0,1739,0.6956
0.90,B,9106,1,761,0.3044
0.90,B,9106,2,0,0.0
0.90,B,9106,3,0,0.0
0.90,B,9106,4,0,0.0
0.90,B,9106,5,0,0.0
0.90,B,9106,6,0,0.0
0.90,B,9107,0,1741,0.6964
0.90,B,9107,1,759,0.3036
0.90,B,9107,2,0,0.0
0.90,B,9107,3,0,0.0
0.90,B,9107,4,0,0.0
0.90,B,9107,5,0,0.0
0.90,B,9107,6,0,0.0
0.90,B,9108,0,1792,0.7168
0.90,B,9108,1,708,0.2832
0.90,B,9108,2,0,0.0
0.90,B,9108,3,0,0.0
0.90,B,9108,4,0,0.0
0.90,B,9108,5,0,0.0
0.90,B,9108,6,0,0.0
0.90,H2,9101,0,2497,0.9988
0.90,H2,9101,1,3,0.0012
0.90,H2,9101,2,0,0.0
0.90,H2,9101,3,0,0.0
0.90,H2,9101,4,0,0.0
0.90,H2,9101,5,0,0.0
0.90,H2,9101,6,0,0.0
0.90,H2,9102,0,2495,0.998
0.90,H2,9102,1,5,0.002
0.90,H2,9102,2,0,0.0
0.90,H2,9102,3,0,0.0
0.90,H2,9102,4,0,0.0
0.90,H2,9102,5,0,0.0
0.90,H2,9102,6,0,0.0
0.90,H2,9103,0,2494,0.9976
0.90,H2,9103,1,6,0.0024
0.90,H2,9103,2,0,0.0
0.90,H2,9103,3,0,0.0
0.90,H2,9103,4,0,0.0
0.90,H2,9103,5,0,0.0
0.90,H2,9103,6,0,0.0
0.90,H2,9104,0,2496,0.9984
0.90,H2,9104,1,4,0.0016
0.90,H2,9104,2,0,0.0
0.90,H2,9104,3,0,0.0
0.90,H2,9104,4,0,0.0
0.90,H2,9104,5,0,0.0
0.90,H2,9104,6,0,0.0
0.90,H2,9105,0,2495,0.998
0.90,H2,9105,1,5,0.002
0.90,H2,9105,2,0,0.0
0.90,H2,9105,3,0,0.0
0.90,H2,9105,4,0,0.0
0.90,H2,9105,5,0,0.0
0.90,H2,9105,6,0,0.0
0.90,H2,9106,0,2494,0.9976
0.90,H2,9106,1,6,0.0024
0.90,H2,9106,2,0,0.0
0.90,H2,9106,3,0,0.0
0.90,H2,9106,4,0,0.0
0.90,H2,9106,5,0,0.0
0.90,H2,9106,6,0,0.0
0.90,H2,9107,0,2494,0.9976
0.90,H2,9107,1,6,0.0024
0.90,H2,9107,2,0,0.0
0.90,H2,9107,3,0,0.0
0.90,H2,9107,4,0,0.0
0.90,H2,9107,5,0,0.0
0.90,H2,9107,6,0,0.0
0.90,H2,9108,0,2494,0.9976
0.90,H2,9108,1,6,0.0024
0.90,H2,9108,2,0,0.0
0.90,H2,9108,3,0,0.0
0.90,H2,9108,4,0,0.0
0.90,H2,9108,5,0,0.0
0.90,H2,9108,6,0,0.0
0.90,F2,9101,0,2500,1.0
0.90,F2,9101,1,0,0.0
0.90,F2,9101,2,0,0.0
0.90,F2,9101,3,0,0.0
0.90,F2,9101,4,0,0.0
0.90,F2,9101,5,0,0.0
0.90,F2,9101,6,0,0.0
0.90,F2,9102,0,2500,1.0
0.90,F2,9102,1,0,0.0
0.90,F2,9102,2,0,0.0
0.90,F2,9102,3,0,0.0
0.90,F2,9102,4,0,0.0
0.90,F2,9102,5,0,0.0
0.90,F2,9102,6,0,0.0
0.90,F2,9103,0,2500,1.0
0.90,F2,9103,1,0,0.0
0.90,F2,9103,2,0,0.0
0.90,F2,9103,3,0,0.0
0.90,F2,9103,4,0,0.0
0.90,F2,9103,5,0,0.0
0.90,F2,9103,6,0,0.0
0.90,F2,9104,0,2500,1.0
0.90,F2,9104,1,0,0.0
0.90,F2,9104,2,0,0.0
0.90,F2,9104,3,0,0.0
0.90,F2,9104,4,0,0.0
0.90,F2,9104,5,0,0.0
0.90,F2,9104,6,0,0.0
0.90,F2,9105,0,2500,1.0
0.90,F2,9105,1,0,0.0
0.90,F2,9105,2,0,0.0
0.90,F2,9105,3,0,0.0
0.90,F2,9105,4,0,0.0
0.90,F2,9105,5,0,0.0
0.90,F2,9105,6,0,0.0
0.90,F2,9106,0,2500,1.0
0.90,F2,9106,1,0,0.0
0.90,F2,9106,2,0,0.0
0.90,F2,9106,3,0,0.0
0.90,F2,9106,4,0,0.0
0.90,F2,9106,5,0,0.0
0.90,F2,9106,6,0,0.0
0.90,F2,9107,0,2500,1.0
0.90,F2,9107,1,0,0.0
0.90,F2,9107,2,0,0.0
0.90,F2,9107,3,0,0.0
0.90,F2,9107,4,0,0.0
0.90,F2,9107,5,0,0.0
0.90,F2,9107,6,0,0.0
0.90,F2,9108,0,2500,1.0
0.90,F2,9108,1,0,0.0
0.90,F2,9108,2,0,0.0
0.90,F2,9108,3,0,0.0
0.90,F2,9108,4,0,0.0
0.90,F2,9108,5,0,0.0
0.90,F2,9108,6,0,0.0
0.90,H3,9101,0,2383,0.9532
0.90,H3,9101,1,117,0.0468
0.90,H3,9101,2,0,0.0
0.90,H3,9101,3,0,0.0
0.90,H3,9101,4,0,0.0
0.90,H3,9101,5,0,0.0
0.90,H3,9101,6,0,0.0
0.90,H3,9102,0,2420,0.968
0.90,H3,9102,1,80,0.032
0.90,H3,9102,2,0,0.0
0.90,H3,9102,3,0,0.0
0.90,H3,9102,4,0,0.0
0.90,H3,9102,5,0,0.0
0.90,H3,9102,6,0,0.0
0.90,H3,9103,0,2417,0.9668
0.90,H3,9103,1,83,0.0332
0.90,H3,9103,2,0,0.0
0.90,H3,9103,3,0,0.0
0.90,H3,9103,4,0,0.0
0.90,H3,9103,5,0,0.0
0.90,H3,9103,6,0,0.0
0.90,H3,9104,0,2408,0.9632
0.90,H3,9104,1,92,0.0368
0.90,H3,9104,2,0,0.0
0.90,H3,9104,3,0,0.0
0.90,H3,9104,4,0,0.0
0.90,H3,9104,5,0,0.0
0.90,H3,9104,6,0,0.0
0.90,H3,9105,0,2418,0.9672
0.90,H3,9105,1,82,0.0328
0.90,H3,9105,2,0,0.0
0.90,H3,9105,3,0,0.0
0.90,H3,9105,4,0,0.0
0.90,H3,9105,5,0,0.0
0.90,H3,9105,6,0,0.0
0.90,H3,9106,0,2412,0.9648
0.90,H3,9106,1,88,0.0352
0.90,H3,9106,2,0,0.0
0.90,H3,9106,3,0,0.0
0.90,H3,9106,4,0,0.0
0.90,H3,9106,5,0,0.0
0.90,H3,9106,6,0,0.0
0.90,H3,9107,0,2408,0.9632
0.90,H3,9107,1,92,0.0368
0.90,H3,9107,2,0,0.0
0.90,H3,9107,3,0,0.0
0.90,H3,9107,4,0,0.0
0.90,H3,9107,5,0,0.0
0.90,H3,9107,6,0,0.0
0.90,H3,9108,0,2424,0.9696
0.90,H3,9108,1,76,0.0304
0.90,H3,9108,2,0,0.0
0.90,H3,9108,3,0,0.0
0.90,H3,9108,4,0,0.0
0.90,H3,9108,5,0,0.0
0.90,H3,9108,6,0,0.0
0.90,F3,9101,0,2500,1.0
0.90,F3,9101,1,0,0.0
0.90,F3,9101,2,0,0.0
0.90,F3,9101,3,0,0.0
0.90,F3,9101,4,0,0.0
0.90,F3,9101,5,0,0.0
0.90,F3,9101,6,0,0.0
0.90,F3,9102,0,2499,0.9996
0.90,F3,9102,1,1,0.0004
0.90,F3,9102,2,0,0.0
0.90,F3,9102,3,0,0.0
0.90,F3,9102,4,0,0.0
0.90,F3,9102,5,0,0.0
0.90,F3,9102,6,0,0.0
0.90,F3,9103,0,2498,0.9992
0.90,F3,9103,1,2,0.0008
0.90,F3,9103,2,0,0.0
0.90,F3,9103,3,0,0.0
0.90,F3,9103,4,0,0.0
0.90,F3,9103,5,0,0.0
0.90,F3,9103,6,0,0.0
0.90,F3,9104,0,2500,1.0
0.90,F3,9104,1,0,0.0
0.90,F3,9104,2,0,0.0
0.90,F3,9104,3,0,0.0
0.90,F3,9104,4,0,0.0
0.90,F3,9104,5,0,0.0
0.90,F3,9104,6,0,0.0
0.90,F3,9105,0,2500,1.0
0.90,F3,9105,1,0,0.0
0.90,F3,9105,2,0,0.0
0.90,F3,9105,3,0,0.0
0.90,F3,9105,4,0,0.0
0.90,F3,9105,5,0,0.0
0.90,F3,9105,6,0,0.0
0.90,F3,9106,0,2500,1.0
0.90,F3,9106,1,0,0.0
0.90,F3,9106,2,0,0.0
0.90,F3,9106,3,0,0.0
0.90,F3,9106,4,0,0.0
0.90,F3,9106,5,0,0.0
0.90,F3,9106,6,0,0.0
0.90,F3,9107,0,2500,1.0
0.90,F3,9107,1,0,0.0
0.90,F3,9107,2,0,0.0
0.90,F3,9107,3,0,0.0
0.90,F3,9107,4,0,0.0
0.90,F3,9107,5,0,0.0
0.90,F3,9107,6,0,0.0
0.90,F3,9108,0,2500,1.0
0.90,F3,9108,1,0,0.0
0.90,F3,9108,2,0,0.0
0.90,F3,9108,3,0,0.0
0.90,F3,9108,4,0,0.0
0.90,F3,9108,5,0,0.0
0.90,F3,9108,6,0,0.0
