rho,scheme,seed,correct_packet_count,receiver_acceptance_probability,correct_delivery_probability,undetected_error_probability,terminal_failure_probability,mean_latency,median_latency,p95_latency,p99_latency,max_latency,phy_attempts_per_packet,harq_episodes_per_packet,rlc_retransmissions_per_packet,final_harq_failure_probability,terminal_failure_after_retry_exhaustion,cb_attempts_per_slot,cb_overlap_probability,cb_occupancy_0_probability,cb_occupancy_1_probability,cb_occupancy_2_probability,cb_occupancy_3plus_probability,cb_prb_slots,scheduled_attempts_per_slot,scheduled_attempts_per_packet,scheduled_attempts_per_rescued_packet,scheduled_prb_slots,mean_queue,p95_queue,max_queue,mean_wait,p95_wait,fraction_at_cap2,mean_residual_cb_prbs,total_occupied_prb_slots,rescued_packet_count,eligible_stage_population,rescue_admission_rate,first_scheduled_success_probability,rescue_trigger_to_first_tx_mean,runtime_seconds,peak_rss_kib
0.70,Legacy-20,9101,2500,1.0,1.0,0.0,0.0,4.0348,3.0,7.0,29.0,36.0,2.276,1.0248,0.0248,0.0248,0.0,7.6717032967032965,0.5961538461538461,0.22972019750764167,0.31107453562191395,0.24617916764636727,0.21302609922407711,3276,0.14423076923076922,0.042,1.6935483870967742,105,0.15934065934065933,1.0,3,0.41904761904761906,1.0,0.016483516483516484,5.842032967032967,3391,62,0,0.0,0.3709677419354839,0.0,215.40887089700004,874764
0.70,Legacy-20,9102,2500,1.0,1.0,0.0,0.0,3.8544,3.0,7.0,29.0,36.0,2.2236,1.0208,0.0208,0.0208,0.0,7.693389592123769,0.6014851485148515,0.22195474241694751,0.3100625902744343,0.2407318247472316,0.2272508425613866,3232,0.12517580872011252,0.0356,1.7115384615384615,89,0.1589310829817159,1.0,3,0.42696629213483145,1.0,0.014064697609001406,5.842475386779184,3344,52,0,0.0,0.40384615384615385,0.0,243.89254115399945,867776
0.70,Legacy-20,9103,2500,1.0,1.0,0.0,0.0,3.864,3.0,7.0,28.0,34.0,2.2336,1.0192,0.0192,0.0192,0.0,7.4728260869565215,0.576668671076368,0.2295575631225388,0.3261524206624971,0.24600416956219598,0.19828584665276813,3326,0.11413043478260869,0.0336,1.75,84,0.13722826086956522,1.0,3,0.4523809523809524,1.0,0.009510869565217392,5.865489130434782,3425,48,0,0.0,0.375,0.0,241.96561811300035,869372
0.70,Legacy-20,9104,2499,1.0,0.9996,0.0004,0.0,3.8299319727891157,3.0,7.0,30.0,34.0,2.224,1.0192,0.0192,0.0192,0.0,7.762039660056657,0.5941448382126349,0.21750663129973474,0.3175789727513865,0.24258500120569085,0.22232939474318786,3245,0.11331444759206799,0.032,1.6666666666666667,80,0.12606232294617564,1.0,2,0.4,1.0,0.012747875354107648,5.873937677053824,3334,48,0,0.0,0.4166666666666667,0.0,247.90605470299943,868884
0.70,Legacy-20,9105,2500,1.0,1.0,0.0,0.0,3.7876,3.0,7.0,29.0,36.0,2.2088,1.018,0.018,0.018,0.0,7.511019283746556,0.5990144748999076,0.24046783625730994,0.3045614035087719,0.2486549707602339,0.2063157894736842,3247,0.09504132231404959,0.0276,1.5333333333333334,69,0.1115702479338843,1.0,2,0.34782608695652173,1.0,0.011019283746556474,5.8884297520661155,3328,45,0,0.0,0.5111111111111111,0.0,248.67620044699925,866684
0.70,Legacy-20,9106,2500,1.0,1.0,0.0,0.0,3.6712,3.0,7.0,25.0,36.0,2.2044,1.014,0.014,0.014,0.0,7.560332871012482,0.5820668693009119,0.22533553096303272,0.3237579467859666,0.24440781728278785,0.20649870496821285,3290,0.08321775312066575,0.024,1.7142857142857142,60,0.10957004160887657,1,2,0.4166666666666667,1.0,0.004160887656033287,5.890429958391123,3369,35,0,0.0,0.42857142857142855,0.0,242.31642812500013,868152
0.70,Legacy-20,9107,2500,1.0,1.0,0.0,0.0,3.8612,3.0,7.0,29.01000000000022,36.0,2.2276,1.0208,0.0208,0.0208,0.0,7.456521739130435,0.5883607556368068,0.24115606936416184,0.3123699421965318,0.2413872832369942,0.20508670520231215,3282,0.11005434782608696,0.0324,1.5576923076923077,81,0.125,1.0,3,0.37037037037037035,1,0.009510869565217392,5.876358695652174,3373,52,0,0.0,0.5,0.0,250.46482394300074,873184
0.70,Legacy-20,9108,2500,1.0,1.0,0.0,0.0,3.7568,3.0,7.0,30.0,34.0,2.1812,1.0184,0.0184,0.0184,0.0,7.511854951185495,0.578268876611418,0.22722960151802657,0.3259013282732448,0.23885199240986718,0.20801707779886147,3258,0.09344490934449093,0.0268,1.4565217391304348,67,0.1199442119944212,1.0,2,0.31343283582089554,1.0,0.011157601115760111,5.880055788005579,3344,46,0,0.0,0.5869565217391305,0.0,246.36308315099996,869888
0.70,Legacy-15,9101,2500,1.0,1.0,0.0,0.0,3.8472,3.0,7.0,25.0,29.0,2.264,1.022,0.022,0.022,0.0,7.66162310866575,0.5935306682941714,0.23075117370892018,0.3126760563380282,0.24647887323943662,0.21009389671361503,3277,0.12379642365887207,0.036,1.6363636363636365,90,0.14030261348005502,1.0,2,0.3888888888888889,1.0,0.009628610729023384,5.859697386519945,3379,55,0,0.0,0.41818181818181815,0.0,194.88428525099994,874588
0.70,Legacy-15,9102,2500,1.0,1.0,0.0,0.0,3.6332,3.0,7.0,23.0,30.0,2.1832,1.0192,0.0192,0.0192,0.0,7.569620253164557,0.5901234567901235,0.22171510929618063,0.3190007206341581,0.24045159740571703,0.21883257266394426,3240,0.10689170182841069,0.0304,1.5833333333333333,76,0.14627285513361463,1.0,3,0.3684210526315789,1.0,0.012658227848101266,5.855133614627285,3343,48,0,0.0,0.4791666666666667,0.0,244.26937153000017,867180
0.70,Legacy-15,9103,2500,1.0,1.0,0.0,0.0,3.7764,3.0,7.0,24.0,29.0,2.2344,1.0204,0.0204,0.0204,0.0,7.5,0.5766225961538461,0.22730438820524726,0.3271418620849779,0.24425354074762015,0.20130020896215464,3328,0.11035422343324251,0.0324,1.588235294117647,81,0.13487738419618528,1.0,3,0.3950617283950617,1,0.01226158038147139,5.867847411444142,3425,51,0,0.0,0.49019607843137253,0.0,242.16210061000038,869264
0.70,Legacy-15,9104,2500,1.0,1.0,0.0,0.0,3.764,3.0,7.0,24.0,29.0,2.2348,1.0212,0.0212,0.0212,0.0,7.777620396600566,0.6006783842121493,0.21457980140469848,0.3136352627754904,0.24800193751513683,0.22378299830467427,3243,0.1359773371104816,0.0384,1.8113207547169812,96,0.15155807365439095,1.0,2,0.4479166666666667,1.0,0.012747875354107648,5.848441926345609,3350,53,0,0.0,0.33962264150943394,0.0,252.49728453200078,870024
0.70,Legacy-15,9105,2500,1.0,1.0,0.0,0.0,3.5792,3.0,7.0,20.0,29.0,2.1896,1.0148,0.0148,0.0148,0.0,7.468965517241379,0.6031500926497838,0.24275023386342376,0.30051449953227316,0.25654817586529466,0.20018709073900842,3238,0.08137931034482758,0.0236,1.5945945945945945,59,0.10344827586206896,1.0,3,0.3898305084745763,1.0,0.012413793103448275,5.897931034482759,3312,37,0,0.0,0.4864864864864865,0.0,247.6679805270005,868300
0.70,Legacy-15,9106,2500,1.0,1.0,0.0,0.0,3.7108,3.0,7.0,23.0,29.0,2.2308,1.0176,0.0176,0.0176,0.0,7.6421636615811375,0.5874083129584352,0.22793770646531383,0.31854648419065595,0.23997168475696082,0.21354412458706937,3272,0.09292649098474341,0.0268,1.5227272727272727,67,0.12205270457697642,1,2,0.34328358208955223,1.0,0.011095700416088766,5.877947295423024,3360,44,0,0.0,0.5227272727272727,0.0,241.54968566000025,870480
0.70,Legacy-15,9107,2499,1.0,0.9996,0.0004,0.0,3.697078831532613,3.0,7.0,23.0,29.0,2.2104,1.02,0.02,0.02,0.0,7.451436388508892,0.5800365185636032,0.2349243306169965,0.3213038416763679,0.24051222351571594,0.20325960419091968,3286,0.10807113543091655,0.0316,1.58,79,0.12859097127222982,1.0,4,0.4050632911392405,1.0,0.019151846785225718,5.875512995896033,3377,50,0,0.0,0.44,0.0,245.7305105330006,873008
0.70,Legacy-15,9108,2500,1.0,1.0,0.0,0.0,3.6828,3.0,7.0,24.0,31.0,2.1968,1.0192,0.0192,0.0192,0.0,7.5550906555090656,0.5794966236955187,0.22594440484675696,0.32549299120931335,0.23806129722024233,0.21050130672368733,3258,0.10460251046025104,0.03,1.5625,75,0.13668061366806136,1.0,4,0.4266666666666667,1.0,0.016736401673640166,5.870292887029288,3351,48,0,0.0,0.5208333333333334,0.0,244.31575051000073,869916
0.70,Fast-CB,9101,2500,1.0,1.0,0.0,0.0,3.606,3.0,7.0,12.010000000000218,30.0,2.296,1.0256,0.0256,0.0244,0.0,8.084507042253522,0.5924606708222024,0.2091549295774648,0.32230046948356805,0.25258215962441316,0.215962441314554,3369,0.0,0.0,0.0,0,0.0,0.0,0,0.0,0.0,0.0,6.0,3369,0,0,0.0,0.0,0.0,208.57440190399984,877692
0.70,Fast-CB,9102,2500,1.0,1.0,0.0,0.0,3.4316,3.0,7.0,11.0,21.0,2.2124,1.0196,0.0196,0.0192,0.0,7.779184247538678,0.5934861278648975,0.2226910454758556,0.31598687294889827,0.2440225035161744,0.21729957805907174,3316,0.0,0.0,0.0,0,0.0,0.0,0,0.0,0.0,0.0,6.0,3316,0,0,0.0,0.0,0.0,245.26478000499992,867528
0.70,Fast-CB,9103,2500,1.0,1.0,0.0,0.0,3.474,3.0,7.0,11.0,15.0,2.2272,1.02,0.02,0.02,0.0,7.658872077028886,0.5719775347324859,0.22443833104080696,0.33195781751490144,0.2432370472260431,0.2003668042182485,3383,0.0,0.0,0.0,0,0.0,0.0,0,0.0,0.0,0.0,6.0,3383,0,0,0.0,0.0,0.0,246.92860327299968,867304
0.70,Fast-CB,9104,2500,1.0,1.0,0.0,0.0,3.4668,3.0,7.0,11.0,17.0,2.2296,1.0208,0.0208,0.0204,0.0,7.895184135977337,0.5918429003021148,0.2186024551463645,0.31893295561850804,0.2415014164305949,0.22096317280453256,3310,0.0,0.0,0.0,0,0.0,0.0,0,0.0,0.0,0.0,6.0,3310,0,0,0.0,0.0,0.0,250.4287236729997,867992
0.70,Fast-CB,9105,2500,1.0,1.0,0.0,0.0,3.3964,3.0,7.0,11.0,17.0,2.1968,1.0152,0.0152,0.0148,0.0,7.713483146067416,0.5948484848484848,0.22752808988764045,0.31296816479400746,0.25959737827715357,0.1999063670411985,3300,0.0,0.0,0.0,0,0.0,0.0,0,0.0,0.0,0.0,6.0,3300,0,0,0.0,0.0,0.0,242.29912143900037,866996
0.70,Fast-CB,9106,2500,1.0,1.0,0.0,0.0,3.4096,3.0,7.0,11.0,19.0,2.2004,1.0152,0.0152,0.0148,0.0,7.629680998613037,0.5814581458145814,0.22954230235783635,0.3224687933425798,0.24433656957928804,0.2036523347202959,3333,0.0,0.0,0.0,0,0.0,0,0,0.0,0.0,0.0,6.0,3333,0,0,0.0,0.0,0.0,241.67881795300036,868228
0.70,Fast-CB,9107,2499,1.0,0.9996,0.0004,0.0,3.501800720288115,3.0,7.0,13.0,19.0,2.2492,1.0224,0.0224,0.0212,0.0,7.745179063360881,0.5902278177458034,0.23415977961432508,0.3138200183654729,0.24081726354453628,0.21120293847566574,3336,0.0,0.0,0.0,0,0.0,0.0,0,0.0,0.0,0.0,6.0,3336,0,0,0.0,0.0,0.0,247.32387497699983,876880
0.70,Fast-CB,9108,2500,1.0,1.0,0.0,0.0,3.3772,3.0,7.0,11.0,17.0,2.1816,1.0164,0.0164,0.016,0.0,7.606694560669456,0.5750452079566004,0.22873082287308227,0.3277545327754533,0.23663412366341235,0.20688052068805207,3318,0.0,0.0,0.0,0,0.0,0.0,0,0.0,0.0,0.0,6.0,3318,0,0,0.0,0.0,0.0,244.11181969599966,869420
0.70,B,9101,2500,1.0,1.0,0.0,0.0,3.56,3.0,7.0,11.0,18.0,2.2692,1.0244,0.0244,0.0244,0.0,7.8688293370945,0.5859017393957888,0.2097902097902098,0.32722449963829275,0.2471666264769713,0.21581866409452616,3277,0.1325811001410437,0.0376,1.540983606557377,94,0.17489421720733428,1.0,5,1.1808510638297873,2.0,0.031029619181946404,5.849083215796897,3384,61,0,0.0,0.4918032786885246,0.0,196.72953020500017,879844
0.70,B,9102,2500,1.0,1.0,0.0,0.0,3.4208,3.0,7.0,11.0,15.0,2.2064,1.0192,0.0192,0.0192,0.0,7.641350210970464,0.5903614457831325,0.22168790574657368,0.31882664101947583,0.24404905025246454,0.21543640298148595,3237,0.11673699015471167,0.0332,1.7291666666666667,83,0.15752461322081576,1.0,3,1.036144578313253,1.0,0.02390998593530239,5.849507735583685,3344,48,0,0.0,0.3958333333333333,0.0,245.17718909900032,867324
0.70,B,9103,2500,1.0,1.0,0.0,0.0,3.5408,3.0,7.0,11.0,15.0,2.2568,1.0276,0.0276,0.0276,0.0,7.6134800550206325,0.5695704779189352,0.2213848327837965,0.3351389543099388,0.23787093735280262,0.20560527555346209,3306,0.14718019257221457,0.0428,1.5507246376811594,107,0.171939477303989,1.0,4,1.0841121495327102,2.0,0.033012379642365884,5.8404401650618984,3422,69,0,0.0,0.5362318840579711,0.0,245.68222957499984,869224
0.70,B,9104,2500,1.0,1.0,0.0,0.0,3.5188,3.0,7.0,10.0,13.0,2.2548,1.0236,0.0236,0.0236,0.0,7.86543909348442,0.5987045033929673,0.21577164973391388,0.314707305273343,0.24334784712143204,0.22617319787131107,3242,0.11898016997167139,0.0336,1.423728813559322,84,0.1529745042492918,1.0,4,1.0714285714285714,2.0,0.028328611898016998,5.855524079320113,3344,59,0,0.0,0.6101694915254238,0.0,256.4645165419997,868876
0.70,B,9105,2500,1.0,1.0,0.0,0.0,3.38,3.0,7.0,9.0,13.0,2.1872,1.0152,0.0152,0.0152,0.0,7.601123595505618,0.5963020030816641,0.22884980988593157,0.31131178707224333,0.2580798479087453,0.20175855513307986,3245,0.07865168539325842,0.0224,1.4736842105263157,56,0.09410112359550561,1.0,4,1.0535714285714286,1.25,0.008426966292134831,5.910112359550562,3309,38,0,0.0,0.5526315789473685,0.0,245.5531199650004,868404
0.70,B,9106,2500,1.0,1.0,0.0,0.0,3.4068,3.0,7.0,9.0,13.0,2.1988,1.0148,0.0148,0.0148,0.0,7.551388888888889,0.583077866339669,0.23174752708431465,0.32030146019783323,0.23857748469147433,0.20937352802637776,3262,0.08333333333333333,0.024,1.6216216216216217,60,0.10416666666666667,1.0,3,1.0166666666666666,1.0,0.008333333333333333,5.897222222222222,3336,37,0,0.0,0.40540540540540543,0.0,243.62813812600052,867956
0.70,B,9107,2499,1.0,0.9996,0.0004,0.0,3.493797519007603,3.0,7.0,11.0,14.0,2.242,1.028,0.028,0.028,0.0,7.567493112947658,0.5839975475168608,0.22993389990557128,0.32034938621340886,0.23772426817752595,0.21199244570349388,3262,0.15289256198347106,0.0444,1.5857142857142856,111,0.17768595041322313,1.0,4,1.0810810810810811,2.0,0.0371900826446281,5.8347107438016526,3382,70,0,0.0,0.5,0.0,252.47750378300043,872476
0.70,B,9108,2500,1.0,1.0,0.0,0.0,3.432,3.0,7.0,10.0,13.0,2.2092,1.0212,0.0212,0.0212,0.0,7.594142259414226,0.5861325115562404,0.22903302447137086,0.3190781658351152,0.23853646947018295,0.21335234022333097,3245,0.1087866108786611,0.0312,1.471698113207547,78,0.13668061366806136,1.0,4,1.064102564102564,2.0,0.026499302649930265,5.870292887029288,3338,53,0,0.0,0.5849056603773585,0.0,245.18085971799974,869648
0.70,H2,9101,2500,1.0,1.0,0.0,0.0,5.1792,3.0,15.050000000000182,20.0,33.0,2.2116,1.0008,0.0008,0.0008,0.0,6.195561719833565,0.6426269137792103,0.18622950819672132,0.29081967213114757,0.25901639344262295,0.2639344262295082,2482,1.4729542302357836,0.4248,1.110878661087866,1062,8.597780859916782,24,30,5.065913370998117,13.0,0.8363384188626907,4.230235783633842,3758,956,956,1.0,0.891213389121339,5.059623430962343,205.580286935,868544
0.70,H2,9102,2500,1.0,1.0,0.0,0.0,4.8012,3.0,14.0,18.0,32.0,2.1784,1.0004,0.0004,0.0004,0.0,6.244725738396625,0.651417004048583,0.18803418803418803,0.28303747534516766,0.2675871137409599,0.2613412228796844,2470,1.4149085794655414,0.4024,1.0899241603466956,1006,7.89732770745429,24.0,29,4.555666003976143,13.0,0.819971870604782,4.2784810126582276,3694,923,923,1.0,0.9111592632719393,4.544962080173348,246.89364879500044,867560
0.70,H2,9103,2500,1.0,1.0,0.0,0.0,4.6228,3.0,12.0,15.0,27.0,2.1952,1.004,0.004,0.004,0.0,6.0917808219178085,0.6183266932270917,0.1996173469387755,0.305484693877551,0.2458545918367347,0.24904336734693877,2510,1.426027397260274,0.4164,1.114561027837259,1041,6.205479452054795,16.0,21,3.8559077809798272,9,0.8027397260273973,4.295890410958904,3754,934,934,1.0,0.9004282655246253,3.910064239828694,237.99482613500004,867380
0.70,H2,9104,2500,1.0,1.0,0.0,0.0,10.9028,3.0,36.0,56.01000000000022,98.0,2.2268,1.0016,0.0016,0.0016,0.0,6.357446808510638,0.649792531120332,0.1721058055650979,0.2899347303332188,0.2511164548265201,0.28684300927516315,2410,1.5390070921985815,0.434,1.1185567010309279,1085,30.605673758865247,61.0,70,17.50783410138249,31.0,0.9163120567375886,4.1290780141843975,3729,970,970,1.0,0.8876288659793814,17.491752577319588,223.23515609199967,867568
0.70,H2,9105,2500,1.0,1.0,0.0,0.0,4.8292,3.0,13.0,16.0,26.0,2.202,1.0,0.0,0.0,0.0,6.230769230769231,0.6310247063588498,0.179734219269103,0.3026578073089701,0.24617940199335547,0.2714285714285714,2469,1.4685314685314685,0.42,1.1017838405036726,1050,9.067132867132868,23.0,32,4.359047619047619,10.549999999999955,0.8587412587412587,4.20979020979021,3749,953,953,1.0,0.8982161594963274,4.4176285414480585,255.42895115700048,867692
0.70,H2,9106,2500,1.0,1.0,0.0,0.0,5.5552,3.0,17.0,26.0,49.0,2.188,1.0016,0.0016,0.0016,0.0,6.12,0.6232057416267942,0.2,0.3014354066985646,0.25422647527910686,0.24433811802232855,2508,1.4248275862068966,0.4132,1.1119483315392895,1033,9.277241379310345,27.0,33,6.183930300096805,14.0,0.7820689655172414,4.324137931034483,3723,929,929,1.0,0.8934337997847147,6.186221743810549,242.13657586199952,868120
0.70,H2,9107,2500,1.0,1.0,0.0,0.0,5.4156,3.0,15.0,23.0,51.0,2.198,1.0012,0.0012,0.0012,0.0,6.054570259208731,0.6252,0.20634920634920634,0.2974603174603175,0.25873015873015875,0.23746031746031745,2500,1.4420190995907232,0.4228,1.1197033898305084,1057,9.020463847203274,22.399999999999977,36,5.742667928098392,12.0,0.8035470668485676,4.297407912687586,3748,944,944,1.0,0.8845338983050848,5.705508474576271,240.5172852730002,871040
0.70,H2,9108,2500,1.0,1.0,0.0,0.0,6.1896,3.0,25.0,32.0,57.0,2.1652,1.002,0.002,0.002,0.0,6.118055555555555,0.6312600969305331,0.19322254806125774,0.2974910394265233,0.2606712284131639,0.24861518409905506,2476,1.4,0.4032,1.121245828698554,1008,13.526388888888889,48.0,58,7.916666666666667,26.0,0.8194444444444444,4.2625,3727,899,899,1.0,0.8865406006674083,8.026696329254728,247.41844574899915,867176
0.70,F2,9101,2500,1.0,1.0,0.0,0.0,74.9384,3.0,280.0,370.0500000000011,563.0,2.3896,1.3884,0.0,0.0,0.0,4.735668789808917,0.6368442456283042,0.350330250990753,0.23593130779392338,0.19682959048877147,0.21690885072655217,2459,1.6061571125265393,0.6052,1.5581874356333676,1513,178.22929936305732,307.95000000000005,338,104.95241242564441,158.0,0.9893842887473461,4.018046709129512,4326,971,971,1.0,0.505664263645726,103.39340885684861,232.19714164699963,870892
0.70,F2,9102,2500,1.0,1.0,0.0,0.0,49.7724,3.0,216.0,269.03000000000065,412.0,2.3456,1.3724,0.0,0.0,0.0,5.10091743119266,0.6577977896029472,0.3033932135728543,0.23838038209295695,0.2249786142001711,0.23324779013401767,2443,1.6238532110091743,0.5664,1.5209452201933404,1416,127.75573394495413,231.0,238,74.67514124293785,116.0,0.9873853211009175,4.021788990825688,4168,931,931,1.0,0.527389903329753,73.57142857142857,263.6472132530007,869180
0.70,F2,9103,2500,1.0,1.0,0.0,0.0,51.4004,3.0,208.0,280.1200000000026,391.0,2.396,1.3912,0.0,0.0,0.0,4.91218441273326,0.6375050627784529,0.32504100601421543,0.24466921815199563,0.20940404592673592,0.22088572990705305,2469,1.6630076838638859,0.606,1.549079754601227,1515,123.5257958287596,231.5,257,72.63894389438944,117.0,0.991218441273326,4.01536772777168,4277,978,978,1.0,0.50920245398773,71.53680981595092,261.8887230419996,869180
0.70,F2,9104,2500,1.0,1.0,0.0,0.0,74.3672,3.0,278.0,371.02000000000044,603.0,2.3816,1.3856,0.0004,0.0004,0.0,4.811015118790497,0.6421183285064129,0.35114093959731546,0.23221476510067113,0.19221476510067115,0.2244295302013423,2417,1.618790496760259,0.5996,1.5565939771547248,1499,180.5939524838013,294.75,309,105.71847898599066,148.0,0.9870410367170627,4.02267818574514,4248,963,963,1.0,0.5077881619937694,105.20353063343718,247.3315898259998,870060
0.70,F2,9105,2500,1.0,1.0,0.0,0.0,53.3132,3.0,213.05000000000018,276.02000000000044,504.0,2.3636,1.3744,0.0,0.0,0.0,5.010112359550562,0.6364749082007344,0.31669919152495124,0.24839698912740452,0.20183997769724005,0.23306384165040422,2451,1.6292134831460674,0.58,1.5491452991452992,1450,132.2314606741573,241.0,259,77.15517241379311,122.0,0.9831460674157303,4.0303370786516854,4204,936,936,1.0,0.5010683760683761,75.93482905982906,283.6483515489999,870984
0.70,F2,9106,2500,1.0,1.0,0.0,0.0,51.7044,3.0,220.0,258.0100000000002,420.0,2.3852,1.3792,0.0,0.0,0.0,4.983314794215795,0.6458670988654781,0.3189845474613687,0.24116997792494482,0.21937086092715233,0.2204746136865342,2468,1.649610678531702,0.5932,1.5643459915611815,1483,128.23248053392658,251.0,265,75.67902899527984,126.0,0.9810901001112347,4.031145717463849,4238,948,948,1.0,0.5010548523206751,74.80907172995781,266.1061835260007,870296
0.70,F2,9107,2500,1.0,1.0,0.0,0.0,47.808,3.0,189.0,260.0400000000009,434.0,2.3588,1.38,0.0,0.0,0.0,4.9519015659955254,0.643090760425184,0.3220620842572062,0.24196230598669624,0.21951219512195122,0.21646341463414634,2446,1.6442953020134228,0.588,1.5473684210526315,1470,118.2930648769575,208.0,231,69.48027210884354,106.0,0.9776286353467561,4.03579418344519,4202,950,950,1.0,0.5126315789473684,69.06105263157895,261.77305209800033,871820
0.70,F2,9108,2500,1.0,1.0,0.0,0.0,55.8164,3.0,212.0,266.0400000000009,406.0,2.3236,1.3684,0.0,0.0,0.0,5.021664766248574,0.6241337138198124,0.303125,0.26193181818181815,0.2119318181818182,0.22301136363636365,2453,1.6020524515393386,0.562,1.5255157437567861,1405,146.55074116305587,227.0,234,85.5864768683274,114.0,0.992018244013683,4.013683010262258,4195,921,921,1.0,0.5211726384364821,85.38653637350706,254.3394388960005,868712
0.70,H3,9101,2500,1.0,1.0,0.0,0.0,3.6936,3.0,7.0,10.0,17.0,2.312,1.0092,0.0092,0.0092,0.0,7.667136812411847,0.6121847363249263,0.2061882475299012,0.3078523140925637,0.2360894435777431,0.249869994799792,3053,0.48519040902679833,0.1376,1.1061093247588425,344,0.8095909732016925,3.0,13,1.430232558139535,4.0,0.17489421720733428,5.4245416078984485,3461,311,311,1.0,0.9260450160771704,1.45016077170418,217.68366986299998,873480
0.70,H3,9102,2500,1.0,1.0,0.0,0.0,3.4556,3.0,7.0,8.010000000000218,12.0,2.2132,1.006,0.006,0.006,0.0,7.378340365682138,0.5978367748279253,0.21929375639713408,0.313971340839304,0.23490276356192427,0.23183213920163767,3051,0.40365682137834036,0.1148,1.0830188679245283,287,0.5977496483825597,3.0,7,1.1881533101045296,2.0,0.13642756680731363,5.49648382559775,3409,265,265,1.0,0.9433962264150944,1.2037735849056603,246.6842595799999,868416
0.70,H3,9103,2499,1.0,0.9996,0.0004,0.0,3.6962785114045618,3.0,7.0,10.0,15.0,2.3132,1.0112,0.0112,0.0112,0.0,7.453920220082531,0.5888568683957733,0.20936708860759493,0.3250632911392405,0.2410126582278481,0.22455696202531644,3123,0.5006877579092159,0.1456,1.1339563862928348,364,0.7386519944979367,3.0,8,1.335164835164835,3.0,0.17744154057771663,5.433287482806052,3535,321,321,1.0,0.9127725856697819,1.355140186915888,251.0042702209994,868432
0.70,H3,9104,2500,1.0,1.0,0.0,0.0,3.7096,3.0,7.0,12.0,25.0,2.2836,1.0084,0.0084,0.0084,0.0,7.590651558073654,0.6160053799596503,0.20841096619643332,0.3039659302635081,0.22571200425871707,0.2619110992813415,2974,0.49575070821529743,0.14,1.10062893081761,350,1.2804532577903682,7.0,15,1.9,6.0,0.23371104815864022,5.3215297450424925,3453,318,318,1.0,0.9339622641509434,1.8553459119496856,232.73184586600019,869660
0.70,H3,9105,2500,1.0,1.0,0.0,0.0,3.5688,3.0,7.0,9.0,22.0,2.2536,1.0076,0.0076,0.0076,0.0,7.425977653631285,0.6179369250985546,0.22287464896604545,0.2969109011998979,0.25095736533061014,0.2292570845034465,3044,0.44273743016759776,0.1268,1.1083916083916083,317,0.7081005586592178,3.0,11,1.38801261829653,3.0,0.15223463687150837,5.470670391061453,3423,286,286,1.0,0.9335664335664335,1.381118881118881,261.28120313099953,868460
0.70,H3,9106,2500,1.0,1.0,0.0,0.0,3.4232,3.0,7.0,8.0,13.0,2.1976,1.0032,0.0032,0.0032,0.0,7.253814147018031,0.5899676375404531,0.2275,0.31675,0.24575,0.21,3090,0.36615811373092927,0.1056,1.0476190476190477,264,0.5270457697642164,2,7,1.178030303030303,2.0,0.11511789181692095,5.547850208044383,3416,252,252,1.0,0.9682539682539683,1.1865079365079365,247.26239750599962,867020
0.70,H3,9107,2500,1.0,1.0,0.0,0.0,3.4872,3.0,7.0,9.0,14.0,2.23,1.0076,0.0076,0.0076,0.0,7.268595041322314,0.6055374592833876,0.23057644110275688,0.30350877192982456,0.24185463659147868,0.22406015037593985,3070,0.41046831955922863,0.1192,1.1245283018867924,298,0.6129476584022039,3.0,7,1.2147651006711409,2.0,0.13360881542699724,5.4958677685950414,3436,265,265,1.0,0.9283018867924528,1.230188679245283,251.49823148300038,872072
0.70,H3,9108,2500,1.0,1.0,0.0,0.0,3.672,3.0,8.0,11.0,26.0,2.2664,1.0084,0.0084,0.0084,0.0,7.424581005586592,0.6183946488294314,0.224786103189007,0.2958257713248639,0.24449053668654394,0.23489758879958517,2990,0.4888268156424581,0.14,1.1075949367088607,350,1.0572625698324023,5.0,13,1.8542857142857143,5.0,0.19972067039106145,5.386871508379889,3429,316,316,1.0,0.9335443037974683,1.8734177215189873,251.99921208699925,871576
0.70,F3,9101,2500,1.0,1.0,0.0,0.0,4.0552,3.0,9.0,13.0,24.0,2.43,1.1436,0.0,0.0,0.0,7.683844011142061,0.6530334014996592,0.19106699751861042,0.2806727322856355,0.23904052936311002,0.28921974083264407,2934,0.7771587743732591,0.2232,1.5543175487465182,558,1.7200557103064067,6.149999999999977,21,1.799283154121864,5.0,0.3565459610027855,5.0515320334261835,3615,359,359,1.0,0.5013927576601671,1.9080779944289694,226.58527749099994,878340
0.70,F3,9102,2500,1.0,1.0,0.0,0.0,3.8664,3.0,9.0,13.0,20.0,2.3576,1.1288,0.0,0.0,0.0,7.5596072931276295,0.6315610088616224,0.18250208971858456,0.3011981053218167,0.23460573976037893,0.28169406519921986,2934,0.7068723702664796,0.2016,1.565217391304348,504,1.8681626928471249,7.0,13,1.6567460317460319,4.0,0.364656381486676,5.033660589060308,3623,322,322,1.0,0.5124223602484472,1.7111801242236024,265.5395019759999,871040
0.70,F3,9103,2500,1.0,1.0,0.0,0.0,4.1996,3.0,10.0,16.0,23.0,2.4596,1.1544,0.0,0.0,0.0,7.578082191780822,0.6249580677624959,0.19038565996740903,0.30363932645301467,0.23465507876154265,0.2713199348180337,2981,0.8452054794520548,0.2468,1.5984455958549222,617,1.8246575342465754,8.0,12,2.004862236628849,5.0,0.3726027397260274,5.043835616438356,3679,386,386,1.0,0.49740932642487046,2.1243523316062176,262.29846853800063,872012
0.70,F3,9104,2500,1.0,1.0,0.0,0.0,5.6744,3.0,22.0,48.0,70.0,2.466,1.1652,0.0,0.0,0.0,7.851274787535411,0.685271876125315,0.1820324005891016,0.25743740795287184,0.23888070692194405,0.3216494845360825,2777,0.8810198300283286,0.2488,1.5060532687651331,622,9.304532577903682,40.0,48,7.662379421221865,22.0,0.5254957507082153,4.808781869688385,3618,413,413,1.0,0.5423728813559322,7.828087167070218,258.70348184500017,871532
0.70,F3,9105,2499,1.0,0.9996,0.0004,0.0,4.017206882753102,3.0,9.0,14.0,23.0,2.4096,1.1416,0.0,0.0,0.0,7.687675070028011,0.6455997281685355,0.19081660709375858,0.2867748144074787,0.24470717624415728,0.27770140225460543,2943,0.7492997198879552,0.214,1.5112994350282485,535,1.6442577030812324,7.0,15,1.8560747663551402,5.0,0.3431372549019608,5.093837535014005,3590,354,354,1.0,0.5254237288135594,1.9124293785310735,284.30542888499986,871368
0.70,F3,9106,2500,1.0,1.0,0.0,0.0,4.1236,3.0,11.0,20.01000000000022,28.0,2.3704,1.1332,0.0,0.0,0.0,7.44060773480663,0.6231543624161073,0.19698194556723256,0.30261385071409325,0.2427917003503099,0.25761250336836433,2980,0.744475138121547,0.2156,1.6186186186186187,539,2.164364640883978,13.0,17,2.6808905380333954,8.0,0.32320441988950277,5.125690607734807,3613,333,333,1.0,0.4594594594594595,2.7687687687687688,263.44657653800004,873248
0.70,F3,9107,2500,1.0,1.0,0.0,0.0,4.0072,3.0,10.0,16.0,20.0,2.3928,1.1356,0.0,0.0,0.0,7.488308115543329,0.6331081081081081,0.20387305002689618,0.29209252286175363,0.24341043571812804,0.2606239913932222,2960,0.7400275103163686,0.2152,1.5870206489675516,538,1.6987620357634112,7.0,14,1.9981412639405205,6.0,0.3328748280605227,5.114167812929849,3604,339,339,1.0,0.4808259587020649,2.079646017699115,268.50626979200024,877668
0.70,F3,9108,2500,1.0,1.0,0.0,0.0,4.5816,3.0,13.0,30.01000000000022,36.0,2.408,1.1532,0.0,0.0,0.0,7.526315789473684,0.654006968641115,0.1996653653095371,0.27691020635805913,0.24400446179587285,0.27941996653653095,2870,0.8116343490304709,0.2344,1.5300261096605745,586,3.853185595567867,23.0,32,4.078498293515358,14.0,0.425207756232687,4.966759002770083,3616,383,383,1.0,0.5274151436031331,4.206266318537859,254.1401279289994,875300
0.90,Legacy-20,9101,2498,0.9992,0.9992,0.0,0.0008,36.81585268214572,6.0,208.0,333.1200000000008,491.0,3.6384,1.4412,0.4412,0.264,0.0008,9.909319899244332,0.8449612403100775,0.30151040182388145,0.10829296095753776,0.12567683100598462,0.4645198062125962,2451,1.5465994962216625,0.4912,1.8606060606060606,1228,69.75062972292191,192.0,221,37.692996742671006,88.0,0.756926952141058,4.419395465994962,3706,660,0,0.0,0.5196969696969697,0.0,315.51459500200144,907352
0.90,Legacy-20,9102,2499,1.0,0.9996,0.0004,0.0,20.496598639455783,5.0,125.0,211.1199999999999,325.0,3.208,1.2968,0.2968,0.1876,0.0,10.015406162464986,0.8076622361219703,0.24027324027324026,0.14612414612414612,0.16750816750816752,0.4460944460944461,2558,1.2170868347338935,0.3476,1.8528784648187633,869,34.9859943977591,110.0,128,22.352128883774455,47.0,0.5840336134453782,4.715686274509804,3475,469,0,0.0,0.4925373134328358,0.0,293.96408909500315,895060
0.90,Legacy-20,9103,2500,1.0,1.0,0.0,0.0,20.1396,5.0,91.05000000000018,182.01000000000022,277.0,3.4276,1.3128,0.3128,0.2388,0.0,10.593575418994414,0.8252581413820492,0.23067522150931866,0.13443324167430493,0.15795905896730827,0.4769324778490681,2518,1.3743016759776536,0.3936,1.6482412060301508,984,30.710893854748605,113.0,140,18.338414634146343,52.0,0.6689944134078212,4.57122905027933,3541,597,0,0.0,0.5460636515912898,0.0,309.30313021799884,899584
0.90,Legacy-20,9104,2496,0.9984,0.9984,0.0,0.0016,72.30809294871794,7.0,354.0,484.15000000000055,637.0,3.724,1.5408,0.5408,0.2908,0.0016,9.607272727272727,0.8680137575236457,0.3164854540111666,0.09021451660299735,0.10843373493975904,0.484866294446077,2326,1.6775757575757575,0.5536,1.903713892709766,1384,150.76848484848486,264.0,277,79.67919075144509,123.0,0.9272727272727272,4.124848484848485,3873,727,0,0.0,0.5116918844566712,0.0,353.89626545099964,903116
0.90,Legacy-20,9105,2500,1.0,1.0,0.0,0.0,25.46,5.0,148.0,258.0400000000009,364.0,3.4684,1.3552,0.3552,0.238,0.0,10.544198895027625,0.833939393939394,0.23799261083743842,0.12653940886699508,0.14685960591133004,0.48860837438423643,2475,1.4323204419889504,0.4148,1.7428571428571429,1037,44.62154696132597,136.0,159,25.215043394406944,60.0,0.7002762430939227,4.486187845303867,3571,595,0,0.0,0.5294117647058824,0.0,324.8103588840022,901164
0.90,Legacy-20,9106,2500,1.0,1.0,0.0,0.0,30.1356,5.0,170.0,274.0400000000009,422.0,3.5456,1.4008,0.4008,0.2528,0.0,10.449255751014885,0.8524319868095631,0.25100339610991046,0.1105279407224452,0.1321395492435937,0.5063291139240507,2426,1.5453315290933693,0.4568,1.8069620253164558,1142,57.91745602165088,164.10000000000002,175,30.76707530647986,74.0,0.7713125845737483,4.382949932341002,3621,632,0,0.0,0.495253164556962,0.0,325.17946509300236,905588
0.90,Legacy-20,9107,2500,1.0,1.0,0.0,0.0,26.0892,5.0,151.0,233.01000000000022,382.0,3.4432,1.3636,0.3636,0.2356,0.0,10.216508795669824,0.8424242424242424,0.25541516245487367,0.11732851985559567,0.15613718411552346,0.4711191335740072,2475,1.4316644113667119,0.4232,1.7962648556876062,1058,46.640054127198916,139.0,160,26.41304347826087,63.0,0.7077131258457375,4.497970230040595,3585,589,0,0.0,0.5127334465195246,0.0,315.4143146790011,904208
0.90,Legacy-20,9108,2499,0.9996,0.9996,0.0,0.0004,42.17166866746699,7.0,223.0,335.0799999999999,459.0,3.6756,1.4796,0.4796,0.262,0.0004,10.560585885486018,0.8839285714285714,0.25190839694656486,0.0868320610687023,0.11005089058524173,0.551208651399491,2352,1.6750998668442076,0.5032,1.9206106870229007,1258,83.62583222370174,162.0,177,41.04451510333863,72.0,0.8908122503328895,4.186418109187749,3714,655,0,0.0,0.5206106870229008,0.0,337.6241457569995,897224
0.90,Legacy-15,9101,2497,0.9992,0.9988,0.0004,0.0008,53.931918301962355,7.0,289.59999999999945,422.03999999999996,510.0,3.7396,1.5168,0.5168,0.2832,0.0008,9.694174757281553,0.8407878539187525,0.3150646430578977,0.10905002810567735,0.11776278808319281,0.45812254075323217,2437,1.6516990291262137,0.5444,1.9223163841807909,1361,108.31917475728156,231.70000000000005,262,59.03967670830272,113,0.8216019417475728,4.317961165048544,3823,708,0,0.0,0.5,0.0,313.4187867299988,908652
0.90,Legacy-15,9102,2499,1.0,0.9996,0.0004,0.0,10.544617847138856,5.0,42.0,92.0,180.0,3.1,1.202,0.202,0.1632,0.0,11.108490566037736,0.8211350293542075,0.16856492027334852,0.1487146111291897,0.1767002928734136,0.5060201757240481,2555,1.0770440251572326,0.274,1.678921568627451,685,11.474842767295597,52.0,71,8.064233576642335,23.0,0.5094339622641509,4.831761006289308,3298,408,0,0.0,0.4950980392156863,0.0,283.2081037499993,895388
0.90,Legacy-15,9103,2496,0.9984,0.9984,0.0,0.0016,26.24639423076923,5.0,154.0,251.05000000000018,353.0,3.5112,1.3876,0.3876,0.2468,0.0016,10.229027962716378,0.8295819935691319,0.26303317535545023,0.12559241706161137,0.13981042654028436,0.471563981042654,2488,1.459387483355526,0.4384,1.7763371150729335,1096,49.48468708388815,162.0,182,28.781934306569344,76.0,0.7070572569906791,4.495339547270306,3618,617,0,0.0,0.513776337115073,0.0,316.80427460400097,900912
0.90,Legacy-15,9104,2496,0.9984,0.9984,0.0,0.0016,67.57652243589743,7.0,338.25,481.2000000000007,588.0,3.6984,1.5368,0.5368,0.2884,0.0016,9.68880688806888,0.8578138343296328,0.30297619047619045,0.09910714285714285,0.11011904761904762,0.48779761904761904,2342,1.6838868388683887,0.5476,1.89875173370319,1369,141.0479704797048,246.0,258,75.72023374726078,116.0,0.923739237392374,4.132841328413284,3860,721,0,0.0,0.5159500693481276,0.0,346.6869351150017,902764
0.90,Legacy-15,9105,2500,1.0,1.0,0.0,0.0,29.136,5.0,159.0,285.0100000000002,385.0,3.4724,1.3828,0.3828,0.23,0.0,10.412568306010929,0.8433346757954088,0.24367956137678953,0.1184891867194639,0.15412732257081938,0.4837039293329272,2483,1.4467213114754098,0.4236,1.8417391304347825,1059,57.12158469945355,156.45000000000005,177,33.88385269121813,74.0,0.703551912568306,4.4849726775956285,3592,575,0,0.0,0.4834782608695652,0.0,320.2548135249999,905284
0.90,Legacy-15,9106,2492,0.9968,0.9968,0.0,0.0032,35.463081861958266,5.0,194.0,328.09000000000015,431.0,3.5772,1.4412,0.4412,0.256,0.0032,10.220607661822985,0.8544251447477254,0.2619047619047619,0.10744810744810745,0.12728937728937728,0.5033577533577533,2418,1.5931307793923382,0.4824,1.884375,1206,75.78071334214003,193.0,198,41.53897180762852,89.0,0.808454425363276,4.327608982826948,3684,640,0,0.0,0.496875,0.0,330.2514854500005,905776
0.90,Legacy-15,9107,2500,1.0,1.0,0.0,0.0,22.9152,5.0,134.05000000000018,206.01000000000022,329.0,3.446,1.3648,0.3648,0.23,0.0,10.348837209302326,0.8416599516518937,0.24673748103186646,0.11927162367223065,0.1559939301972686,0.4779969650986343,2482,1.4363885088919288,0.42,1.826086956521739,1050,41.65663474692202,131.0,152,23.98190476190476,61.549999999999955,0.707250341997264,4.507523939808482,3573,575,0,0.0,0.4956521739130435,0.0,314.9476820300006,902240
0.90,Legacy-15,9108,2500,1.0,1.0,0.0,0.0,37.1676,7.0,191.0,304.0500000000011,417.0,3.6604,1.4744,0.4744,0.26,0.0,10.860082304526749,0.8779045204900718,0.22571148184494602,0.09453712790317305,0.11481844946025516,0.5649329407916258,2367,1.6927297668038408,0.4936,1.8984615384615384,1234,77.48285322359396,155.0,165,39.09319286871961,70.0,0.8861454046639232,4.193415637860082,3684,650,0,0.0,0.5,0.0,341.6182792719992,895480
0.90,Fast-CB,9101,2499,1.0,0.9996,0.0004,0.0,5.116446578631453,5.0,13.0,19.0,35.0,3.0356,1.1232,0.1232,0.1052,0.0,13.551785714285714,0.7931034482758621,0.09375,0.1875,0.24345238095238095,0.475297619047619,3045,0.0,0.0,0.0,0,0.0,0.0,0,0.0,0.0,0.0,6.0,3045,0,0,0.0,0.0,0.0,274.86004493699875,898824
0.90,Fast-CB,9102,2032,0.8128,0.8128,0.0,0.1872,5.9763779527559056,5.0,15.0,53.0,64.0,7.822,2.268,1.268,0.2604,0.1872,32.646076794657766,0.8120324189526185,0.10740122426266,0.167779632721202,0.18864774624373956,0.5361713967723984,3208,0.0,0.0,0.0,0,0.0,0.0,0,0.0,0.0,0.0,6.0,3208,0,0,0.0,0.0,0.0,816.6704027080013,1407844
0.90,Fast-CB,9103,1545,0.6188,0.618,0.0008,0.3812,8.950809061488673,5.0,44.59999999999991,55.0,100.0,13.032,3.4752,2.4752,0.4728,0.3812,53.32242225859247,0.8564954682779456,0.09710856519367157,0.12956901254773595,0.14293507910529188,0.6303873431533006,3310,0.0,0.0,0.0,0,0.0,0.0,0,0.0,0.0,0.0,6.0,3310,0,0,0.0,0.0,0.0,1400.4841454710004,1486536
0.90,Fast-CB,9104,406,0.1628,0.1624,0.0004,0.8372,19.90394088669951,11.0,55.0,84.89999999999998,150.0,24.86,6.246,5.246,0.9156,0.8372,104.45378151260505,0.9746655280387133,0.015966386554621848,0.02492997198879552,0.036414565826330535,0.9226890756302522,3513,0.0,0.0,0.0,0,0.0,0.0,0,0.0,0.0,0.0,6.0,3513,0,0,0.0,0.0,0.0,2789.936564394993,1668068
0.90,Fast-CB,9105,2280,0.912,0.912,0.0,0.088,6.306140350877193,5.0,15.0,53.0,57.0,5.6704,1.7352,0.7352,0.2008,0.088,23.548172757475083,0.8067122436295836,0.10908084163898117,0.17220376522702105,0.18715393133997785,0.53156146179402,3218,0.0,0.0,0.0,0,0.0,0.0,0,0.0,0.0,0.0,6.0,3218,0,0,0.0,0.0,0.0,569.6011917740034,1404260
0.90,Fast-CB,9106,2499,1.0,0.9996,0.0004,0.0,5.287715086034414,5.0,13.099999999999909,23.0,39.0,3.1316,1.1404,0.1404,0.1084,0.0,13.856637168141592,0.7764438676184295,0.09085545722713864,0.20324483775811208,0.22094395280235987,0.4849557522123894,3082,0.0,0.0,0.0,0,0.0,0.0,0,0.0,0.0,0.0,6.0,3082,0,0,0.0,0.0,0.0,294.15074193700275,902640
0.90,Fast-CB,9107,1996,0.7984,0.7984,0.0,0.2016,6.9579158316633265,5.0,23.0,53.0,68.0,8.526,2.4228,1.4228,0.3132,0.2016,34.65853658536585,0.8220133414190418,0.10623306233062331,0.15907859078590786,0.17100271002710027,0.5636856368563685,3298,0.0,0.0,0.0,0,0.0,0.0,0,0.0,0.0,0.0,6.0,3298,0,0,0.0,0.0,0.0,885.496973082998,1450816
0.90,Fast-CB,9108,1393,0.5576,0.5572,0.0004,0.4424,8.405599425699927,5.0,42.40000000000009,55.0,62.0,14.4332,3.7968,2.7968,0.5116,0.4424,59.54290429042904,0.8832835820895523,0.07865786578657866,0.10753575357535754,0.12321232123212321,0.6905940594059405,3350,0.0,0.0,0.0,0,0.0,0.0,0,0.0,0.0,0.0,6.0,3350,0,0,0.0,0.0,0.0,1504.577099121998,1436056
0.90,B,9101,2499,1.0,0.9996,0.0004,0.0,41.324929971988794,7.0,188.0,234.01999999999998,352.0,3.7048,1.3096,0.3096,0.3096,0.0,10.949728260869565,0.8640982218458934,0.25418377012946003,0.10135775181559836,0.11998736975055257,0.524471108304389,2362,1.6345108695652173,0.4812,1.554263565891473,1203,107.4211956521739,220.5,254,65.67996674979219,113.0,0.8206521739130435,4.302989130434782,3611,774,0,0.0,0.5064599483204134,0.0,330.79980043299656,905464
0.90,B,9102,2499,1.0,0.9996,0.0004,0.0,21.558623449379752,5.0,124.0,150.01999999999998,230.0,3.366,1.2392,0.2392,0.2392,0.0,11.194610778443113,0.8543487307532251,0.1930826057756884,0.11752854264607118,0.15681665547347212,0.5325721961047682,2403,1.402694610778443,0.3748,1.5668896321070234,937,55.956586826347305,140.0,157,39.732123799359655,74.0,0.7275449101796407,4.458083832335329,3433,598,0,0.0,0.5016722408026756,0.0,318.1282316279976,896732
0.90,B,9103,2500,1.0,1.0,0.0,0.0,31.2544,7.0,160.05000000000018,187.0,243.0,3.6284,1.2924,0.2924,0.2924,0.0,10.988888888888889,0.8476349937212223,0.23600895426926766,0.116405500479693,0.12855772305724336,0.519027822193796,2389,1.6097222222222223,0.4636,1.585499316005472,1159,80.38333333333334,197.04999999999995,216,49.90422778257118,101.0,0.8138888888888889,4.343055555555556,3582,731,0,0.0,0.4746922024623803,0.0,329.7559441339981,897460
0.90,B,9104,2500,1.0,1.0,0.0,0.0,57.488,7.0,239.05000000000018,316.0500000000011,427.0,3.6856,1.3024,0.3024,0.3024,0.0,11.159279778393351,0.8931433659839715,0.24044639837673318,0.08116334122421373,0.10145417653026716,0.5769360838687859,2246,1.6024930747922437,0.4628,1.5304232804232805,1157,162.48614958448752,247.0,252,96.80034572169404,124.0,0.945983379501385,4.095567867036011,3621,756,0,0.0,0.5264550264550265,0.0,348.8325462040011,908092
0.90,B,9105,2500,1.0,1.0,0.0,0.0,32.8884,7.0,157.0,191.01000000000022,290.0,3.6704,1.2972,0.2972,0.2972,0.0,11.601731601731602,0.9019085663559698,0.20613107822410148,0.07787174066243834,0.12050739957716702,0.5954897815362932,2253,1.6392496392496392,0.4544,1.5289367429340512,1136,90.7027417027417,180.0,195,53.50704225352113,90.0,0.9466089466089466,4.095238095238095,3573,743,0,0.0,0.5289367429340511,0.0,346.1622812459973,906436
0.90,B,9106,2500,1.0,1.0,0.0,0.0,36.0404,7.0,162.05000000000018,207.01000000000022,320.0,3.6868,1.3044,0.3044,0.3044,0.0,11.581896551724139,0.8957325120985482,0.20635474860335196,0.08275139664804469,0.11138268156424581,0.5995111731843575,2273,1.660919540229885,0.4624,1.519053876478318,1156,100.44396551724138,189.25,197,59.871107266435985,95.0,0.9339080459770115,4.114942528735632,3585,761,0,0.0,0.5295663600525624,0.0,307.1743955409984,906124
0.90,B,9107,2500,1.0,1.0,0.0,0.0,35.7664,7.0,160.0,201.0500000000011,319.0,3.6884,1.3036,0.3036,0.3036,0.0,11.23463687150838,0.8934032328527741,0.2256427604871448,0.08254397834912043,0.11671177266576455,0.5751014884979703,2289,1.643854748603352,0.4708,1.5507246376811594,1177,97.31983240223464,190.0,211,58.16057774001699,98.20000000000005,0.9287709497206704,4.128491620111732,3629,759,0,0.0,0.5177865612648221,0.0,340.9137031160062,907584
0.90,B,9108,2500,1.0,1.0,0.0,0.0,40.1496,7.0,164.0,221.01000000000022,317.0,3.6768,1.2832,0.2832,0.2832,0.0,11.913362701908957,0.9140070921985816,0.18142235123367198,0.07039187227866474,0.10595065312046444,0.6422351233671988,2256,1.5844346549192365,0.4316,1.5240112994350283,1079,118.37444933920705,168,176,70.22798887859129,84.0,0.9720998531571219,4.046989720998532,3586,708,0,0.0,0.5169491525423728,0.0,351.0745985429967,895228
0.90,H2,9101,2500,1.0,1.0,0.0,0.0,93.8564,58.5,294.0,393.0100000000002,586.0,2.3788,1.0012,0.0012,0.0012,0.0,5.519323671497585,0.7282051282051282,0.3548872180451128,0.17533834586466165,0.1732330827067669,0.29654135338345866,2145,1.6630434782608696,0.5508,1.1370767960363337,1377,245.48067632850243,452.65,485,143.75671750181553,228.0,0.9915458937198067,4.015700483091788,3788,1211,1211,1.0,0.8670520231213873,143.05780346820808,231.47043817899976,872980
0.90,H2,9102,2500,1.0,1.0,0.0,0.0,92.9352,65.0,294.10000000000036,393.0100000000002,517.0,2.3624,1.002,0.002,0.002,0.0,5.469387755102041,0.7224835371589841,0.364424514200299,0.17638266068759342,0.16860986547085202,0.2905829596412556,2126,1.6206482593037215,0.54,1.139240506329114,1350,250.57983193277312,457.0,480,146.81851851851852,233.0,0.9915966386554622,4.0156062424969985,3779,1185,1185,1.0,0.8675105485232067,146.73502109704643,245.4948618349954,877324
0.90,H2,9103,2500,1.0,1.0,0.0,0.0,79.304,38.0,269.0500000000002,351.0100000000002,532.0,2.3588,1.0024,0.0024,0.0024,0.0,5.536585365853658,0.7242817423540315,0.344869459623558,0.1806314511232544,0.18761384335154827,0.28688524590163933,2158,1.6548780487804877,0.5428,1.146114864864865,1357,209.71219512195123,412.0999999999999,434,123.11643330876934,208.0,0.9902439024390244,4.017073170731707,3784,1184,1184,1.0,0.8606418918918919,123.50844594594595,243.73998139899777,872124
0.90,H2,9104,2500,1.0,1.0,0.0,0.0,109.2724,90.0,339.0,435.0,699.0,2.3436,1.0016,0.0016,0.0016,0.0,5.520631067961165,0.7098276665114113,0.3513595166163142,0.18821752265861028,0.17371601208459214,0.2867069486404834,2147,1.5898058252427185,0.524,1.1215753424657535,1310,288.25728155339806,471.0,486,171.10076335877864,236.0,0.9890776699029126,4.016990291262136,3781,1168,1168,1.0,0.884417808219178,171.35787671232876,247.3991368679999,872028
0.90,H2,9105,2500,1.0,1.0,0.0,0.0,88.3276,62.0,272.0500000000002,395.0100000000002,543.0,2.3712,1.002,0.002,0.002,0.0,5.558252427184466,0.7280413339596055,0.35796139927623644,0.17460796139927623,0.17400482509047044,0.29342581423401687,2129,1.6359223300970873,0.5392,1.1270903010033444,1348,236.2148058252427,446.0,471,138.44510385756678,224.0,0.9854368932038835,4.024271844660194,3757,1196,1196,1.0,0.8787625418060201,139.23996655518394,228.63732935200096,873540
0.90,H2,9106,2500,1.0,1.0,0.0,0.0,90.3868,62.0,282.10000000000036,397.02000000000044,530.0,2.3632,1.0024,0.0024,0.0024,0.0,5.5157384987893465,0.7164040778498609,0.3515625,0.18389423076923078,0.18359375,0.2809495192307692,2158,1.6368038740920097,0.5408,1.1276063386155128,1352,238.0314769975787,457.0,467,140.8284023668639,230.0,0.9818401937046005,4.0290556900726395,3786,1199,1199,1.0,0.8807339449541285,141.0909090909091,228.24206530499941,873024
0.90,H2,9107,2500,1.0,1.0,0.0,0.0,82.2576,51.0,273.0,364.0,560.0,2.3496,1.0024,0.0024,0.0024,0.0,5.531784841075795,0.7146182495344506,0.34750911300121506,0.1862089914945322,0.1813487241798299,0.28493317132442286,2148,1.6491442542787287,0.5396,1.1441899915182359,1349,221.5232273838631,410.29999999999995,446,130.0919199406968,208.0,0.9853300733496333,4.0244498777506115,3764,1179,1179,1.0,0.8634435962680237,129.29431721798133,221.4760693460048,876484
0.90,H2,9108,2500,1.0,1.0,0.0,0.0,97.518,76.5,300.0,397.0100000000002,548.0,2.3684,1.0024,0.0024,0.0024,0.0,5.536319612590799,0.7119741100323624,0.3486901535682023,0.18759409816320385,0.1737428485395965,0.2899728997289973,2163,1.631961259079903,0.5392,1.1308724832214765,1348,258.05690072639226,448.75,468,151.77818991097922,227.0,0.9891041162227603,4.020581113801453,3798,1192,1192,1.0,0.875,152.53691275167785,212.12520838799537,870472
0.90,F2,9101,2500,1.0,1.0,0.0,0.0,189.2036,110.0,559.0500000000002,708.0200000000004,867.0,2.5088,1.4528,0.0,0.0,0.0,4.273415326395459,0.6523809523809524,0.45544554455445546,0.1892975011786893,0.14214992927864215,0.2131070249882131,2310,1.6603595080416274,0.702,1.5503533568904593,1755,362.0321665089877,650.2,685,210.84216524216524,328.0,0.9924314096499527,4.013245033112582,4410,1132,1132,1.0,0.5097173144876325,204.12809187279152,236.92790128000343,871896
0.90,F2,9102,2500,1.0,1.0,0.0,0.0,180.968,100.0,546.0,694.0,857.0,2.4716,1.4252,0.0,0.0,0.0,4.327272727272727,0.661978021978022,0.4579461520133429,0.18322611389087443,0.1434357874672385,0.2153919466285442,2275,1.585645933014354,0.6628,1.5587958607714016,1657,364.6,643.8,675,215.95111647555825,325.0,0.9913875598086125,4.016267942583732,4348,1063,1063,1.0,0.49482596425211667,209.64816556914394,237.20040927999798,870588
0.90,F2,9103,2500,1.0,1.0,0.0,0.0,173.0476,84.0,527.0500000000002,670.0100000000002,881.0,2.492,1.4376,0.0,0.0,0.0,4.273504273504273,0.6584093872229465,0.4555134879318504,0.18599148130619972,0.14931377188831046,0.20918125887363936,2301,1.6429249762583096,0.692,1.5813528336380256,1730,333.39791073124405,610.4,642,195.33988439306358,308.0,0.99335232668566,4.01329534662868,4393,1094,1094,1.0,0.48811700182815354,189.07678244972578,240.4202309350003,872636
0.90,F2,9104,2499,1.0,0.9996,0.0004,0.0,209.03681472589037,141.0,600.0,749.0,852.0,2.4536,1.4304,0.0,0.0,0.0,4.235795454545454,0.6440382941688425,0.45814666352275407,0.19287903796274464,0.14454138174958736,0.20443291676491393,2298,1.5729166666666667,0.6644,1.5436802973977695,1661,406.6505681818182,686.0,716,240.70138470800723,345,0.990530303030303,4.016098484848484,4393,1076,1076,1.0,0.5120817843866171,235.3410780669145,236.23994787400443,871648
0.90,F2,9105,2500,1.0,1.0,0.0,0.0,175.8944,91.5,541.0,678.0100000000002,892.0,2.4748,1.4296,0.0,0.0,0.0,4.312559923298179,0.654065934065934,0.4567812798471824,0.1879178605539637,0.13968481375358166,0.21561604584527222,2275,1.6193672099712368,0.6756,1.5726256983240223,1689,353.95781399808243,624.9,654,207.5352279455299,314.0,0.9913710450623202,4.015340364333653,4345,1074,1074,1.0,0.4888268156424581,202.3482309124767,232.15892642900144,871588
0.90,F2,9106,2500,1.0,1.0,0.0,0.0,172.9724,95.5,537.0,675.0100000000002,756.0,2.466,1.4328,0.0,0.0,0.0,4.352371732817038,0.6625980819529207,0.4476282205634481,0.18637129785697087,0.15362388634721888,0.21237659523236216,2294,1.6156824782187802,0.6676,1.5425138632162663,1669,345.93901258470476,630.0,654,204.3409227082085,319.0,0.9883833494675702,4.0203291384317525,4339,1082,1082,1.0,0.5083179297597042,199.16358595194086,234.06867992099433,871836
0.90,F2,9107,2500,1.0,1.0,0.0,0.0,168.1008,97.0,524.0500000000002,662.0100000000002,788.0,2.464,1.4344,0.0,0.0,0.0,4.332367149758454,0.6638580931263858,0.4571497351949928,0.18247472315840155,0.13818006740491093,0.22219547424169475,2255,1.6193236714975845,0.6704,1.5432780847145489,1676,340.91497584541065,605.3,641,200.54773269689738,306.0,0.9932367149758454,4.01352657004831,4311,1086,1086,1.0,0.5165745856353591,193.98526703499078,234.1289278119948,871496
0.90,F2,9108,2500,1.0,1.0,0.0,0.0,202.4072,127.5,578.0,737.0100000000002,939.0,2.4952,1.442,0.0,0.0,0.0,4.161887141535615,0.6524761077324066,0.46897347174163784,0.1845444059976932,0.14371395617070357,0.2027681660899654,2302,1.608695652173913,0.6956,1.5737556561085972,1739,389.75763182238666,665,689,227.97297297297297,337.0,0.9944495837187789,4.010175763182239,4453,1105,1105,1.0,0.49049773755656106,223.0660633484163,241.890474187996,871492
0.90,H3,9101,2500,1.0,1.0,0.0,0.0,37.46,5.0,125.05000000000018,240.01000000000022,351.0,3.0756,1.0468,0.0468,0.0468,0.0,9.26923076923077,0.8657471264367816,0.2309052333804809,0.10325318246110325,0.14002828854314003,0.5258132956152758,2175,1.6837606837606838,0.4728,1.182,1182,109.35612535612536,207.95000000000005,249,63.87901861252115,108.0,0.9829059829059829,4.028490028490029,3559,1000,1000,1.0,0.883,64.595,291.9847820790019,891644
0.90,H3,9102,2500,1.0,1.0,0.0,0.0,32.7508,5.0,102.0,201.0,313.0,3.0116,1.032,0.032,0.032,0.0,9.492625368731563,0.8599078341013825,0.20629114850036576,0.11119239209948793,0.14923189465983908,0.5332845647403073,2170,1.612094395280236,0.4372,1.125643666323378,1093,102.25811209439529,191.0,206,59.78956999085087,96.0,0.9823008849557522,4.032448377581121,3504,971,971,1.0,0.917610710607621,60.225540679711635,280.28944993500045,893296
0.90,H3,9103,2500,1.0,1.0,0.0,0.0,23.7064,5.0,85.0,141.0,222.0,2.9788,1.0332,0.0332,0.0332,0.0,9.553223388305847,0.8400178253119429,0.19771183410797283,0.12835180550589917,0.15802645691812656,0.5159099034680015,2244,1.6116941529235382,0.43,1.138771186440678,1075,66.86656671664169,156.4000000000001,180,41.2493023255814,81.0,0.8785607196401799,4.193403298350825,3449,944,944,1.0,0.9120762711864406,41.86228813559322,276.3660466799993,887072
0.90,H3,9104,2500,1.0,1.0,0.0,0.0,54.0924,5.0,166.0,318.0100000000002,454.0,3.0044,1.0368,0.0368,0.0368,0.0,9.270231213872833,0.8683356513676402,0.23046735640385302,0.10132001427042454,0.15198002140563682,0.5162326079200856,2157,1.583815028901734,0.4384,1.1512605042016806,1096,168.97543352601156,251.0,265,100.46350364963503,126.0,0.9682080924855492,4.050578034682081,3506,952,952,1.0,0.9033613445378151,101.21218487394958,283.9509758830027,888828
0.90,H3,9105,2500,1.0,1.0,0.0,0.0,27.27,5.0,91.0,156.0,305.0,2.9916,1.0328,0.0328,0.0328,0.0,9.615037593984962,0.8566193311956024,0.19387001477104873,0.1155834564254062,0.15915805022156573,0.5313884785819794,2183,1.631578947368421,0.434,1.1302083333333333,1085,83.30225563909775,168.0,184,48.92995391705069,85.0,0.9609022556390977,4.07218045112782,3465,960,960,1.0,0.9145833333333333,49.364583333333336,277.9754762390003,891096
0.90,H3,9106,2500,1.0,1.0,0.0,0.0,31.984,5.0,102.0,188.02000000000044,281.0,3.0196,1.0352,0.0352,0.0352,0.0,9.611940298507463,0.8601083032490975,0.1909456005841548,0.11317999269806499,0.16830960204454182,0.5275648046732384,2216,1.655223880597015,0.4436,1.1456611570247934,1109,95.86567164179104,188.0,194,57.22813345356177,94.59999999999991,0.9462686567164179,4.088059701492537,3497,968,968,1.0,0.9090909090909091,57.513429752066116,279.83618095600104,890308
0.90,H3,9107,2500,1.0,1.0,0.0,0.0,27.3824,5.0,88.0,164.04000000000087,284.0,2.9968,1.0368,0.0368,0.0368,0.0,9.512667660208644,0.8484712230215827,0.19009468317552805,0.12272396212672979,0.16533139111434814,0.5218499635833941,2224,1.652757078986587,0.4436,1.1480331262939958,1109,80.94336810730253,156.5,176,47.69431920649234,81.0,0.9433681073025335,4.092399403874814,3504,966,966,1.0,0.9047619047619048,47.82919254658385,280.2259162890041,886444
0.90,H3,9108,2500,1.0,1.0,0.0,0.0,37.5972,5.0,103.0,205.02000000000044,343.0,3.0112,1.0304,0.0304,0.0304,0.0,9.659670164917541,0.8604545454545455,0.18093819806403574,0.1142963514519732,0.1518987341772152,0.5528667163067759,2200,1.6266866566716642,0.434,1.12668743509865,1085,117.96701649175412,190.0,199,69.80276497695853,95.79999999999995,0.9835082458770614,4.026986506746627,3516,963,963,1.0,0.9210799584631361,70.36967808930426,283.64870108800096,881784
0.90,F3,9101,2500,1.0,1.0,0.0,0.0,87.3264,5.0,334.0,439.03000000000065,554.0,3.1196,1.3604,0.0,0.0,0.0,7.51056338028169,0.8395934600088378,0.3394629305312318,0.10595446584938704,0.1293053123175715,0.4252772913018097,2263,1.6431924882629108,0.56,1.5538290788013318,1400,212.9612676056338,383.0,418,125.01285714285714,194.0,0.9882629107981221,4.02112676056338,3949,901,901,1.0,0.5061043285238623,122.55493895671476,296.48506099199585,884920
0.90,F3,9102,2500,1.0,1.0,0.0,0.0,88.862,5.0,343.0,454.0100000000002,554.0,3.0224,1.3384,0.0004,0.0004,0.0,7.423809523809524,0.8097518502394427,0.3212174940898345,0.1291371158392435,0.13622931442080377,0.41341607565011823,2297,1.5714285714285714,0.528,1.5621301775147929,1320,221.4345238095238,380.0,402,132.29848484848486,192.0,0.9833333333333333,4.0285714285714285,3953,845,845,1.0,0.5041420118343195,130.42011834319527,293.23829791499884,888220
0.90,F3,9103,2500,1.0,1.0,0.0,0.0,65.222,5.0,276.0,332.0500000000011,479.0,3.0852,1.3568,0.0008,0.0008,0.0,7.692214111922141,0.8246383165278387,0.31398496240601503,0.12030075187969924,0.1344360902255639,0.4312781954887218,2281,1.6909975669099757,0.556,1.5617977528089888,1390,161.90997566909977,326.0,354,94.80359712230216,165.0,0.9720194647201946,4.045012165450122,3888,890,890,1.0,0.5146067415730337,93.79662921348314,304.98706964799203,882640
0.90,F3,9104,2500,1.0,1.0,0.0,0.0,119.8912,5.0,418.0,550.0300000000007,762.0,3.0576,1.3488,0.0,0.0,0.0,6.954292084726867,0.803076923076923,0.3696314768633971,0.12413410917151566,0.12718204488778054,0.3790523690773067,2275,1.5674470457079153,0.5624,1.6123853211009174,1406,279.3199554069119,449.0,470,165.39758179231865,226.0,0.9866220735785953,4.023411371237458,4048,872,872,1.0,0.4690366972477064,162.5630733944954,309.59160721600347,884352
0.90,F3,9105,2500,1.0,1.0,0.0,0.0,77.8596,5.0,313.0500000000002,384.02000000000044,515.0,3.0728,1.352,0.0,0.0,0.0,7.54665071770335,0.8189806678383128,0.32999705622608183,0.1212834854283191,0.13570797762731823,0.4130114807182808,2276,1.6423444976076556,0.5492,1.5602272727272728,1373,195.2428229665072,359.5,378,114.91114348142753,182.0,0.965311004784689,4.063397129186603,3895,880,880,1.0,0.48409090909090907,112.00568181818181,288.22243235200585,887424
0.90,F3,9106,2500,1.0,1.0,0.0,0.0,77.7444,5.0,307.0,406.0100000000002,585.0,3.078,1.3608,0.0,0.0,0.0,7.613526570048309,0.8178277801817395,0.31056085918854415,0.1255966587112172,0.14170644391408116,0.4221360381861575,2311,1.679951690821256,0.5564,1.542128603104213,1391,193.83816425120773,375.65,384,113.90079079798706,188.0,0.9685990338164251,4.048309178743962,3927,902,902,1.0,0.5188470066518847,111.85033259423503,282.397636580994,889368
0.90,F3,9107,2500,1.0,1.0,0.0,0.0,82.7864,5.0,325.0,431.0100000000002,549.0,3.0564,1.3608,0.0,0.0,0.0,7.232288037166086,0.8049738219895288,0.34345459753652247,0.12804354053279862,0.12861644228014896,0.3998854196505299,2292,1.6422764227642277,0.5656,1.5676274944567627,1414,203.335656213705,377,402,119.56294200848656,192.0,0.967479674796748,4.05458768873403,3967,902,902,1.0,0.5099778270509978,116.65077605321508,287.1335824179987,886840
0.90,F3,9108,2500,1.0,1.0,0.0,0.0,86.854,5.0,335.0,420.0400000000009,580.0,3.0768,1.348,0.0,0.0,0.0,7.661835748792271,0.8170731707317073,0.3098887886985272,0.12623985572587917,0.12984670874661858,0.43402464682897507,2296,1.6280193236714975,0.5392,1.549425287356322,1348,221.3671497584541,368.0,382,130.07047477744808,186.0,0.9903381642512077,4.018115942028985,3937,870,870,1.0,0.49885057471264366,127.30919540229885,290.6949314800004,882152
