rho,scheme,metric,mean,sample_sd,ci95_low,ci95_high
0.70,Legacy-20,correct_packet_count,2499.875,0.3535533905932738,2499.579421968625,2500.170578031375
0.70,Legacy-20,receiver_acceptance_probability,1.0,0.0,1.0,1.0
0.70,Legacy-20,correct_delivery_probability,0.99995,0.00014142135623729392,0.9998317687874501,1.00006823121255
0.70,Legacy-20,undetected_error_probability,5e-05,0.0001414213562373095,-6.823121254999998e-05,0.00016823121255
0.70,Legacy-20,terminal_failure_probability,0.0,0.0,0.0,0.0
0.70,Legacy-20,mean_latency,3.8324914965986396,0.10487518035761309,3.7448136516819654,3.920169341515314
0.70,Legacy-20,median_latency,3.0,0.0,3.0,3.0
0.70,Legacy-20,p95_latency,7.0,0.0,7.0,7.0
0.70,Legacy-20,p99_latency,28.626250000000027,1.5983289264550276,27.290013578172648,29.962486421827407
0.70,Legacy-20,max_latency,35.25,1.0350983390135313,34.38463613285746,36.11536386714254
0.70,Legacy-20,phy_attempts_per_packet,2.2224,0.027349170789205623,2.1995355210367316,2.2452644789632683
0.70,Legacy-20,harq_episodes_per_packet,1.0194,0.0030538032493456577,1.0168469565936464,1.0219530434063537
0.70,Legacy-20,rlc_retransmissions_per_packet,0.0194,0.003053803249345688,0.01684695659364623,0.021953043406353772
0.70,Legacy-20,final_harq_failure_probability,0.0194,0.003053803249345688,0.01684695659364623,0.021953043406353772
0.70,Legacy-20,terminal_failure_after_retry_exhaustion,0.0,0.0,0.0,0.0
0.70,Legacy-20,cb_attempts_per_slot,7.579960935114402,0.11397188328272218,7.484678056236393,7.67524381399241
0.70,Legacy-20,cb_overlap_probability,0.5895204350508431,0.009616535697128165,0.5814808100164603,0.5975600600852258
0.70,Legacy-20,cb_occupancy_0_probability,0.22911602155617422,0.008266101054341501,0.22220538813617172,0.23602665497617673
0.70,Legacy-20,cb_occupancy_1_probability,0.31643239250934335,0.008157581721879244,0.3096124835216579,0.3232523014970288
0.70,Legacy-20,cb_occupancy_2_probability,0.24360027835642112,0.003280543899666579,0.24085767502266267,0.24634288169017957
0.70,Legacy-20,cb_occupancy_3plus_probability,0.2108513075780613,0.009592343170871764,0.202831908001771,0.2188707071543516
0.70,Legacy-20,cb_prb_slots,3269.5,30.369157286393612,3244.1107491426765,3294.8892508573235
0.70,Legacy-20,scheduled_attempts_per_slot,0.10982622411635645,0.01943847425166229,0.09357525296148027,0.12607719527123265
0.70,Legacy-20,scheduled_attempts_per_packet,0.03175,0.0056767697051857136,0.027004101760380757,0.03649589823961924
0.70,Legacy-20,scheduled_attempts_per_rescued_packet,1.6354483262179615,0.1055364013211804,1.5472176867420637,1.7236789656938594
0.70,Legacy-20,scheduled_prb_slots,79.375,14.191924262964282,67.5102544009519,91.2397455990481
0.70,Legacy-20,mean_queue,0.13095585345941227,0.019425621871369352,0.11471562716335103,0.1471960797554735
0.70,Legacy-20,p95_queue,1.0,0.0,1.0,1.0
0.70,Legacy-20,max_queue,2.5,0.5345224838248488,2.053128020552973,2.946871979447027
0.70,Legacy-20,mean_wait,0.3933363529222321,0.04605928971329207,0.35482982309616895,0.4318428827482953
0.70,Legacy-20,p95_wait,1.0,0.0,1.0,1.0
0.70,Legacy-20,fraction_at_cap2,0.011081950136926274,0.003658578034567423,0.008023302357379768,0.014140597916472781
0.70,Legacy-20,mean_residual_cb_prbs,5.869901169426969,0.018800171787906366,5.854183832485987,5.885618506367951
0.70,Legacy-20,total_occupied_prb_slots,3363.5,32.84161123592185,3336.043725913623,3390.956274086377
0.70,Legacy-20,rescued_packet_count,48.5,7.634508123364221,42.11739148411557,54.88260851588443
0.70,Legacy-20,eligible_stage_population,0.0,0.0,0.0,0.0
0.70,Legacy-20,rescue_admission_rate,0.0,0.0,0.0,0.0
0.70,Legacy-20,first_scheduled_success_probability,0.4491399529837468,0.07611768089638178,0.3855039792643903,0.5127759267031033
0.70,Legacy-20,rescue_trigger_to_first_tx_mean,0.0,0.0,0.0,0.0
0.70,Legacy-20,runtime_seconds,242.12420256662492,11.217273867795283,232.74632693184876,251.50207820140108
0.70,Legacy-20,peak_rss_kib,869838.0,2768.009083387243,867523.8864956073,872152.1135043927
0.70,Legacy-15,correct_packet_count,2499.875,0.3535533905932738,2499.579421968625,2500.170578031375
0.70,Legacy-15,receiver_acceptance_probability,1.0,0.0,1.0,1.0
0.70,Legacy-15,correct_delivery_probability,0.99995,0.00014142135623729392,0.9998317687874501,1.00006823121255
0.70,Legacy-15,undetected_error_probability,5e-05,0.0001414213562373095,-6.823121254999998e-05,0.00016823121255
0.70,Legacy-15,terminal_failure_probability,0.0,0.0,0.0,0.0
0.70,Legacy-15,mean_latency,3.7113348539415765,0.08455671124348593,3.6406436742955415,3.7820260335876115
0.70,Legacy-15,median_latency,3.0,0.0,3.0,3.0
0.70,Legacy-15,p95_latency,7.0,0.0,7.0,7.0
0.70,Legacy-15,p99_latency,23.25,1.4880476182856899,22.005961059043766,24.494038940956234
0.70,Legacy-15,max_latency,29.375,0.7440238091428449,28.752980529521885,29.997019470478115
0.70,Legacy-15,phy_attempts_per_packet,2.218,0.02766080259139271,2.1948749903303235,2.2411250096696764
0.70,Legacy-15,harq_episodes_per_packet,1.0193,0.002260214907607584,1.0174104130503345,1.0211895869496657
0.70,Legacy-15,rlc_retransmissions_per_packet,0.0193,0.0022602149076075546,0.017410413050334417,0.021189586949665586
0.70,Legacy-15,final_harq_failure_probability,0.0193,0.0022602149076075546,0.017410413050334417,0.021189586949665586
0.70,Legacy-15,terminal_failure_after_retry_exhaustion,0.0,0.0,0.0,0.0
0.70,Legacy-15,cb_attempts_per_slot,7.578314997658919,0.11054619792346124,7.485896063411454,7.670733931906383
0.70,Legacy-15,cb_overlap_probability,0.5888808316647038,0.009889944645752262,0.5806126310291679,0.5971490323002397
0.70,Legacy-15,cb_occupancy_0_probability,0.2282383935509422,0.008425682402194597,0.2211943467854661,0.2352824403164183
0.70,Legacy-15,cb_occupancy_1_probability,0.3172889648051581,0.0084602218950948,0.3102160423010022,0.32436188730931403
0.70,Legacy-15,cb_occupancy_2_probability,0.24428491628326554,0.006038958741143154,0.2392362204320769,0.24933361213445418
0.70,Legacy-15,cb_occupancy_3plus_probability,0.21018772536063413,0.008434088041858257,0.20313665130454128,0.21723879941672697
0.70,Legacy-15,cb_prb_slots,3267.75,30.306764921383476,3242.4129104651615,3293.0870895348385
0.70,Legacy-15,scheduled_attempts_per_slot,0.10799989165646819,0.016845723798609352,0.09391651412436577,0.1220832691885706
0.70,Legacy-15,scheduled_attempts_per_packet,0.03115,0.00471562751467319,0.0272076367401088,0.0350923632598912
0.70,Legacy-15,scheduled_attempts_per_rescued_packet,1.609884360731683,0.08735796602582725,1.5368512734813826,1.6829174479819835
0.70,Legacy-15,scheduled_prb_slots,77.875,11.789068786682977,68.019091850272,87.730908149728
0.70,Legacy-15,mean_queue,0.1329729364804478,0.015135350223166361,0.12031946704085988,0.14562640592003573
0.70,Legacy-15,p95_queue,1.0,0.0,1.0,1.0
0.70,Legacy-15,max_queue,2.875,0.8345229603962802,2.177321345703247,3.572678654296753
0.70,Legacy-15,mean_wait,0.39564154811902896,0.03239495111073788,0.3685586912420698,0.4227244049959881
0.70,Legacy-15,p95_wait,1.0,0.0,1.0,1.0
0.70,Legacy-15,fraction_at_cap2,0.013336754536388327,0.0030928624516702373,0.010751056819717253,0.015922452253059403
0.70,Legacy-15,mean_residual_cb_prbs,5.86910056897101,0.015417275675222348,5.856211403955223,5.8819897339867975
0.70,Legacy-15,total_occupied_prb_slots,3362.125,32.97807713358333,3334.5546375681174,3389.6953624318826
0.70,Legacy-15,rescued_packet_count,48.25,5.650537269018888,43.526032625836045,52.973967374163955
0.70,Legacy-15,eligible_stage_population,0.0,0.0,0.0,0.0
0.70,Legacy-15,rescue_admission_rate,0.0,0.0,0.0,0.0
0.70,Legacy-15,first_scheduled_success_probability,0.46215178716704797,0.06120052600385093,0.41098686702591186,0.5133167073081841
0.70,Legacy-15,rescue_trigger_to_first_tx_mean,0.0,0.0,0.0,0.0
0.70,Legacy-15,runtime_seconds,239.13462114412542,18.20982823415885,223.91082376490164,254.3584185233492
0.70,Legacy-15,peak_rss_kib,870345.0,2413.2886867746024,868327.4401684299,872362.5598315701
0.70,Fast-CB,correct_packet_count,2499.875,0.3535533905932738,2499.579421968625,2500.170578031375
0.70,Fast-CB,receiver_acceptance_probability,1.0,0.0,1.0,1.0
0.70,Fast-CB,correct_delivery_probability,0.99995,0.00014142135623729392,0.9998317687874501,1.00006823121255
0.70,Fast-CB,undetected_error_probability,5e-05,0.0001414213562373095,-6.823121254999998e-05,0.00016823121255
0.70,Fast-CB,terminal_failure_probability,0.0,0.0,0.0,0.0
0.70,Fast-CB,mean_latency,3.4579250900360146,0.0732106727248113,3.3967194359668302,3.519130744105199
0.70,Fast-CB,median_latency,3.0,0.0,3.0,3.0
0.70,Fast-CB,p95_latency,7.0,0.0,7.0,7.0
0.70,Fast-CB,p99_latency,11.376250000000027,0.7452312680350861,10.753221068626242,11.999278931373812
0.70,Fast-CB,max_latency,19.375,4.657942525560891,15.480862597858575,23.269137402141425
0.70,Fast-CB,phy_attempts_per_packet,2.22415,0.03603486407038916,2.194024099736624,2.2542759002633757
0.70,Fast-CB,harq_episodes_per_packet,1.0194,0.0036660605559646524,1.0163350966760205,1.0224649033239797
0.70,Fast-CB,rlc_retransmissions_per_packet,0.0194,0.003666060555964672,0.01633509667602042,0.02246490332397958
0.70,Fast-CB,final_harq_failure_probability,0.01885,0.003403779412023389,0.016004369199649336,0.02169563080035066
0.70,Fast-CB,terminal_failure_after_retry_exhaustion,0.0,0.0,0.0,0.0
0.70,Fast-CB,cb_attempts_per_slot,7.764098158938651,0.15897402380358786,7.63119254907651,7.897003768800793
0.70,Fast-CB,cb_overlap_probability,0.5864183612608963,0.00897581846650787,0.5789143892360266,0.593922333285766
0.70,Fast-CB,cb_occupancy_0_probability,0.224355969496672,0.007738288188641182,0.2178865986749897,0.2308253403183543
0.70,Fast-CB,cb_occupancy_1_probability,0.32077370310542364,0.006703975350954151,0.3151690394553411,0.3263783667555062
0.70,Fast-CB,cb_occupancy_2_probability,0.24534105773270198,0.007308204137712854,0.23923124617556488,0.2514508692898391
0.70,Fast-CB,cb_occupancy_3plus_probability,0.20952926966520238,0.008048105027723365,0.2028008854842391,0.21625765384616566
0.70,Fast-CB,cb_prb_slots,3333.125,29.122585736846926,3308.7779090381446,3357.4720909618554
0.70,Fast-CB,scheduled_attempts_per_slot,0.0,0.0,0.0,0.0
0.70,Fast-CB,scheduled_attempts_per_packet,0.0,0.0,0.0,0.0
0.70,Fast-CB,scheduled_attempts_per_rescued_packet,0.0,0.0,0.0,0.0
0.70,Fast-CB,scheduled_prb_slots,0.0,0.0,0.0,0.0
0.70,Fast-CB,mean_queue,0.0,0.0,0.0,0.0
0.70,Fast-CB,p95_queue,0.0,0.0,0.0,0.0
0.70,Fast-CB,max_queue,0.0,0.0,0.0,0.0
0.70,Fast-CB,mean_wait,0.0,0.0,0.0,0.0
0.70,Fast-CB,p95_wait,0.0,0.0,0.0,0.0
0.70,Fast-CB,fraction_at_cap2,0.0,0.0,0.0,0.0
0.70,Fast-CB,mean_residual_cb_prbs,6.0,0.0,6.0,6.0
0.70,Fast-CB,total_occupied_prb_slots,3333.125,29.122585736846926,3308.7779090381446,3357.4720909618554
0.70,Fast-CB,rescued_packet_count,0.0,0.0,0.0,0.0
0.70,Fast-CB,eligible_stage_population,0.0,0.0,0.0,0.0
0.70,Fast-CB,rescue_admission_rate,0.0,0.0,0.0,0.0
0.70,Fast-CB,first_scheduled_success_probability,0.0,0.0,0.0,0.0
0.70,Fast-CB,rescue_trigger_to_first_tx_mean,0.0,0.0,0.0,0.0
0.70,Fast-CB,runtime_seconds,240.82626786499992,13.33758808394345,229.67576518553938,251.97677054446046
0.70,Fast-CB,peak_rss_kib,870255.0,4406.046624485816,866571.4528411773,873938.5471588227
0.70,B,correct_packet_count,2499.875,0.3535533905932738,2499.579421968625,2500.170578031375
0.70,B,receiver_acceptance_probability,1.0,0.0,1.0,1.0
0.70,B,correct_delivery_probability,0.99995,0.00014142135623729392,0.9998317687874501,1.00006823121255
0.70,B,undetected_error_probability,5e-05,0.0001414213562373095,-6.823121254999998e-05,0.00016823121255
0.70,B,terminal_failure_probability,0.0,0.0,0.0,0.0
0.70,B,mean_latency,3.4691246898759505,0.06762623388724988,3.412587743509359,3.525661636242542
0.70,B,median_latency,3.0,0.0,3.0,3.0
0.70,B,p95_latency,7.0,0.0,7.0,7.0
0.70,B,p99_latency,10.25,0.8864052604279183,9.508946657425401,10.991053342574599
0.70,B,max_latency,14.25,1.7525491637693282,12.784832233271487,15.715167766728513
0.70,B,phy_attempts_per_packet,2.22805,0.03111816189944395,2.2020345656159264,2.254065434384074
0.70,B,harq_episodes_per_packet,1.02175,0.0050953760550971295,1.0174901590154355,1.0260098409845644
0.70,B,rlc_retransmissions_per_packet,0.02175,0.005095376055097125,0.01749015901543563,0.026009840984564367
0.70,B,final_harq_failure_probability,0.02175,0.005095376055097125,0.01749015901543563,0.026009840984564367
0.70,B,terminal_failure_after_retry_exhaustion,0.0,0.0,0.0,0.0
0.70,B,cb_attempts_per_slot,7.6629058191658,0.12896115328972813,7.555091596965119,7.770720041366482
0.70,B,cb_overlap_probability,0.5867560118731573,0.008980061589066909,0.5792484925090561,0.5942635312372585
0.70,B,cb_occupancy_0_probability,0.22352485742521028,0.007783590952883642,0.2170176125448231,0.23003210230559745
0.70,B,cb_occupancy_1_probability,0.32086727494495637,0.0073804874580618495,0.3146970330197378,0.32703751687017496
0.70,B,cb_occupancy_2_probability,0.24316906643144987,0.006962940695280159,0.23734790233558803,0.2489902305273117
0.70,B,cb_occupancy_3plus_probability,0.21243880119838346,0.007370182753774791,0.2062771742215379,0.218600428175229
0.70,B,cb_prb_slots,3259.5,23.034136158567538,3240.2429802645975,3278.7570197354025
0.70,B,scheduled_attempts_per_slot,0.11739283055354566,0.02703474978104011,0.09479121413123784,0.13999444697585348
0.70,B,scheduled_attempts_per_packet,0.03365,0.007935273872310359,0.027015945025550006,0.04028405497444999
0.70,B,scheduled_attempts_per_rescued_packet,1.5496652444417869,0.09745803713528213,1.468188286436151,1.6311422024474227
0.70,B,scheduled_prb_slots,84.125,19.838184680775896,67.53986256387502,100.71013743612498
0.70,B,mean_queue,0.14624589579061095,0.032122712341765655,0.11939063622013424,0.17310115536108767
0.70,B,p95_queue,1.0,0.0,1.0,1.0
0.70,B,max_queue,3.875,0.6408699444616558,3.3392193185206986,4.410780681479301
0.70,B,mean_wait,1.0734947629407579,0.049003712801268404,1.032526633811634,1.1144628920698818
0.70,B,p95_wait,1.65625,0.4806524583462418,1.2544144888905242,2.058085511109476
0.70,B,fraction_at_cap2,0.024591285197207276,0.010788718895879443,0.015571690484931372,0.03361087990948318
0.70,B,mean_residual_cb_prbs,5.863361676045789,0.02721268160595958,5.840611304895263,5.886112047196316
0.70,B,total_occupied_prb_slots,3357.375,35.90040787671201,3327.361507927553,3387.388492072447
0.70,B,rescued_packet_count,54.375,12.738440137742813,43.72539753858908,65.02460246141092
0.70,B,eligible_stage_population,0.0,0.0,0.0,0.0
0.70,B,rescue_admission_rate,0.0,0.0,0.0,0.0
0.70,B,first_scheduled_success_probability,0.5096225790419231,0.07796921218737814,0.44443868642662954,0.5748064716572167
0.70,B,rescue_trigger_to_first_tx_mean,0.0,0.0,0.0,0.0
0.70,B,runtime_seconds,241.36163587662514,18.57110812428385,225.8358009507685,256.8874708024818
0.70,B,peak_rss_kib,870469.0,4090.944843711012,867048.8845222818,873889.1154777182
0.70,H2,correct_packet_count,2500.0,0.0,2500.0,2500.0
0.70,H2,receiver_acceptance_probability,1.0,0.0,1.0,1.0
0.70,H2,correct_delivery_probability,1.0,0.0,1.0,1.0
0.70,H2,undetected_error_probability,0.0,0.0,0.0,0.0
0.70,H2,terminal_failure_probability,0.0,0.0,0.0,0.0
0.70,H2,mean_latency,5.9369499999999995,2.0687902103127116,4.207398102149421,7.666501897850578
0.70,H2,median_latency,3.0,0.0,3.0,3.0
0.70,H2,p95_latency,18.381250000000023,8.172599582052902,11.548785767014383,25.213714232985662
0.70,H2,p99_latency,25.751250000000027,13.448871899053271,14.507711722892212,36.994788277107844
0.70,H2,max_latency,46.625,23.850351899170917,26.685606829060774,66.56439317093923
0.70,H2,phy_attempts_per_packet,2.19565,0.019101458433473405,2.179680781119979,2.211619218880021
0.70,H2,harq_episodes_per_packet,1.00145,0.0012270755012281501,1.0004241392088111,1.0024758607911888
0.70,H2,rlc_retransmissions_per_packet,0.0014500000000000001,0.0012270755012281378,0.0004241392088111841,0.002475860791188816
0.70,H2,final_harq_failure_probability,0.0014500000000000001,0.0012270755012281378,0.0004241392088111841,0.002475860791188816
0.70,H2,terminal_failure_after_retry_exhaustion,0.0,0.0,0.0,0.0
0.70,H2,cb_attempts_per_slot,6.176613766774019,0.09953972489771148,6.093396474247128,6.25983105930091
0.70,H2,cb_overlap_probability,0.6341067108864242,0.012438744843483725,0.623707659961065,0.6445057618117834
0.70,H2,cb_occupancy_0_probability,0.19066160280179373,0.011403899420001334,0.18112770430090172,0.20019550130268574
0.70,H2,cb_occupancy_1_probability,0.29604014282268254,0.00755761332854307,0.2897218199640169,0.30235846568134817
0.70,H2,cb_occupancy_2_probability,0.25542272728282783,0.00752458713543161,0.24913201501255824,0.26171343955309745
0.70,H2,cb_occupancy_3plus_probability,0.2578755270926959,0.01619225814838087,0.24433846051561392,0.2714125936697779
0.70,H2,cb_prb_slots,2478.125,32.06438834595165,2451.3185005102446,2504.9314994897554
0.70,H2,scheduled_attempts_per_slot,1.4485344316861586,0.04436670246639869,1.4114429402098272,1.48562592316249
0.70,H2,scheduled_attempts_per_packet,0.4171,0.01076236830017313,0.40810243493702647,0.4260975650629736
0.70,H2,scheduled_attempts_per_rescued_packet,1.1110752426093466,0.010559410340557672,1.1022473546467804,1.119903130571913
0.70,H2,scheduled_prb_slots,1042.75,26.90592075043282,1020.2560873425662,1065.2439126574338
0.70,H2,mean_queue,11.774686095103311,7.8828119658684965,5.184490372016302,18.36488181819032
0.70,H2,p95_queue,30.674999999999997,15.423150502688207,17.780923505541256,43.56907649445874
0.70,H2,max_queue,38.625,16.561034301723343,24.779628843402868,52.47037115659713
0.70,H2,mean_wait,6.898454221405758,4.472050053157909,3.15972681532774,10.637181627483775
0.70,H2,p95_wait,16.068749999999994,7.9432333062263085,9.428040772273608,22.70945922772638
0.70,H2,fraction_at_cap2,0.8298954759729964,0.04186400883817986,0.7948962887297608,0.864894663216232
0.70,H2,mean_residual_cb_prbs,4.2534401593684565,0.06250964664126663,4.201180786985778,4.305699531751135
0.70,H2,total_occupied_prb_slots,3735.25,21.312303622890834,3717.4324682876054,3753.0675317123946
0.70,H2,rescued_packet_count,938.5,22.200386097028648,919.9400127592795,957.0599872407205
0.70,H2,eligible_stage_population,938.5,22.200386097028648,919.9400127592795,957.0599872407205
0.70,H2,rescue_admission_rate,1.0,0.0,1.0,1.0
0.70,H2,first_scheduled_success_probability,0.8941442802688525,0.008842262408492955,0.8867519639026656,0.9015365966350394
0.70,H2,rescue_trigger_to_first_tx_mean,6.917807177171698,4.46291854130437,3.186713906047434,10.648900448295961
0.70,H2,runtime_seconds,237.40064699974994,15.861836851470429,224.13981953976784,250.66147445973203
0.70,H2,peak_rss_kib,868135.0,1250.4056484654434,867089.634717621,869180.365282379
0.70,F2,correct_packet_count,2500.0,0.0,2500.0,2500.0
0.70,F2,receiver_acceptance_probability,1.0,0.0,1.0,1.0
0.70,F2,correct_delivery_probability,1.0,0.0,1.0,1.0
0.70,F2,undetected_error_probability,0.0,0.0,0.0,0.0
0.70,F2,terminal_failure_probability,0.0,0.0,0.0,0.0
0.70,F2,mean_latency,57.39005,10.910755420095478,48.2684302003021,66.5116697996979
0.70,F2,median_latency,3.0,0.0,3.0,3.0
0.70,F2,p95_latency,227.00625000000002,33.39076473581964,199.0908720986373,254.92162790136274
0.70,F2,p99_latency,293.7912500000009,47.93610820292837,253.71566065089365,333.86683934910815
0.70,F2,max_latency,466.625,80.0891244623317,399.66881637126994,533.5811836287301
0.70,F2,phy_attempts_per_packet,2.368,0.024809214877886513,2.347258977318079,2.388741022681921
0.70,F2,harq_episodes_per_packet,1.37995,0.008032612099613473,1.3732345682310707,1.3866654317689293
0.70,F2,rlc_retransmissions_per_packet,5e-05,0.0001414213562373095,-6.823121254999998e-05,0.00016823121255
0.70,F2,final_harq_failure_probability,5e-05,0.0001414213562373095,-6.823121254999998e-05,0.00016823121255
0.70,F2,terminal_failure_after_retry_exhaustion,0.0,0.0,0.0,0.0
0.70,F2,cb_attempts_per_slot,4.940847404816974,0.11871539827630598,4.841598848163259,5.04009596147069
0.70,F2,cb_overlap_probability,0.6404789884784158,0.00958970911635559,0.6324617910268091,0.6484961859300225
0.70,F2,cb_occupancy_0_probability,0.32384702917733305,0.01841360743052687,0.3084528681265954,0.3392411902280707
0.70,F2,cb_occupancy_1_probability,0.24308209554505136,0.009120839276286983,0.23545688308916501,0.2507073080009377
0.70,F2,cb_occupancy_2_probability,0.20951023345556394,0.011718008836290199,0.1997137329110394,0.2193067340000885
0.70,F2,cb_occupancy_3plus_probability,0.2235606418220517,0.00650828049353482,0.21811958316698607,0.22900170047711735
0.70,F2,cb_prb_slots,2450.75,16.585277464408865,2436.8843610521963,2464.6156389478037
0.70,F2,scheduled_attempts_per_slot,1.6296225524237986,0.02135049403034593,1.6117730927317737,1.6474720121158235
0.70,F2,scheduled_attempts_per_packet,0.58755,0.016845431767353744,0.573466866612137,0.6016331333878631
0.70,F2,scheduled_attempts_per_rescued_packet,1.5463977303873198,0.015421103102287172,1.5335053655624309,1.5592900952122086
0.70,F2,scheduled_prb_slots,1468.875,42.11357941838442,1433.6671665303425,1504.0828334696575
0.70,F2,mean_queue,141.9265661085837,24.535410172840866,121.41444988846445,162.43868232870295
0.70,F2,p95_queue,249.025,34.70572204777108,220.0102902750715,278.0397097249285
0.70,F2,max_queue,266.375,38.16482112402168,234.46841107806094,298.28158892193903
0.70,F2,mean_wait,83.23574086690078,14.399798592074912,71.19720797969002,95.27427375411155
0.70,F2,p95_wait,125.875,17.92394647232738,110.89020575471977,140.85979424528023
0.70,F2,fraction_at_cap2,0.9861140168407571,0.005072833361667705,0.9818730220195249,0.9903550116619892
0.70,F2,mean_residual_cb_prbs,4.023605200411875,0.008036608213896736,4.016886427807801,4.03032397301595
0.70,F2,total_occupied_prb_slots,4232.25,51.13218164717794,4189.502426385105,4274.997573614895
0.70,F2,rescued_packet_count,949.75,19.983922108964066,933.0430230248758,966.4569769751242
0.70,F2,eligible_stage_population,949.75,19.983922108964066,933.0430230248758,966.4569769751242
0.70,F2,rescue_admission_rate,1.0,0.0,1.0,1.0
0.70,F2,first_scheduled_success_probability,0.510746528591235,0.009364216430560452,0.5029178477425804,0.5185752094398897
0.70,F2,rescue_trigger_to_first_tx_mean,82.36208345906726,14.357341783446342,70.35904535212671,94.36512156600782
0.70,F2,runtime_seconds,258.86646172962514,14.984722649062792,246.33892009333056,271.39400336591973
0.70,F2,peak_rss_kib,870140.5,1069.9371143069243,869246.0101878355,871034.9898121645
0.70,H3,correct_packet_count,2499.875,0.3535533905932738,2499.579421968625,2500.170578031375
0.70,H3,receiver_acceptance_probability,1.0,0.0,1.0,1.0
0.70,H3,correct_delivery_probability,0.99995,0.00014142135623729392,0.9998317687874501,1.00006823121255
0.70,H3,undetected_error_probability,5e-05,0.0001414213562373095,-6.823121254999998e-05,0.00016823121255
0.70,H3,terminal_failure_probability,0.0,0.0,0.0,0.0
0.70,H3,mean_latency,3.5882848139255703,0.11948436065037982,3.4883933886393446,3.688176239211796
0.70,H3,median_latency,3.0,0.0,3.0,3.0
0.70,H3,p95_latency,7.125,0.3535533905932738,6.829421968625,7.420578031375
0.70,H3,p99_latency,9.626250000000027,1.406240555523805,8.45060347503266,10.801896524967395
0.70,H3,max_latency,18.0,5.5549205986353085,13.355970162713248,22.64402983728675
0.70,H3,phy_attempts_per_packet,2.2587,0.04333194136958487,2.222473590449277,2.2949264095507234
0.70,H3,harq_episodes_per_packet,1.0077,0.0023494680248941466,1.005735795576981,1.009664204423019
0.70,H3,rlc_retransmissions_per_packet,0.0077,0.002349468024894146,0.0057357955769808625,0.009664204423019138
0.70,H3,final_harq_failure_probability,0.0077,0.002349468024894146,0.0057357955769808625,0.009664204423019138
0.70,H3,terminal_failure_after_retry_exhaustion,0.0,0.0,0.0,0.0
0.70,H3,cb_attempts_per_slot,7.432877100476049,0.1426063634371072,7.313655197114985,7.552099003837114
0.70,H3,cb_overlap_probability,0.6058400537825127,0.012259382564142433,0.5955909534751965,0.6160891540898289
0.70,H3,cb_occupancy_0_probability,0.2186246564986091,0.009432290543963232,0.21073906426694258,0.22651024873027562
0.70,H3,cb_occupancy_1_probability,0.30798104009865035,0.010078400209473076,0.2995552866690858,0.3164067935282149
0.70,H3,cb_occupancy_2_probability,0.24009617602935818,0.007774532809167654,0.2335965039466268,0.24659584811208957
0.70,H3,cb_occupancy_3plus_probability,0.2332981273733824,0.016119718655858706,0.21982170532967815,0.24677454941708665
0.70,H3,cb_prb_slots,3049.375,48.913736019942,3008.482093342507,3090.267906657493
0.70,H3,scheduled_attempts_per_slot,0.4491845469537332,0.050984022247959025,0.4065608376962901,0.49180825621117635
0.70,H3,scheduled_attempts_per_packet,0.1287,0.014347125147568767,0.11670550321439965,0.14069449678560036
0.70,H3,scheduled_attempts_per_rescued_packet,1.1014809255500155,0.02655203305784054,1.079282870407422,1.123678980692609
0.70,H3,scheduled_prb_slots,321.75,35.86781286892191,291.7637580359991,351.7362419640009
0.70,H3,mean_queue,0.7914753038163247,0.25610736199965284,0.5773641910548961,1.0055864165777533
0.70,H3,p95_queue,3.625,1.5979898086569353,2.289047087746651,4.960952912253349
0.70,H3,max_queue,10.125,3.2705394924123103,7.390760560012534,12.859239439987466
0.70,H3,mean_wait,1.4360805549615734,0.2877707163812955,1.1954982154947518,1.676662894428395
0.70,H3,p95_wait,3.375,1.5059406173077154,2.116002137514404,4.633997862485597
0.70,H3,fraction_at_cap2,0.1653945484071866,0.038970950408200915,0.13281401853830427,0.19797507827606892
0.70,H3,mean_residual_cb_prbs,5.447137817178189,0.07133246167212945,5.387502386843889,5.506773247512489
0.70,H3,total_occupied_prb_slots,3445.25,40.315718310072846,3411.5452160306986,3478.9547839693014
0.70,H3,rescued_packet_count,291.75,28.151376520518493,268.2148602620711,315.2851397379289
0.70,H3,eligible_stage_population,291.75,28.151376520518493,268.2148602620711,315.2851397379289
0.70,H3,rescue_admission_rate,1.0,0.0,1.0,1.0
0.70,H3,first_scheduled_success_probability,0.9349803355904142,0.016038727213439134,0.9215716240870286,0.9483890470937997
0.70,H3,rescue_trigger_to_first_tx_mean,1.4419567092333128,0.27650519739094814,1.2107925793330772,1.6731208391335484
0.70,H3,runtime_seconds,245.01813621712478,13.611900559873844,233.63830256877986,256.3979698654697
0.70,H3,peak_rss_kib,869889.5,2240.0560579720195,868016.7662703815,871762.2337296185
0.70,F3,correct_packet_count,2499.875,0.3535533905932738,2499.579421968625,2500.170578031375
0.70,F3,receiver_acceptance_probability,1.0,0.0,1.0,1.0
0.70,F3,correct_delivery_probability,0.99995,0.00014142135623729392,0.9998317687874501,1.00006823121255
0.70,F3,undetected_error_probability,5e-05,0.0001414213562373095,-6.823121254999998e-05,0.00016823121255
0.70,F3,terminal_failure_probability,0.0,0.0,0.0,0.0
0.70,F3,mean_latency,4.315650860344138,0.5881145699516774,3.8239747756725326,4.807326945015743
0.70,F3,median_latency,3.0,0.0,3.0,3.0
0.70,F3,p95_latency,11.625,4.405759217854998,7.941693119133632,15.308306880866368
0.70,F3,p99_latency,21.252500000000055,12.175209883787884,11.073769814472229,31.43123018552788
0.70,F3,max_latency,30.5,16.784346448828018,16.46793521641611,44.53206478358389
0.70,F3,phy_attempts_per_packet,2.41175,0.038887346454672324,2.379239364785381,2.444260635214619
0.70,F3,harq_episodes_per_packet,1.14445,0.012333346203339509,1.1341390645428906,1.1547609354571093
0.70,F3,rlc_retransmissions_per_packet,0.0,0.0,0.0,0.0
0.70,F3,final_harq_failure_probability,0.0,0.0,0.0,0.0
0.70,F3,terminal_failure_after_retry_exhaustion,0.0,0.0,0.0,0.0
0.70,F3,cb_attempts_per_slot,7.601964374179698,0.13269039154355977,7.491032430777853,7.712896317581542
0.70,F3,cb_overlap_probability,0.6438366901978698,0.020556378542802994,0.6266511276674547,0.661022252728285
0.70,F3,cb_occupancy_0_probability,0.19216551447389124,0.007734598590080888,0.18569922823379698,0.1986318007139855
0.70,F3,cb_occupancy_1_probability,0.2876673707943404,0.015858536421858787,0.27440930256256335,0.30092543902611746
0.70,F3,cb_occupancy_2_probability,0.24026197861443047,0.004086711046129946,0.2368454026800671,0.24367855454879384
0.70,F3,cb_occupancy_3plus_probability,0.27990513611733786,0.019928709669828907,0.26324431789645325,0.29656595433822247
0.70,F3,cb_prb_slots,2922.375,68.39577576763892,2865.194700521494,2979.555299478506
0.70,F3,scheduled_attempts_per_slot,0.781961646434558,0.05926303826366794,0.7324165065792099,0.8315067862899062
0.70,F3,scheduled_attempts_per_packet,0.22495,0.016844753316261837,0.210867433811444,0.23903256618855603
0.70,F3,scheduled_attempts_per_rescued_packet,1.5588748271182393,0.04118622171440601,1.524442284090748,1.5933073701457308
0.70,F3,scheduled_prb_slots,562.375,42.1118832906546,527.1685845286099,597.5814154713901
0.70,F3,mean_queue,3.0097473113250346,2.6458750499794035,0.7977404140787203,5.221754208571349
0.70,F3,p95_queue,13.893749999999997,11.967409240456828,3.888745499781498,23.898754500218494
0.70,F3,max_queue,21.5,12.501428489805246,11.04854423488515,31.95145576511485
0.70,F3,mean_wait,2.967109463195378,2.054359621754115,1.249621839288192,4.6845970871025635
0.70,F3,p95_wait,8.625,6.2777953363991,3.376631758376627,13.873368241623373
0.70,F3,fraction_at_cap2,0.3804656365010472,0.06639345914366943,0.3249593156114869,0.4359719573906075
0.70,F3,mean_residual_cb_prbs,5.029783133382747,0.10276262893320333,4.943871425654455,5.115694841111038
0.70,F3,total_occupied_prb_slots,3619.75,26.0205962378157,3597.99623715736,3641.50376284264
0.70,F3,rescued_packet_count,361.125,30.83336550834872,335.3476613572266,386.9023386427734
0.70,F3,eligible_stage_population,361.125,30.83336550834872,335.3476613572266,386.9023386427734
0.70,F3,rescue_admission_rate,1.0,0.0,1.0,1.0
0.70,F3,first_scheduled_success_probability,0.5058402020334543,0.026978031184826726,0.4832860035442144,0.5283944005226942
0.70,F3,rescue_trigger_to_first_tx_mean,3.0673510126082277,2.0850711951598853,1.324187870804088,4.810514154412368
0.70,F3,runtime_seconds,260.44064162425,16.309365620897083,246.80567075008986,274.0756124984102
0.70,F3,peak_rss_kib,873813.5,2927.682213433887,871365.8964182996,876261.1035817004
0.90,Legacy-20,correct_packet_count,2499.0,1.4142135623730951,2497.8176878745,2500.1823121255
0.90,Legacy-20,receiver_acceptance_probability,0.99965,0.0005830951894845461,0.9991625202224115,1.0001374797775886
0.90,Legacy-20,correct_delivery_probability,0.9996,0.0005656854249492542,0.9991270751498,1.0000729248502
0.90,Legacy-20,undetected_error_probability,5e-05,0.0001414213562373095,-6.823121254999998e-05,0.00016823121255
0.90,Legacy-20,terminal_failure_probability,0.00035,0.0005830951894845301,-0.0001374797775885024,0.0008374797775885024
0.90,Legacy-20,mean_latency,34.202076617223305,17.18299400693331,19.83673413479034,48.56741909965627
0.90,Legacy-20,median_latency,5.625,0.9161253813129043,4.859100014578417,6.390899985421583
0.90,Legacy-20,p95_latency,183.75625000000002,80.79800845096896,116.20742452590947,251.3050754740906
0.90,Legacy-20,p99_latency,288.8212500000004,95.60526396707614,208.89324912563063,368.7492508743702
0.90,Legacy-20,max_latency,419.625,111.93612655694062,326.0440563356662,513.2059436643339
0.90,Legacy-20,phy_attempts_per_packet,3.51635,0.1668349312515646,3.376872507050003,3.655827492949997
0.90,Legacy-20,harq_episodes_per_packet,1.39885,0.08403602968795164,1.3285941210277892,1.4691058789722107
0.90,Legacy-20,rlc_retransmissions_per_packet,0.39885,0.0840360296879516,0.3285941210277893,0.4691058789722107
0.90,Legacy-20,final_harq_failure_probability,0.2462,0.029922566734824078,0.22118410818709702,0.27121589181290295
0.90,Legacy-20,terminal_failure_after_retry_exhaustion,0.00035,0.0005830951894845301,-0.0001374797775885024,0.0008374797775885024
0.90,Legacy-20,cb_attempts_per_slot,10.237015441896851,0.36346191046075044,9.933153680612334,10.540877203181369
0.90,Legacy-20,cb_overlap_probability,0.8448274462424392,0.02394304422494375,0.8248105603478988,0.8648443321369796
0.90,Legacy-20,cb_occupancy_0_probability,0.2606579854957993,0.03119318362483396,0.2345798313797383,0.28673613961186034
0.90,Legacy-20,cb_occupancy_1_probability,0.11503659948409055,0.02055539295669259,0.09785186092428355,0.13222133804389755
0.90,Legacy-20,cb_occupancy_2_probability,0.13809562778461354,0.02241808904664583,0.11935363632335816,0.15683761924586892
0.90,Legacy-20,cb_occupancy_3plus_probability,0.48620978723549657,0.03169202245544422,0.45971459342062865,0.5127049810503645
0.90,Legacy-20,cb_prb_slots,2447.625,78.42182185372349,2382.062716234405,2513.187283765595
0.90,Legacy-20,scheduled_attempts_per_slot,1.4874975017252758,0.1559575385939512,1.3571137366075452,1.6178812668430065
0.90,Legacy-20,scheduled_attempts_per_packet,0.448,0.0664388870638703,0.3924557004187352,0.5035442995812648
0.90,Legacy-20,scheduled_attempts_per_rescued_packet,1.8165167918811058,0.08940178924843176,1.7417750256570237,1.891258558105188
0.90,Legacy-20,scheduled_prb_slots,1120.0,166.09721765967578,981.1392510468379,1258.860748953162
0.90,Legacy-20,mean_queue,64.877611519724,38.92248339036428,32.337601091751935,97.41762194769606
0.90,Legacy-20,p95_queue,160.0125,50.12385908926008,118.107905139064,201.91709486093598
0.90,Legacy-20,max_queue,179.625,48.20769796264019,139.3223559297302,219.9276440702698
0.90,Legacy-20,mean_wait,35.1878010368154,19.510847703909235,18.87632416170537,51.49927791192543
0.90,Legacy-20,p95_wait,72.375,24.23066239292686,52.11765929964518,92.63234070035482
0.90,Legacy-20,fraction_at_cap2,0.7509177387641603,0.11346274335148901,0.6560605115205927,0.845774966007728
0.90,Legacy-20,mean_residual_cb_prbs,4.423085674063224,0.19410328794285656,4.26081126442656,4.5853600836998885
0.90,Legacy-20,total_occupied_prb_slots,3635.75,124.87107637193536,3531.355167672811,3740.144832327189
0.90,Legacy-20,rescued_packet_count,615.5,74.80641683706017,552.9602704677426,678.0397295322574
0.90,Legacy-20,eligible_stage_population,0.0,0.0,0.0,0.0
0.90,Legacy-20,rescue_admission_rate,0.0,0.0,0.0,0.0
0.90,Legacy-20,first_scheduled_success_probability,0.5159998602478795,0.017438805955850248,0.5014206536242027,0.5305790668715562
0.90,Legacy-20,rescue_trigger_to_first_tx_mean,0.0,0.0,0.0,0.0
0.90,Legacy-20,runtime_seconds,321.96329552237603,18.1743011247475,306.76919954989773,337.1573914948543
0.90,Legacy-20,peak_rss_kib,901662.0,4212.806055011654,898140.0060001248,905183.9939998752
0.90,Legacy-15,correct_packet_count,2497.5,2.8284271247461903,2495.135375749,2499.864624251
0.90,Legacy-15,receiver_acceptance_probability,0.9991,0.0011661903789690622,0.998125040444823,1.000074959555177
0.90,Legacy-15,correct_delivery_probability,0.999,0.0011313708498984804,0.9980541502996,0.9999458497004
0.90,Legacy-15,undetected_error_probability,0.0001,0.0001851640199545103,-5.4800994576225106e-05,0.0002548009945762251
0.90,Legacy-15,terminal_failure_probability,0.0009000000000000001,0.0011661903789690602,-7.495955517700472e-05,0.0018749595551770049
0.90,Legacy-15,mean_latency,35.372666834715766,18.04189351746015,20.289266392084855,50.456067277346676
0.90,Legacy-15,median_latency,5.75,1.0350983390135313,4.8846361328574615,6.6153638671425385
0.90,Legacy-15,p95_latency,187.73749999999995,91.93605988480711,110.87703050336724,264.5979694966327
0.90,Legacy-15,p99_latency,296.1812500000003,121.38187207998931,194.70346545998729,397.65903454001335
0.90,Legacy-15,max_latency,399.125,122.21928477711106,296.9471209253303,501.3028790746697
0.90,Legacy-15,phy_attempts_per_packet,3.52565,0.20248405228207825,3.356369096038255,3.6949309039617453
0.90,Legacy-15,harq_episodes_per_packet,1.4133,0.10627914726256106,1.324448409377808,1.502151590622192
0.90,Legacy-15,rlc_retransmissions_per_packet,0.4133,0.10627914726256109,0.32444840937780794,0.5021515906221921
0.90,Legacy-15,final_harq_failure_probability,0.2447,0.03933838547053718,0.21181228673174124,0.27758771326825876
0.90,Legacy-15,terminal_failure_after_retry_exhaustion,0.0009000000000000001,0.0011661903789690602,-7.495955517700472e-05,0.0018749595551770049
0.90,Legacy-15,cb_attempts_per_slot,10.320324456970942,0.49728155714869626,9.904586671358253,10.736062242583632
0.90,Legacy-15,cb_overlap_probability,0.845830375482103,0.01760333626416501,0.8311136180784674,0.8605471328857387
0.90,Legacy-15,cb_occupancy_0_probability,0.25345902691515637,0.045556791732235084,0.21537259591422822,0.29154545791608455
0.90,Legacy-15,cb_occupancy_1_probability,0.11527628061207454,0.017081444138597135,0.10099583594413808,0.129556725280011
0.90,Legacy-15,cb_occupancy_2_probability,0.13707770432920735,0.02365541711341954,0.11730128071746883,0.1568541279409459
0.90,Legacy-15,cb_occupancy_3plus_probability,0.49418698814356177,0.0326330185560033,0.4669051019016517,0.5214688743854718
0.90,Legacy-15,cb_prb_slots,2446.5,69.92853494818836,2388.038281779056,2504.961718220944
0.90,Legacy-15,scheduled_attempts_per_slot,1.5051234678838599,0.2034913982946426,1.335000401580502,1.6752465341872178
0.90,Legacy-15,scheduled_attempts_per_packet,0.453,0.08785000203268555,0.37955556035387394,0.5264444396461261
0.90,Legacy-15,scheduled_attempts_per_rescued_packet,1.8408736783753032,0.08089177976510815,1.7732464581207632,1.9085008986298433
0.90,Legacy-15,scheduled_prb_slots,1132.5,219.6250050817139,948.8889008846847,1316.1110991153153
0.90,Legacy-15,mean_queue,70.29605763753496,40.391218687017826,36.52815377353233,104.06396150153759
0.90,Legacy-15,p95_queue,165.89375,60.82128643763277,115.04588207045259,216.74161792954743
0.90,Legacy-15,max_queue,183.125,60.89437576656813,132.21602786233007,234.03397213766993
0.90,Legacy-15,mean_wait,38.76300005853078,20.939090506176257,21.2574823198578,56.26851779720376
0.90,Legacy-15,p95_wait,77.81875,29.687274059290605,52.99956778649993,102.63793221350005
0.90,Legacy-15,fraction_at_cap2,0.7584043103734432,0.13114912343209004,0.6487608993583049,0.8680477213885816
0.90,Legacy-15,mean_residual_cb_prbs,4.411428035639073,0.22015119275466277,4.227377032620579,4.595479038657567
0.90,Legacy-15,total_occupied_prb_slots,3641.5,173.1984823424105,3496.70244520353,3786.29755479647
0.90,Legacy-15,rescued_packet_count,611.75,98.34596367634298,529.5307168293531,693.9692831706469
0.90,Legacy-15,eligible_stage_population,0.0,0.0,0.0,0.0
0.90,Legacy-15,rescue_admission_rate,0.0,0.0,0.0,0.0
0.90,Legacy-15,first_scheduled_success_probability,0.5001037350576869,0.010486538233973932,0.4913367697008126,0.5088707004145612
0.90,Legacy-15,rescue_trigger_to_first_tx_mean,0.0,0.0,0.0,0.0
0.90,Legacy-15,runtime_seconds,320.8987950595001,19.67933035794289,304.4464631607216,337.35112695827866
0.90,Legacy-15,peak_rss_kib,902062.0,4740.632386989254,898098.7321437151,906025.2678562849
0.90,Fast-CB,correct_packet_count,1831.25,703.6577394484582,1242.977408301894,2419.522591698106
0.90,Fast-CB,receiver_acceptance_probability,0.7328,0.28137385399906245,0.4975655713161706,0.9680344286838294
0.90,Fast-CB,correct_delivery_probability,0.7325,0.2814630957793833,0.49719096332075763,0.9678090366792425
0.90,Fast-CB,undetected_error_probability,0.00030000000000000003,0.000282842712474619,6.353757490000004e-05,0.0005364624251
0.90,Fast-CB,terminal_failure_probability,0.2672,0.28137385399906245,0.03196557131617056,0.5024344286838294
0.90,Fast-CB,mean_latency,8.363118146731301,4.8614964626574615,4.298805394539706,12.427430898922896
0.90,Fast-CB,median_latency,5.75,2.1213203435596424,3.97653181175,7.52346818825
0.90,Fast-CB,p95_latency,27.63749999999999,16.9910848472284,13.432597590092488,41.84240240990749
0.90,Fast-CB,p99_latency,49.4875,20.64291213536916,32.229593575793885,66.74540642420611
0.90,Fast-CB,max_latency,71.875,37.28438010749274,40.704478187955544,103.04552181204446
0.90,Fast-CB,phy_attempts_per_packet,10.06385,7.279843539723717,3.9777484961257956,16.149951503874206
0.90,Fast-CB,harq_episodes_per_packet,2.77595,1.7090025219407958,1.3471881368977294,4.20471186310227
0.90,Fast-CB,rlc_retransmissions_per_packet,1.7759500000000001,1.7090025219407958,0.34718813689772965,3.2047118631022706
0.90,Fast-CB,final_harq_failure_probability,0.361,0.26993925242543,0.13532513745983082,0.5866748625401692
0.90,Fast-CB,terminal_failure_after_retry_exhaustion,0.2672,0.28137385399906245,0.03196557131617056,0.5024344286838294
0.90,Fast-CB,cb_attempts_per_slot,41.94753963519407,30.2834613179481,16.629932400372226,67.26514687001591
0.90,Fast-CB,cb_overlap_probability,0.8405937372877184,0.06406470159151276,0.7870343064326761,0.8941531681427606
0.90,Fast-CB,cb_occupancy_0_probability,0.0873816753742844,0.030590601684250342,0.06180729236742124,0.11295605838114756
0.90,Fast-CB,cb_occupancy_1_probability,0.1439801955755165,0.05695367930600861,0.09636572812384056,0.19159466302719244
0.90,Fast-CB,cb_occupancy_2_probability,0.164220335941163,0.06451242265787188,0.11028660090768405,0.21815407097464196
0.90,Fast-CB,cb_occupancy_3plus_probability,0.6044177931090361,0.1473408576947304,0.4812377534962553,0.7275978327218169
0.90,Fast-CB,cb_prb_slots,3253.0,150.25597207052084,3127.382863780726,3378.617136219274
0.90,Fast-CB,scheduled_attempts_per_slot,0.0,0.0,0.0,0.0
0.90,Fast-CB,scheduled_attempts_per_packet,0.0,0.0,0.0,0.0
0.90,Fast-CB,scheduled_attempts_per_rescued_packet,0.0,0.0,0.0,0.0
0.90,Fast-CB,scheduled_prb_slots,0.0,0.0,0.0,0.0
0.90,Fast-CB,mean_queue,0.0,0.0,0.0,0.0
0.90,Fast-CB,p95_queue,0.0,0.0,0.0,0.0
0.90,Fast-CB,max_queue,0.0,0.0,0.0,0.0
0.90,Fast-CB,mean_wait,0.0,0.0,0.0,0.0
0.90,Fast-CB,p95_wait,0.0,0.0,0.0,0.0
0.90,Fast-CB,fraction_at_cap2,0.0,0.0,0.0,0.0
0.90,Fast-CB,mean_residual_cb_prbs,6.0,0.0,6.0,6.0
0.90,Fast-CB,total_occupied_prb_slots,3253.0,150.25597207052084,3127.382863780726,3378.617136219274
0.90,Fast-CB,rescued_packet_count,0.0,0.0,0.0,0.0
0.90,Fast-CB,eligible_stage_population,0.0,0.0,0.0,0.0
0.90,Fast-CB,rescue_admission_rate,0.0,0.0,0.0,0.0
0.90,Fast-CB,first_scheduled_success_probability,0.0,0.0,0.0,0.0
0.90,Fast-CB,rescue_trigger_to_first_tx_mean,0.0,0.0,0.0,0.0
0.90,Fast-CB,runtime_seconds,1066.9721454283745,831.4351882875727,371.8749332150784,1762.0693576416706
0.90,Fast-CB,peak_rss_kib,1331880.5,278960.6042800412,1098663.5985698835,1565097.4014301165
0.90,B,correct_packet_count,2499.75,0.4629100498862757,2499.3629975135595,2500.1370024864405
0.90,B,receiver_acceptance_probability,1.0,0.0,1.0,1.0
0.90,B,correct_delivery_probability,0.9999,0.0001851640199544899,0.9997451990054238,1.0000548009945762
0.90,B,undetected_error_probability,0.0001,0.0001851640199545103,-5.4800994576225106e-05,0.0002548009945762251
0.90,B,terminal_failure_probability,0.0,0.0,0.0,0.0
0.90,B,mean_latency,37.05884417767107,10.275847738005336,28.468020483370886,45.64966787197125
0.90,B,median_latency,6.75,0.7071067811865476,6.15884393725,7.34115606275
0.90,B,p95_latency,169.26875000000007,33.10336557662986,141.59364380851855,196.9438561914816
0.90,B,p99_latency,213.39625000000035,48.44550692346459,172.89479266318017,253.89770733682053
0.90,B,max_latency,312.25,62.02706782411323,260.39407360469596,364.10592639530404
0.90,B,phy_attempts_per_packet,3.6384,0.11230041343264437,3.544514504886179,3.7322854951138207
0.90,B,harq_episodes_per_packet,1.2915,0.022667534997373284,1.272549466505173,1.310450533494827
0.90,B,rlc_retransmissions_per_packet,0.2915,0.022667534997373288,0.2725494665051729,0.31045053349482704
0.90,B,final_harq_failure_probability,0.2915,0.022667534997373288,0.2725494665051729,0.31045053349482704
0.90,B,terminal_failure_after_retry_exhaustion,0.0,0.0,0.0,0.0
0.90,B,cb_attempts_per_slot,11.3280169291835,0.33702557447033205,11.046256497872664,11.609777360494336
0.90,B,cb_overlap_probability,0.8830345894762732,0.02426358878279563,0.8627497216251213,0.9033194573274251
0.90,B,cb_occupancy_0_probability,0.21790908338742743,0.025159656551078702,0.1968750841349806,0.23894308263987427
0.90,B,cb_occupancy_1_probability,0.09125176551298056,0.018084439649029952,0.07613279561423181,0.10637073541172931
0.90,B,cb_occupancy_2_probability,0.12017105396739713,0.01713445407146349,0.10584629188654132,0.13449581604825295
0.90,B,cb_occupancy_3plus_probability,0.5706680971321949,0.04289688360512715,0.5348054049745844,0.6065307892898054
0.90,B,cb_prb_slots,2308.875,65.08771554053587,2254.46030808067,2363.28969191933
0.90,B,scheduled_attempts_per_slot,1.5972349200450298,0.08244238848103942,1.5283113584630348,1.6661584816270247
0.90,B,scheduled_attempts_per_packet,0.4502,0.03363943264342353,0.42207673052539463,0.47832326947460535
0.90,B,scheduled_attempts_per_rescued_packet,1.5449752938694756,0.023367152450604473,1.5254398655467567,1.5645107221921946
0.90,B,scheduled_prb_slots,1125.5,84.09858160855883,1055.1918263134867,1195.8081736865133
0.90,B,mean_queue,101.63603179472085,30.924460715311533,75.78253565308547,127.48952793635623
0.90,B,p95_queue,191.475,32.284693409902914,164.48432086768656,218.46567913231343
0.90,B,max_queue,207.25,33.88109460198373,178.92469607212695,235.57530392787305
0.90,B,mean_wait,61.735422523997805,17.009727064059902,47.514934830797515,75.9559102171981
0.90,B,p95_wait,97.4,15.821143177045439,84.17319330320667,110.62680669679334
0.90,B,fraction_at_cap2,0.8861821434933386,0.08733128284903391,0.8131713639370872,0.9591929230495899
0.90,B,mean_residual_cb_prbs,4.198169793805708,0.14894563467213415,4.073648127065605,4.322691460545812
0.90,B,total_occupied_prb_slots,3577.5,61.778405843558545,3525.8519602228016,3629.1480397771984
0.90,B,rescued_packet_count,728.75,56.66883749343322,681.3736662629324,776.1263337370676
0.90,B,eligible_stage_population,0.0,0.0,0.0,0.0
0.90,B,rescue_admission_rate,0.0,0.0,0.0,0.0
0.90,B,first_scheduled_success_probability,0.5128147793542881,0.018463369431213027,0.4973790162298851,0.5282505424786911
0.90,B,rescue_trigger_to_first_tx_mean,0.0,0.0,0.0,0.0
0.90,B,runtime_seconds,334.105187605624,15.61573188454527,321.05010904685673,347.16026616439126
0.90,B,peak_rss_kib,902890.0,5409.844148798163,898367.2571099824,907412.7428900176
0.90,H2,correct_packet_count,2500.0,0.0,2500.0,2500.0
0.90,H2,receiver_acceptance_probability,1.0,0.0,1.0,1.0
0.90,H2,correct_delivery_probability,1.0,0.0,1.0,1.0
0.90,H2,undetected_error_probability,0.0,0.0,0.0,0.0
0.90,H2,terminal_failure_probability,0.0,0.0,0.0,0.0
0.90,H2,mean_latency,91.73225,9.29456934390031,83.96179557290915,99.50270442709083
0.90,H2,median_latency,62.875,15.613066871785861,49.82214944765547,75.92785055234452
0.90,H2,p95_latency,290.41250000000014,22.819051407603574,271.33529561628205,309.4897043837182
0.90,H2,p99_latency,390.6337500000002,24.956097987981085,369.7699299650372,411.4975700349632
0.90,H2,max_latency,564.375,58.321614469128974,515.6169101328092,613.1330898671908
0.90,H2,phy_attempts_per_packet,2.362,0.011414276774536092,2.352457425813608,2.371542574186392
0.90,H2,harq_episodes_per_packet,1.00205,0.00045039665058379174,1.0016734589771745,1.0024265410228257
0.90,H2,rlc_retransmissions_per_packet,0.0020499999999999997,0.00045039665058384124,0.0016734589771743563,0.0024265410228256432
0.90,H2,final_harq_failure_probability,0.0020499999999999997,0.00045039665058384124,0.0016734589771743563,0.0024265410228256432
0.90,H2,terminal_failure_after_retry_exhaustion,0.0,0.0,0.0,0.0
0.90,H2,cb_attempts_per_slot,5.523502905006857,0.02570710692617279,5.502011225787392,5.5449945842263215
0.90,H2,cb_overlap_probability,0.7194794807007293,0.007212153482149228,0.7134499695011595,0.7255089919002992
0.90,H2,cb_occupancy_0_probability,0.35265798429136724,0.006294540679662327,0.34739561659243945,0.35792035199029504
0.90,H2,cb_occupancy_1_probability,0.18160940777004536,0.005637654540541803,0.17689621062641323,0.1863226049136775
0.90,H2,cb_occupancy_2_probability,0.17698286892795703,0.00643638066297907,0.17160192003548255,0.1823638178204315
0.90,H2,cb_occupancy_3plus_probability,0.2887497390106304,0.004935160999262914,0.28462384116466993,0.29287563685659085
0.90,H2,cb_prb_slots,2146.75,13.456278407175907,2135.500269727147,2157.999730272853
0.90,H2,scheduled_attempts_per_slot,1.6352759161419408,0.022812430451030694,1.6162042470164375,1.654347585267444
0.90,H2,scheduled_attempts_per_packet,0.53955,0.007376991256603176,0.5333826809723463,0.5457173190276536
0.90,H2,scheduled_attempts_per_rescued_packet,1.1342208280068296,0.008782463536329145,1.126878504748849,1.1415631512648101
0.90,H2,scheduled_prb_slots,1348.875,18.44247814150799,1333.4567024308658,1364.2932975691342
0.90,H2,mean_queue,243.4820494837127,23.834953993317463,223.555529284213,263.40856968321236
0.90,H2,p95_queue,444.34999999999997,21.780413875117933,426.1411183232121,462.55888167678785
0.90,H2,max_queue,467.125,18.51977707363517,451.6420789064041,482.6079210935959
0.90,H2,mean_wait,143.2420060954986,14.485620255183322,131.13172450241814,155.35228768857905
0.90,H2,p95_wait,224.25,10.673732778581794,215.3265360874578,233.1734639125422
0.90,H2,fraction_at_cap2,0.9880219226497604,0.0034756727743785773,0.9851161874943696,0.9909276578051512
0.90,H2,mean_residual_cb_prbs,4.020466089233441,0.004986710886254397,4.016297094603459,4.024635083863423
0.90,H2,total_occupied_prb_slots,3779.625,13.233480267866046,3768.5615336328633,3790.6884663671367
0.90,H2,rescued_packet_count,1189.25,13.220654835737687,1178.1972559624492,1200.3027440375508
0.90,H2,eligible_stage_population,1189.25,13.220654835737687,1178.1972559624492,1200.3027440375508
0.90,H2,rescue_admission_rate,1.0,0.0,1.0,1.0
0.90,H2,first_scheduled_success_probability,0.8721952943479795,0.008715887975606027,0.8649086296516187,0.8794819590443402
0.90,H2,rescue_trigger_to_first_tx_mean,143.35265660491018,14.60738348733231,131.14057840229341,155.56473480752695
0.90,H2,runtime_seconds,232.32313633399917,12.465421083729373,221.90178351368982,242.74448915430852
0.90,H2,peak_rss_kib,873497.0,2306.9670875106003,871568.3272498135,875425.6727501865
0.90,F2,correct_packet_count,2499.875,0.3535533905932738,2499.579421968625,2500.170578031375
0.90,F2,receiver_acceptance_probability,1.0,0.0,1.0,1.0
0.90,F2,correct_delivery_probability,0.99995,0.00014142135623729392,0.9998317687874501,1.00006823121255
0.90,F2,undetected_error_probability,5e-05,0.0001414213562373095,-6.823121254999998e-05,0.00016823121255
0.90,F2,terminal_failure_probability,0.0,0.0,0.0,0.0
0.90,F2,mean_latency,183.9538518407363,14.937818174580219,171.46552332641738,196.4421803550552
0.90,F2,median_latency,105.8125,19.362957086737996,89.62466277492686,122.00033722507314
0.90,F2,p95_latency,551.5187500000001,26.22309420420967,529.5956946209099,573.4418053790903
0.90,F2,p99_latency,696.6337500000002,32.140556905789346,669.763572000666,723.5039279993343
0.90,F2,max_latency,854.0,57.99014694633169,805.5190239166391,902.4809760833609
0.90,F2,phy_attempts_per_packet,2.47825,0.01861850078359082,2.462684543819441,2.493815456180559
0.90,F2,harq_episodes_per_packet,1.4356,0.00862951745050509,1.4283855428696177,1.4428144571303823
0.90,F2,rlc_retransmissions_per_packet,0.0,0.0,0.0,0.0
0.90,F2,final_harq_failure_probability,0.0,0.0,0.0,0.0
0.90,F2,terminal_failure_after_retry_exhaustion,0.0,0.0,0.0,0.0
0.90,F2,cb_attempts_per_slot,4.2836467161409,0.062288153755071504,4.231572516445027,4.335720915836774
0.90,F2,cb_overlap_probability,0.6562256090785513,0.0067480933895712174,0.6505840618251729,0.6618671563319297
0.90,F2,cb_occupancy_0_probability,0.457198069421208,0.005828339303435644,0.45232545582640055,0.46207068301601545
0.90,F2,cb_occupancy_1_probability,0.18658780273819217,0.003411901009097762,0.183735382112772,0.18944022336361235
0.90,F2,cb_occupancy_2_probability,0.1443304492575242,0.005022666435991828,0.14013139503572034,0.14852950347932806
0.90,F2,cb_occupancy_3plus_probability,0.21188367858307564,0.006327047099363743,0.206594134837197,0.21717322232895428
0.90,F2,cb_prb_slots,2288.75,18.545311305787546,2273.2457317541125,2304.2542682458875
0.90,F2,scheduled_attempts_per_slot,1.6156145119803091,0.02814481352434123,1.5920848590444916,1.6391441649161267
0.90,F2,scheduled_attempts_per_packet,0.6788,0.015419468213917103,0.6659090019759926,0.6916909980240074
0.90,F2,scheduled_attempts_per_rescued_packet,1.5582944563826364,0.015709535790621686,1.5451609557958783,1.5714279569693945
0.90,F2,scheduled_prb_slots,1697.0,38.54867053479276,1664.7725049399814,1729.2274950600186
0.90,F2,mean_queue,362.1562599590793,24.945697846131385,341.30113466028837,383.01138525787024
0.90,F2,p95_queue,639.45,27.426056432315825,616.5212430305348,662.3787569694653
0.90,F2,max_queue,669.5,26.354723079012395,647.4669001277117,691.5330998722883
0.90,F2,mean_wait,212.90392589280037,15.007760512496038,200.3571241206908,225.45072766490995
0.90,F2,p95_wait,322.75,13.729530217745982,311.2718254966945,334.2281745033055
0.90,F2,fraction_at_cap2,0.9918927865498803,0.0019072682725613719,0.9902982703712582,0.9934873027285025
0.90,F2,mean_residual_cb_prbs,4.014784830396179,0.0029854297748469058,4.012288948644977,4.0172807121473815
0.90,F2,total_occupied_prb_slots,4374.0,46.24469081496198,4335.338470974087,4412.661529025913
0.90,F2,rescued_packet_count,1089.0,21.57379362626266,1070.963857174044,1107.036142825956
0.90,F2,eligible_stage_population,1089.0,21.57379362626266,1070.963857174044,1107.036142825956
0.90,F2,rescue_admission_rate,1.0,0.0,1.0,1.0
0.90,F2,first_scheduled_success_probability,0.5011198916935753,0.011694789021176788,0.49134280340027703,0.5108969799868736
0.90,F2,rescue_trigger_to_first_tx_mean,207.09465815080006,15.353907811741054,194.25846999462857,219.93084630697155
0.90,F2,runtime_seconds,236.6294372148741,3.282222913639264,233.88543019030712,239.37344423944106
0.90,F2,peak_rss_kib,871647.5,566.6480389095157,871173.7703843899,872121.2296156101
0.90,H3,correct_packet_count,2500.0,0.0,2500.0,2500.0
0.90,H3,receiver_acceptance_probability,1.0,0.0,1.0,1.0
0.90,H3,correct_delivery_probability,1.0,0.0,1.0,1.0
0.90,H3,undetected_error_probability,0.0,0.0,0.0,0.0
0.90,H3,terminal_failure_probability,0.0,0.0,0.0,0.0
0.90,H3,mean_latency,34.0304,9.481388382962246,26.103760947733782,41.95703905226622
0.90,H3,median_latency,5.0,0.0,5.0,5.0
0.90,H3,p95_latency,107.75625000000002,26.643753455815617,85.48151468577827,130.03098531422177
0.90,H3,p99_latency,201.63750000000027,56.55029537626533,154.3602699529544,248.91473004704613
0.90,H3,max_latency,319.125,67.75467827811913,262.48067143540237,375.76932856459763
0.90,H3,phy_attempts_per_packet,3.0112,0.029045776678497413,2.9869171230178795,3.0354828769821207
0.90,H3,harq_episodes_per_packet,1.0354999999999999,0.0050990195135927775,1.0312371130079068,1.039762886992093
0.90,H3,rlc_retransmissions_per_packet,0.035500000000000004,0.005099019513592785,0.03123711300790694,0.03976288699209307
0.90,H3,final_harq_failure_probability,0.035500000000000004,0.005099019513592785,0.03123711300790694,0.03976288699209307
0.90,H3,terminal_failure_after_retry_exhaustion,0.0,0.0,0.0,0.0
0.90,H3,cb_attempts_per_slot,9.498078307219952,0.1513392658008076,9.371555514778114,9.62460109966179
0.90,H3,cb_overlap_probability,0.857457730017322,0.009216934831746324,0.8497521796666161,0.8651632803680278
0.90,H3,cb_occupancy_0_probability,0.20265300862342997,0.018719456391773054,0.1870031514422959,0.21830286580456404
0.90,H3,cb_occupancy_1_probability,0.11373764462988613,0.00901552273736027,0.10620047900391406,0.12127481025585819
0.90,H3,cb_occupancy_2_probability,0.15549555488555167,0.009138057612330807,0.14785594754050063,0.1631351622306027
0.90,H3,cb_occupancy_3plus_probability,0.5281137918611323,0.011862873491064978,0.5181961814344417,0.5380314022878229
0.90,H3,cb_prb_slots,2196.125,30.02588169277584,2171.0227347207538,2221.2272652792462
0.90,H3,scheduled_attempts_per_slot,1.632201353061235,0.031185641989560742,1.606129503910044,1.6582732022124258
0.90,H3,scheduled_attempts_per_packet,0.4417,0.013421943653158862,0.43047897429983706,0.4529210257001629
0.90,H3,scheduled_attempts_per_rescued_packet,1.1435331760895635,0.018393428660854697,1.1281558849124402,1.1589104672666868
0.90,H3,scheduled_prb_slots,1104.25,33.55485913289715,1076.1974357495926,1132.3025642504074
0.90,H3,mean_queue,103.19181869663991,31.27857680549533,77.04227409499939,129.34136329828044
0.90,H3,p95_queue,188.60625000000002,31.094032931232494,162.61098793816313,214.6015120618369
0.90,H3,max_queue,206.625,32.906523452262256,179.1144579427066,234.1355420572934
0.90,H3,mean_wait,61.12957076658147,18.40621231132832,45.74159219021022,76.51754934295272
0.90,H3,p95_wait,95.92499999999998,15.198472667625898,83.21875887623271,108.63124112376725
0.90,H3,fraction_at_cap2,0.9557528681903218,0.03504295118469744,0.9264562278516104,0.9850495085290332
0.90,H3,mean_residual_cb_prbs,4.073068225293231,0.05522199082023009,4.026901485645048,4.119234964941414
0.90,H3,total_occupied_prb_slots,3500.0,33.03677604471374,3472.380564050348,3527.619435949652
0.90,H3,rescued_packet_count,965.5,16.509737386507048,951.697514137728,979.302485862272
0.90,H3,eligible_stage_population,965.5,16.509737386507048,951.697514137728,979.302485862272
0.90,H3,rescue_admission_rate,1.0,0.0,1.0,1.0
0.90,H3,first_scheduled_success_probability,0.908195553997645,0.011839967865113774,0.8982970931534678,0.9180940148418221
0.90,H3,rescue_trigger_to_first_tx_mean,61.62148717631775,18.526065803428697,46.133308573045326,77.10966577959017
0.90,H3,runtime_seconds,281.78469114362633,4.848316659539674,277.73139698258143,285.83798530467124
0.90,H3,peak_rss_kib,888809.0,3656.8750125131237,885751.7759825205,891866.2240174795
0.90,F3,correct_packet_count,2500.0,0.0,2500.0,2500.0
0.90,F3,receiver_acceptance_probability,1.0,0.0,1.0,1.0
0.90,F3,correct_delivery_probability,1.0,0.0,1.0,1.0
0.90,F3,undetected_error_probability,0.0,0.0,0.0,0.0
0.90,F3,terminal_failure_probability,0.0,0.0,0.0,0.0
0.90,F3,mean_latency,85.81825,15.745758714106385,72.65446629137374,98.98203370862628
0.90,F3,median_latency,5.0,0.0,5.0,5.0
0.90,F3,p95_latency,331.38125,40.87618882063247,297.20790095803164,365.5545990419684
0.90,F3,p99_latency,427.02500000000055,62.53972634596797,374.7404803548816,479.3095196451195
0.90,F3,max_latency,572.25,84.01317923822599,502.0132244818237,642.4867755181763
0.90,F3,phy_attempts_per_packet,3.0711,0.027785093639781527,3.0478710804135254,3.0943289195864745
0.90,F3,harq_episodes_per_packet,1.35325,0.007992675218151743,1.346567956299509,1.3599320437004911
0.90,F3,rlc_retransmissions_per_packet,0.00015000000000000001,0.000297609523657138,-9.880778819124661e-05,0.00039880778819124664
0.90,F3,final_harq_failure_probability,0.00015000000000000001,0.000297609523657138,-9.880778819124661e-05,0.00039880778819124664
0.90,F3,terminal_failure_after_retry_exhaustion,0.0,0.0,0.0,0.0
0.90,F3,cb_attempts_per_slot,7.45439752180628,0.24984233752517854,7.245524100578721,7.663270943033839
0.90,F3,cb_overlap_probability,0.8169894988242914,0.011737837199907885,0.8071764213529449,0.8268025762956379
0.90,F3,cb_occupancy_0_probability,0.32977477069251926,0.020552289566301892,0.3125926266320062,0.3469569147530323
0.90,F3,cb_occupancy_1_probability,0.12258624789225744,0.00737796011148267,0.11641811888165474,0.12875437690286015
0.90,F3,cb_occupancy_2_probability,0.13287879180248582,0.004959359788416216,0.12873266326252017,0.13702492034245148
0.90,F3,cb_occupancy_3plus_probability,0.4147601896127375,0.018166485052082633,0.39957262804053034,0.4299477511849446
0.90,F3,cb_prb_slots,2286.375,15.380298157986777,2273.5167489622436,2299.2332510377564
0.90,F3,scheduled_attempts_per_slot,1.6332072008967513,0.04465443798457012,1.595875156507393,1.6705392452861096
0.90,F3,scheduled_attempts_per_packet,0.5521,0.012761997156737318,0.5414307033778634,0.5627692966221367
0.90,F3,scheduled_attempts_per_rescued_packet,1.563693873483825,0.02128163458833768,1.5459019817259565,1.5814857652416936
0.90,F3,scheduled_prb_slots,1380.25,31.9049928918433,1353.5767584446585,1406.9232415553415
0.90,F3,mean_queue,211.17618946013042,33.59200905334149,183.0925670990025,239.25981182125832
0.90,F3,p95_queue,377.26875,34.26471464411833,348.6227316910264,405.91476830897363
0.90,F3,max_queue,398.75,34.63998515341153,369.7902476940653,427.7097523059347
0.90,F3,mean_wait,124.494733996414,20.26700993792681,107.5510896736775,141.4383783191505
0.90,F3,p95_wait,190.625,17.012075543146235,176.40254892915002,204.84745107084998
0.90,F3,fraction_at_cap2,0.9777457075099144,0.010389952044362825,0.9690594902282752,0.9864319247915536
0.90,F3,mean_residual_cb_prbs,4.037816458064496,0.017142902474832477,4.023484632941671,4.052148283187321
0.90,F3,total_occupied_prb_slots,3945.5,49.72495780361637,3903.9288949594434,3987.0711050405566
0.90,F3,rescued_packet_count,882.75,20.133483127793433,865.9179868841055,899.5820131158945
0.90,F3,eligible_stage_population,882.75,20.133483127793433,865.9179868841055,899.5820131158945
0.90,F3,rescue_admission_rate,1.0,0.0,1.0,1.0
0.90,F3,first_scheduled_success_probability,0.5007070120856696,0.016611915780121476,0.48681910294861885,0.5145949212227203
0.90,F3,rescue_trigger_to_first_tx_mean,122.14384322197742,19.89808952468881,105.50862408304684,138.779062360908
0.90,F3,runtime_seconds,294.09382732524864,9.231665210092562,286.3759620700649,301.8116925804324
0.90,F3,peak_rss_kib,885739.5,2630.6252923157695,883540.2422192071,887938.7577807929
