scheme,latency_slots,packet_delivery_probability,source_stage
Legacy-20,0.0,0.0,V0.5
Legacy-20,1.0,0.0818,V0.5
Legacy-20,2.0,0.08205,V0.5
Legacy-20,3.0,0.27995,V0.5
Legacy-20,4.0,0.2804,V0.5
Legacy-20,5.0,0.5221,V0.5
Legacy-20,6.0,0.52265,V0.5
Legacy-20,7.0,0.72525,V0.5
Legacy-20,8.0,0.72605,V0.5
Legacy-20,9.0,0.72695,V0.5
Legacy-20,10.0,0.72755,V0.5
Legacy-20,11.0,0.72835,V0.5
Legacy-20,12.0,0.7288,V0.5
Legacy-20,13.0,0.72905,V0.5
Legacy-20,14.0,0.72925,V0.5
Legacy-20,15.0,0.7294,V0.5
Legacy-20,16.0,0.72955,V0.5
Legacy-20,17.0,0.7298,V0.5
Legacy-20,18.0,0.7299,V0.5
Legacy-20,19.0,0.73015,V0.5
Legacy-20,20.0,0.7302,V0.5
Legacy-20,21.0,0.73035,V0.5
Legacy-20,22.0,0.73055,V0.5
Legacy-20,23.0,0.732,V0.5
Legacy-20,24.0,0.73395,V0.5
Legacy-20,25.0,0.73615,V0.5
Legacy-20,26.0,0.73885,V0.5
Legacy-20,27.0,0.74205,V0.5
Legacy-20,28.0,0.7451,V0.5
Legacy-20,29.0,0.74875,V0.5
Legacy-20,30.0,0.75335,V0.5
Legacy-20,31.0,0.7583,V0.5
Legacy-20,32.0,0.763,V0.5
Legacy-20,33.0,0.7663,V0.5
Legacy-20,34.0,0.7698,V0.5
Legacy-20,35.0,0.77155,V0.5
Legacy-20,36.0,0.77425,V0.5
Legacy-20,37.0,0.77695,V0.5
Legacy-20,38.0,0.779,V0.5
Legacy-20,39.0,0.78195,V0.5
Legacy-20,40.0,0.78465,V0.5
Legacy-20,41.0,0.7871,V0.5
Legacy-20,42.0,0.78955,V0.5
Legacy-20,43.0,0.79245,V0.5
Legacy-20,44.0,0.79565,V0.5
Legacy-20,45.0,0.79835,V0.5
Legacy-20,46.0,0.80105,V0.5
Legacy-20,47.0,0.80425,V0.5
Legacy-20,48.0,0.8072,V0.5
Legacy-20,49.0,0.81015,V0.5
Legacy-20,50.0,0.81245,V0.5
Legacy-20,51.0,0.81515,V0.5
Legacy-20,52.0,0.81745,V0.5
Legacy-20,53.0,0.8188,V0.5
Legacy-20,54.0,0.8217,V0.5
Legacy-20,55.0,0.8241,V0.5
Legacy-20,56.0,0.8263,V0.5
Legacy-20,57.0,0.8291000000000001,V0.5
Legacy-20,58.0,0.8309,V0.5
Legacy-20,59.0,0.8338,V0.5
Legacy-20,60.0,0.8367,V0.5
Legacy-20,61.0,0.8396,V0.5
Legacy-20,62.0,0.8417,V0.5
Legacy-20,63.0,0.84345,V0.5
Legacy-20,64.0,0.8452500000000001,V0.5
Legacy-20,65.0,0.8468,V0.5
Legacy-20,66.0,0.8483,V0.5
Legacy-20,67.0,0.8501,V0.5
Legacy-20,68.0,0.8517,V0.5
Legacy-20,69.0,0.8532,V0.5
Legacy-20,70.0,0.8543000000000001,V0.5
Legacy-20,71.0,0.85535,V0.5
Legacy-20,72.0,0.8566,V0.5
Legacy-20,73.0,0.8582,V0.5
Legacy-20,74.0,0.8593999999999999,V0.5
Legacy-20,75.0,0.86075,V0.5
Legacy-20,76.0,0.862,V0.5
Legacy-20,77.0,0.8631,V0.5
Legacy-20,78.0,0.8642,V0.5
Legacy-20,79.0,0.8653,V0.5
Legacy-20,80.0,0.86625,V0.5
Legacy-20,81.0,0.86795,V0.5
Legacy-20,82.0,0.869,V0.5
Legacy-20,83.0,0.8702,V0.5
Legacy-20,84.0,0.87135,V0.5
Legacy-20,85.0,0.8722,V0.5
Legacy-20,86.0,0.8734500000000001,V0.5
Legacy-20,87.0,0.8748,V0.5
Legacy-20,88.0,0.87575,V0.5
Legacy-20,89.0,0.8765499999999999,V0.5
Legacy-20,90.0,0.8781,V0.5
Legacy-20,91.0,0.8795,V0.5
Legacy-20,92.0,0.8804,V0.5
Legacy-20,93.0,0.88115,V0.5
Legacy-20,94.0,0.8829,V0.5
Legacy-20,95.0,0.8842,V0.5
Legacy-20,96.0,0.88585,V0.5
Legacy-20,97.0,0.88685,V0.5
Legacy-20,98.0,0.8881,V0.5
Legacy-20,99.0,0.88925,V0.5
Legacy-20,100.0,0.8899,V0.5
Legacy-20,101.0,0.8915,V0.5
Legacy-20,102.0,0.8932,V0.5
Legacy-20,103.0,0.89455,V0.5
Legacy-20,104.0,0.8958,V0.5
Legacy-20,105.0,0.89685,V0.5
Legacy-20,106.0,0.89805,V0.5
Legacy-20,107.0,0.899,V0.5
Legacy-20,108.0,0.89965,V0.5
Legacy-20,109.0,0.90025,V0.5
Legacy-20,110.0,0.9008499999999999,V0.5
Legacy-20,111.0,0.9014,V0.5
Legacy-20,112.0,0.90175,V0.5
Legacy-20,113.0,0.90235,V0.5
Legacy-20,114.0,0.90315,V0.5
Legacy-20,115.0,0.90385,V0.5
Legacy-20,116.0,0.9045,V0.5
Legacy-20,117.0,0.90505,V0.5
Legacy-20,118.0,0.90545,V0.5
Legacy-20,119.0,0.90635,V0.5
Legacy-20,120.0,0.90715,V0.5
Legacy-20,121.0,0.9078,V0.5
Legacy-20,122.0,0.90825,V0.5
Legacy-20,123.0,0.90865,V0.5
Legacy-20,124.0,0.9091,V0.5
Legacy-20,125.0,0.90955,V0.5
Legacy-20,126.0,0.9101,V0.5
Legacy-20,127.0,0.9109,V0.5
Legacy-20,128.0,0.9119,V0.5
Legacy-20,129.0,0.91295,V0.5
Legacy-20,130.0,0.91365,V0.5
Legacy-20,131.0,0.91415,V0.5
Legacy-20,132.0,0.9149,V0.5
Legacy-20,133.0,0.91555,V0.5
Legacy-20,134.0,0.9162,V0.5
Legacy-20,135.0,0.91665,V0.5
Legacy-20,136.0,0.9171,V0.5
Legacy-20,137.0,0.9178499999999999,V0.5
Legacy-20,138.0,0.9187,V0.5
Legacy-20,139.0,0.9191,V0.5
Legacy-20,140.0,0.9196,V0.5
Legacy-20,141.0,0.92045,V0.5
Legacy-20,142.0,0.9215,V0.5
Legacy-20,143.0,0.92205,V0.5
Legacy-20,144.0,0.9229,V0.5
Legacy-20,145.0,0.92405,V0.5
Legacy-20,146.0,0.9253,V0.5
Legacy-20,147.0,0.92645,V0.5
Legacy-20,148.0,0.92755,V0.5
Legacy-20,149.0,0.9282,V0.5
Legacy-20,150.0,0.92875,V0.5
Legacy-20,151.0,0.9295,V0.5
Legacy-20,152.0,0.93045,V0.5
Legacy-20,153.0,0.9312,V0.5
Legacy-20,154.0,0.9317,V0.5
Legacy-20,155.0,0.9324,V0.5
Legacy-20,156.0,0.9332,V0.5
Legacy-20,157.0,0.93375,V0.5
Legacy-20,158.0,0.9343,V0.5
Legacy-20,159.0,0.93475,V0.5
Legacy-20,160.0,0.93555,V0.5
Legacy-20,161.0,0.9363,V0.5
Legacy-20,162.0,0.9368,V0.5
Legacy-20,163.0,0.93725,V0.5
Legacy-20,164.0,0.93755,V0.5
Legacy-20,165.0,0.9384,V0.5
Legacy-20,166.0,0.93905,V0.5
Legacy-20,167.0,0.93965,V0.5
Legacy-20,168.0,0.94015,V0.5
Legacy-20,169.0,0.9408,V0.5
Legacy-20,170.0,0.94125,V0.5
Legacy-20,171.0,0.9422,V0.5
Legacy-20,172.0,0.94285,V0.5
Legacy-20,173.0,0.9432,V0.5
Legacy-20,174.0,0.9438500000000001,V0.5
Legacy-20,175.0,0.9441,V0.5
Legacy-20,176.0,0.9447,V0.5
Legacy-20,177.0,0.94525,V0.5
Legacy-20,178.0,0.9456,V0.5
Legacy-20,179.0,0.94595,V0.5
Legacy-20,180.0,0.9465,V0.5
Legacy-20,181.0,0.9470500000000001,V0.5
Legacy-20,182.0,0.94775,V0.5
Legacy-20,183.0,0.94825,V0.5
Legacy-20,184.0,0.9487,V0.5
Legacy-20,185.0,0.94925,V0.5
Legacy-20,186.0,0.9498,V0.5
Legacy-20,187.0,0.95015,V0.5
Legacy-20,188.0,0.95055,V0.5
Legacy-20,189.0,0.95095,V0.5
Legacy-20,190.0,0.9512,V0.5
Legacy-20,191.0,0.95155,V0.5
Legacy-20,192.0,0.95185,V0.5
Legacy-20,193.0,0.9522,V0.5
Legacy-20,194.0,0.95285,V0.5
Legacy-20,195.0,0.9531,V0.5
Legacy-20,196.0,0.95355,V0.5
Legacy-20,197.0,0.9541,V0.5
Legacy-20,198.0,0.95435,V0.5
Legacy-20,199.0,0.95465,V0.5
Legacy-20,200.0,0.95495,V0.5
Legacy-20,201.0,0.9553,V0.5
Legacy-20,202.0,0.9556,V0.5
Legacy-20,203.0,0.956,V0.5
Legacy-20,204.0,0.9565,V0.5
Legacy-20,205.0,0.9570000000000001,V0.5
Legacy-20,206.0,0.95755,V0.5
Legacy-20,207.0,0.9579,V0.5
Legacy-20,208.0,0.9585,V0.5
Legacy-20,209.0,0.9592,V0.5
Legacy-20,210.0,0.95955,V0.5
Legacy-20,211.0,0.9599,V0.5
Legacy-20,212.0,0.9603,V0.5
Legacy-20,213.0,0.96075,V0.5
Legacy-20,214.0,0.9609,V0.5
Legacy-20,215.0,0.9611500000000001,V0.5
Legacy-20,216.0,0.9614,V0.5
Legacy-20,217.0,0.9616,V0.5
Legacy-20,218.0,0.96205,V0.5
Legacy-20,219.0,0.9623,V0.5
Legacy-20,220.0,0.96295,V0.5
Legacy-20,221.0,0.9632,V0.5
Legacy-20,222.0,0.9636,V0.5
Legacy-20,223.0,0.9641,V0.5
Legacy-20,224.0,0.9643,V0.5
Legacy-20,225.0,0.96465,V0.5
Legacy-20,226.0,0.965,V0.5
Legacy-20,227.0,0.96545,V0.5
Legacy-20,228.0,0.9656,V0.5
Legacy-20,229.0,0.966,V0.5
Legacy-20,230.0,0.9665,V0.5
Legacy-20,231.0,0.96685,V0.5
Legacy-20,232.0,0.96715,V0.5
Legacy-20,233.0,0.9674,V0.5
Legacy-20,234.0,0.9677,V0.5
Legacy-20,235.0,0.96775,V0.5
Legacy-20,236.0,0.96795,V0.5
Legacy-20,237.0,0.96825,V0.5
Legacy-20,238.0,0.96855,V0.5
Legacy-20,239.0,0.96875,V0.5
Legacy-20,240.0,0.96905,V0.5
Legacy-20,241.0,0.9694,V0.5
Legacy-20,242.0,0.96985,V0.5
Legacy-20,243.0,0.9702000000000001,V0.5
Legacy-20,244.0,0.97065,V0.5
Legacy-20,245.0,0.97075,V0.5
Legacy-20,246.0,0.9711,V0.5
Legacy-20,247.0,0.97125,V0.5
Legacy-20,248.0,0.9715,V0.5
Legacy-20,249.0,0.97185,V0.5
Legacy-20,250.0,0.9721,V0.5
Legacy-20,251.0,0.9722,V0.5
Legacy-20,252.0,0.97235,V0.5
Legacy-20,253.0,0.97245,V0.5
Legacy-20,254.0,0.97255,V0.5
Legacy-20,255.0,0.9727,V0.5
Legacy-20,256.0,0.97295,V0.5
Legacy-20,257.0,0.9731,V0.5
Legacy-20,258.0,0.9734,V0.5
Legacy-20,259.0,0.9738,V0.5
Legacy-20,260.0,0.97425,V0.5
Legacy-20,261.0,0.97465,V0.5
Legacy-20,262.0,0.97515,V0.5
Legacy-20,263.0,0.9756,V0.5
Legacy-20,264.0,0.976,V0.5
Legacy-20,265.0,0.9766,V0.5
Legacy-20,266.0,0.977,V0.5
Legacy-20,267.0,0.9776,V0.5
Legacy-20,268.0,0.97775,V0.5
Legacy-20,269.0,0.9781,V0.5
Legacy-20,270.0,0.97845,V0.5
Legacy-20,271.0,0.97875,V0.5
Legacy-20,272.0,0.979,V0.5
Legacy-20,273.0,0.9794,V0.5
Legacy-20,274.0,0.9795,V0.5
Legacy-20,275.0,0.97975,V0.5
Legacy-20,276.0,0.98015,V0.5
Legacy-20,277.0,0.98045,V0.5
Legacy-20,278.0,0.9808,V0.5
Legacy-20,279.0,0.98125,V0.5
Legacy-20,280.0,0.98155,V0.5
Legacy-20,281.0,0.98165,V0.5
Legacy-20,282.0,0.98185,V0.5
Legacy-20,283.0,0.98205,V0.5
Legacy-20,284.0,0.9823,V0.5
Legacy-20,285.0,0.9823999999999999,V0.5
Legacy-20,286.0,0.98245,V0.5
Legacy-20,287.0,0.9824999999999999,V0.5
Legacy-20,288.0,0.9828,V0.5
Legacy-20,289.0,0.9829,V0.5
Legacy-20,290.0,0.98305,V0.5
Legacy-20,291.0,0.9832,V0.5
Legacy-20,292.0,0.98365,V0.5
Legacy-20,293.0,0.9837,V0.5
Legacy-20,294.0,0.9839,V0.5
Legacy-20,295.0,0.9841,V0.5
Legacy-20,296.0,0.98425,V0.5
Legacy-20,297.0,0.9843,V0.5
Legacy-20,298.0,0.98435,V0.5
Legacy-20,299.0,0.9845,V0.5
Legacy-20,300.0,0.98485,V0.5
Legacy-20,301.0,0.98485,V0.5
Legacy-20,302.0,0.98485,V0.5
Legacy-20,303.0,0.98485,V0.5
Legacy-20,304.0,0.98495,V0.5
Legacy-20,305.0,0.98495,V0.5
Legacy-20,306.0,0.98505,V0.5
Legacy-20,307.0,0.9853,V0.5
Legacy-20,308.0,0.9855,V0.5
Legacy-20,309.0,0.98555,V0.5
Legacy-20,310.0,0.9857,V0.5
Legacy-20,311.0,0.9858,V0.5
Legacy-20,312.0,0.9858,V0.5
Legacy-20,313.0,0.98605,V0.5
Legacy-20,314.0,0.9862,V0.5
Legacy-20,315.0,0.9863,V0.5
Legacy-20,316.0,0.9863500000000001,V0.5
Legacy-20,317.0,0.9865,V0.5
Legacy-20,318.0,0.9866,V0.5
Legacy-20,319.0,0.98675,V0.5
Legacy-20,320.0,0.9869,V0.5
Legacy-20,321.0,0.987,V0.5
Legacy-20,322.0,0.98705,V0.5
Legacy-20,323.0,0.98725,V0.5
Legacy-20,324.0,0.98735,V0.5
Legacy-20,325.0,0.98745,V0.5
Legacy-20,326.0,0.9875,V0.5
Legacy-20,327.0,0.98775,V0.5
Legacy-20,328.0,0.98785,V0.5
Legacy-20,329.0,0.98795,V0.5
Legacy-20,330.0,0.988,V0.5
Legacy-20,331.0,0.9881,V0.5
Legacy-20,332.0,0.9883,V0.5
Legacy-20,333.0,0.9885,V0.5
Legacy-20,334.0,0.9887,V0.5
Legacy-20,335.0,0.98885,V0.5
Legacy-20,336.0,0.98885,V0.5
Legacy-20,337.0,0.98895,V0.5
Legacy-20,338.0,0.98905,V0.5
Legacy-20,339.0,0.9892,V0.5
Legacy-20,340.0,0.98925,V0.5
Legacy-20,341.0,0.98925,V0.5
Legacy-20,342.0,0.9897,V0.5
Legacy-20,343.0,0.9898,V0.5
Legacy-20,344.0,0.9898,V0.5
Legacy-20,345.0,0.98985,V0.5
Legacy-20,346.0,0.98995,V0.5
Legacy-20,347.0,0.9901,V0.5
Legacy-20,348.0,0.9901,V0.5
Legacy-20,349.0,0.99035,V0.5
Legacy-20,350.0,0.99045,V0.5
Legacy-20,351.0,0.99055,V0.5
Legacy-20,352.0,0.9907,V0.5
Legacy-20,353.0,0.9908,V0.5
Legacy-20,354.0,0.99105,V0.5
Legacy-20,355.0,0.99115,V0.5
Legacy-20,356.0,0.9913000000000001,V0.5
Legacy-20,357.0,0.99135,V0.5
Legacy-20,358.0,0.99155,V0.5
Legacy-20,359.0,0.99175,V0.5
Legacy-20,360.0,0.9918,V0.5
Legacy-20,361.0,0.99185,V0.5
Legacy-20,362.0,0.99195,V0.5
Legacy-20,363.0,0.9921,V0.5
Legacy-20,364.0,0.99225,V0.5
Legacy-20,365.0,0.99225,V0.5
Legacy-20,366.0,0.99235,V0.5
Legacy-20,367.0,0.9925,V0.5
Legacy-20,368.0,0.99255,V0.5
Legacy-20,369.0,0.9927,V0.5
Legacy-20,370.0,0.9927,V0.5
Legacy-20,371.0,0.99275,V0.5
Legacy-20,372.0,0.9928,V0.5
Legacy-20,373.0,0.9929,V0.5
Legacy-20,374.0,0.9931,V0.5
Legacy-20,375.0,0.99325,V0.5
Legacy-20,376.0,0.9934499999999999,V0.5
Legacy-20,377.0,0.9935,V0.5
Legacy-20,378.0,0.9935,V0.5
Legacy-20,379.0,0.9936,V0.5
Legacy-20,380.0,0.99365,V0.5
Legacy-20,381.0,0.9937,V0.5
Legacy-20,382.0,0.994,V0.5
Legacy-20,383.0,0.9942,V0.5
Legacy-20,384.0,0.99425,V0.5
Legacy-20,385.0,0.99425,V0.5
Legacy-20,386.0,0.9944500000000001,V0.5
Legacy-20,387.0,0.99455,V0.5
Legacy-20,388.0,0.99475,V0.5
Legacy-20,389.0,0.99485,V0.5
Legacy-20,390.0,0.995,V0.5
Legacy-20,391.0,0.99505,V0.5
Legacy-20,392.0,0.99505,V0.5
Legacy-20,393.0,0.99515,V0.5
Legacy-20,394.0,0.9952,V0.5
Legacy-20,395.0,0.9952,V0.5
Legacy-20,396.0,0.99535,V0.5
Legacy-20,397.0,0.99535,V0.5
Legacy-20,398.0,0.99555,V0.5
Legacy-20,399.0,0.9957,V0.5
Legacy-20,400.0,0.9958,V0.5
Legacy-20,401.0,0.99585,V0.5
Legacy-20,402.0,0.99585,V0.5
Legacy-20,403.0,0.99585,V0.5
Legacy-20,404.0,0.99585,V0.5
Legacy-20,405.0,0.99585,V0.5
Legacy-20,406.0,0.99585,V0.5
Legacy-20,407.0,0.99585,V0.5
Legacy-20,408.0,0.996,V0.5
Legacy-20,409.0,0.996,V0.5
Legacy-20,410.0,0.99605,V0.5
Legacy-20,411.0,0.9961,V0.5
Legacy-20,412.0,0.9962,V0.5
Legacy-20,413.0,0.9962,V0.5
Legacy-20,414.0,0.9962500000000001,V0.5
Legacy-20,415.0,0.9963,V0.5
Legacy-20,416.0,0.9964000000000001,V0.5
Legacy-20,417.0,0.9964000000000001,V0.5
Legacy-20,418.0,0.9964000000000001,V0.5
Legacy-20,419.0,0.9964500000000001,V0.5
Legacy-20,420.0,0.9965,V0.5
Legacy-20,421.0,0.99655,V0.5
Legacy-20,422.0,0.99665,V0.5
Legacy-20,423.0,0.99665,V0.5
Legacy-20,424.0,0.99665,V0.5
Legacy-20,425.0,0.9967,V0.5
Legacy-20,426.0,0.9967,V0.5
Legacy-20,427.0,0.99685,V0.5
Legacy-20,428.0,0.99685,V0.5
Legacy-20,429.0,0.9969,V0.5
Legacy-20,430.0,0.997,V0.5
Legacy-20,431.0,0.997,V0.5
Legacy-20,432.0,0.99705,V0.5
Legacy-20,433.0,0.99705,V0.5
Legacy-20,434.0,0.99705,V0.5
Legacy-20,435.0,0.9971,V0.5
Legacy-20,436.0,0.99715,V0.5
Legacy-20,437.0,0.99725,V0.5
Legacy-20,438.0,0.9973,V0.5
Legacy-20,439.0,0.99735,V0.5
Legacy-20,440.0,0.9974000000000001,V0.5
Legacy-20,441.0,0.99745,V0.5
Legacy-20,442.0,0.99745,V0.5
Legacy-20,443.0,0.99745,V0.5
Legacy-20,444.0,0.99745,V0.5
Legacy-20,445.0,0.9975,V0.5
Legacy-20,446.0,0.99755,V0.5
Legacy-20,447.0,0.99755,V0.5
Legacy-20,448.0,0.99755,V0.5
Legacy-20,449.0,0.99755,V0.5
Legacy-20,450.0,0.99755,V0.5
Legacy-20,451.0,0.9976,V0.5
Legacy-20,452.0,0.9976,V0.5
Legacy-20,453.0,0.9976,V0.5
Legacy-20,454.0,0.9976,V0.5
Legacy-20,455.0,0.9976,V0.5
Legacy-20,456.0,0.9976,V0.5
Legacy-20,457.0,0.9976,V0.5
Legacy-20,458.0,0.99765,V0.5
Legacy-20,459.0,0.9977,V0.5
Legacy-20,460.0,0.9978,V0.5
Legacy-20,461.0,0.9978,V0.5
Legacy-20,462.0,0.9978,V0.5
Legacy-20,463.0,0.9978,V0.5
Legacy-20,464.0,0.99785,V0.5
Legacy-20,465.0,0.99785,V0.5
Legacy-20,466.0,0.99795,V0.5
Legacy-20,467.0,0.99795,V0.5
Legacy-20,468.0,0.99795,V0.5
Legacy-20,469.0,0.99805,V0.5
Legacy-20,470.0,0.99805,V0.5
Legacy-20,471.0,0.99805,V0.5
Legacy-20,472.0,0.99805,V0.5
Legacy-20,473.0,0.99805,V0.5
Legacy-20,474.0,0.9981,V0.5
Legacy-20,475.0,0.9981,V0.5
Legacy-20,476.0,0.9981,V0.5
Legacy-20,477.0,0.9981,V0.5
Legacy-20,478.0,0.9981,V0.5
Legacy-20,479.0,0.9981,V0.5
Legacy-20,480.0,0.99815,V0.5
Legacy-20,481.0,0.9982,V0.5
Legacy-20,482.0,0.9982,V0.5
Legacy-20,483.0,0.9982,V0.5
Legacy-20,484.0,0.9983,V0.5
Legacy-20,485.0,0.9983,V0.5
Legacy-20,486.0,0.9983,V0.5
Legacy-20,487.0,0.9983500000000001,V0.5
Legacy-20,488.0,0.9983500000000001,V0.5
Legacy-20,489.0,0.9984500000000001,V0.5
Legacy-20,490.0,0.9984500000000001,V0.5
Legacy-20,491.0,0.99855,V0.5
Legacy-20,492.0,0.99855,V0.5
Legacy-20,493.0,0.99855,V0.5
Legacy-20,494.0,0.99855,V0.5
Legacy-20,495.0,0.99855,V0.5
Legacy-20,496.0,0.99855,V0.5
Legacy-20,497.0,0.99855,V0.5
Legacy-20,498.0,0.9986,V0.5
Legacy-20,499.0,0.9986,V0.5
Legacy-20,500.0,0.9986,V0.5
Legacy-20,501.0,0.9986,V0.5
Legacy-20,502.0,0.9986,V0.5
Legacy-20,503.0,0.9986,V0.5
Legacy-20,504.0,0.9986,V0.5
Legacy-20,505.0,0.9986,V0.5
Legacy-20,506.0,0.9986,V0.5
Legacy-20,507.0,0.9986,V0.5
Legacy-20,508.0,0.9986,V0.5
Legacy-20,509.0,0.9986,V0.5
Legacy-20,510.0,0.9986,V0.5
Legacy-20,511.0,0.9986,V0.5
Legacy-20,512.0,0.9986,V0.5
Legacy-20,513.0,0.9986,V0.5
Legacy-20,514.0,0.9986,V0.5
Legacy-20,515.0,0.9986,V0.5
Legacy-20,516.0,0.9986,V0.5
Legacy-20,517.0,0.9986,V0.5
Legacy-20,518.0,0.9986,V0.5
Legacy-20,519.0,0.9986,V0.5
Legacy-20,520.0,0.99865,V0.5
Legacy-20,521.0,0.99865,V0.5
Legacy-20,522.0,0.99865,V0.5
Legacy-20,523.0,0.99865,V0.5
Legacy-20,524.0,0.99865,V0.5
Legacy-20,525.0,0.9987,V0.5
Legacy-20,526.0,0.9987,V0.5
Legacy-20,527.0,0.9987,V0.5
Legacy-20,528.0,0.9987,V0.5
Legacy-20,529.0,0.9987,V0.5
Legacy-20,530.0,0.99875,V0.5
Legacy-20,531.0,0.99875,V0.5
Legacy-20,532.0,0.99875,V0.5
Legacy-20,533.0,0.99875,V0.5
Legacy-20,534.0,0.99875,V0.5
Legacy-20,535.0,0.99875,V0.5
Legacy-20,536.0,0.9988,V0.5
Legacy-20,537.0,0.9988,V0.5
Legacy-20,538.0,0.9988,V0.5
Legacy-20,539.0,0.99885,V0.5
Legacy-20,540.0,0.99885,V0.5
Legacy-20,541.0,0.9989,V0.5
Legacy-20,542.0,0.9989,V0.5
Legacy-20,543.0,0.9989,V0.5
Legacy-20,544.0,0.9989,V0.5
Legacy-20,545.0,0.9989,V0.5
Legacy-20,546.0,0.9989,V0.5
Legacy-20,547.0,0.99895,V0.5
Legacy-20,548.0,0.99895,V0.5
Legacy-20,549.0,0.99895,V0.5
Legacy-20,550.0,0.99895,V0.5
Legacy-20,551.0,0.99895,V0.5
Legacy-20,552.0,0.999,V0.5
Legacy-20,553.0,0.999,V0.5
Legacy-20,554.0,0.999,V0.5
Legacy-20,555.0,0.99905,V0.5
Legacy-20,556.0,0.99905,V0.5
Legacy-20,557.0,0.99905,V0.5
Legacy-20,558.0,0.99905,V0.5
Legacy-20,559.0,0.99905,V0.5
Legacy-20,560.0,0.99905,V0.5
Legacy-20,561.0,0.99905,V0.5
Legacy-20,562.0,0.99905,V0.5
Legacy-20,563.0,0.99905,V0.5
Legacy-20,564.0,0.99905,V0.5
Legacy-20,565.0,0.99915,V0.5
Legacy-20,566.0,0.99915,V0.5
Legacy-20,567.0,0.9992,V0.5
Legacy-20,568.0,0.9992,V0.5
Legacy-20,569.0,0.9992,V0.5
Legacy-20,570.0,0.99925,V0.5
Legacy-20,571.0,0.99925,V0.5
Legacy-20,572.0,0.99925,V0.5
Legacy-20,573.0,0.9993,V0.5
Legacy-20,574.0,0.99935,V0.5
Legacy-20,575.0,0.99935,V0.5
Legacy-20,576.0,0.99935,V0.5
Legacy-20,577.0,0.99935,V0.5
Legacy-20,578.0,0.99935,V0.5
Legacy-20,579.0,0.99935,V0.5
Legacy-20,580.0,0.99935,V0.5
Legacy-20,581.0,0.99935,V0.5
Legacy-20,582.0,0.99935,V0.5
Legacy-20,583.0,0.99935,V0.5
Legacy-20,584.0,0.99935,V0.5
Legacy-20,585.0,0.99935,V0.5
Legacy-20,586.0,0.9994000000000001,V0.5
Legacy-20,587.0,0.9994000000000001,V0.5
Legacy-20,588.0,0.9994000000000001,V0.5
Legacy-20,589.0,0.9994000000000001,V0.5
Legacy-20,590.0,0.9994000000000001,V0.5
Legacy-20,591.0,0.9994000000000001,V0.5
Legacy-20,592.0,0.9994000000000001,V0.5
Legacy-20,593.0,0.9994000000000001,V0.5
Legacy-20,594.0,0.9994000000000001,V0.5
Legacy-20,595.0,0.9994000000000001,V0.5
Legacy-20,596.0,0.9994000000000001,V0.5
Legacy-20,597.0,0.9994000000000001,V0.5
Legacy-20,598.0,0.9994000000000001,V0.5
Legacy-20,599.0,0.9994000000000001,V0.5
Legacy-20,600.0,0.9994000000000001,V0.5
Legacy-20,601.0,0.9994000000000001,V0.5
Legacy-20,602.0,0.9994000000000001,V0.5
Legacy-20,603.0,0.9994000000000001,V0.5
Legacy-20,604.0,0.9994000000000001,V0.5
Legacy-20,605.0,0.9994000000000001,V0.5
Legacy-20,606.0,0.99945,V0.5
Legacy-20,607.0,0.99945,V0.5
Legacy-20,608.0,0.99945,V0.5
Legacy-20,609.0,0.99945,V0.5
Legacy-20,610.0,0.99945,V0.5
Legacy-20,611.0,0.99945,V0.5
Legacy-20,612.0,0.99945,V0.5
Legacy-20,613.0,0.99945,V0.5
Legacy-20,614.0,0.99945,V0.5
Legacy-20,615.0,0.99945,V0.5
Legacy-20,616.0,0.99945,V0.5
Legacy-20,617.0,0.99945,V0.5
Legacy-20,618.0,0.99945,V0.5
Legacy-20,619.0,0.99945,V0.5
Legacy-20,620.0,0.99945,V0.5
Legacy-20,621.0,0.99945,V0.5
Legacy-20,622.0,0.99945,V0.5
Legacy-20,623.0,0.99945,V0.5
Legacy-20,624.0,0.99945,V0.5
Legacy-20,625.0,0.9995,V0.5
Legacy-20,626.0,0.9995,V0.5
Legacy-20,627.0,0.9995,V0.5
Legacy-20,628.0,0.9995,V0.5
Legacy-20,629.0,0.9995,V0.5
Legacy-20,630.0,0.9995,V0.5
Legacy-20,631.0,0.9995,V0.5
Legacy-20,632.0,0.9995,V0.5
Legacy-20,633.0,0.9995,V0.5
Legacy-20,634.0,0.9995,V0.5
Legacy-20,635.0,0.9995,V0.5
Legacy-20,636.0,0.9995,V0.5
Legacy-20,637.0,0.9996,V0.5
B,0.0,0.0,V0.6
B,1.0,0.06525,V0.6
B,2.0,0.06545,V0.6
B,3.0,0.2316,V0.6
B,4.0,0.23215,V0.6
B,5.0,0.46125000000000005,V0.6
B,6.0,0.46175,V0.6
B,7.0,0.6728999999999999,V0.6
B,8.0,0.6736499999999999,V0.6
B,9.0,0.67695,V0.6
B,10.0,0.6786500000000001,V0.6
B,11.0,0.6815,V0.6
B,12.0,0.68295,V0.6
B,13.0,0.6839999999999999,V0.6
B,14.0,0.68475,V0.6
B,15.0,0.68565,V0.6
B,16.0,0.68655,V0.6
B,17.0,0.6876,V0.6
B,18.0,0.6889,V0.6
B,19.0,0.69,V0.6
B,20.0,0.69095,V0.6
B,21.0,0.6928,V0.6
B,22.0,0.6949000000000001,V0.6
B,23.0,0.69685,V0.6
B,24.0,0.69875,V0.6
B,25.0,0.7005999999999999,V0.6
B,26.0,0.7027000000000001,V0.6
B,27.0,0.7040500000000001,V0.6
B,28.0,0.7062999999999999,V0.6
B,29.0,0.7072499999999999,V0.6
B,30.0,0.7082999999999999,V0.6
B,31.0,0.7092,V0.6
B,32.0,0.7104999999999999,V0.6
B,33.0,0.7121999999999999,V0.6
B,34.0,0.7132499999999999,V0.6
B,35.0,0.7142999999999999,V0.6
B,36.0,0.7163000000000002,V0.6
B,37.0,0.7180000000000002,V0.6
B,38.0,0.7195,V0.6
B,39.0,0.72195,V0.6
B,40.0,0.7241500000000001,V0.6
B,41.0,0.72575,V0.6
B,42.0,0.7273499999999999,V0.6
B,43.0,0.7289999999999999,V0.6
B,44.0,0.73055,V0.6
B,45.0,0.7322000000000001,V0.6
B,46.0,0.73385,V0.6
B,47.0,0.7352,V0.6
B,48.0,0.7366999999999999,V0.6
B,49.0,0.73805,V0.6
B,50.0,0.7400500000000001,V0.6
B,51.0,0.74175,V0.6
B,52.0,0.74325,V0.6
B,53.0,0.7452500000000001,V0.6
B,54.0,0.7475999999999999,V0.6
B,55.0,0.74935,V0.6
B,56.0,0.7517,V0.6
B,57.0,0.7533500000000001,V0.6
B,58.0,0.75455,V0.6
B,59.0,0.75605,V0.6
B,60.0,0.7575,V0.6
B,61.0,0.7597999999999999,V0.6
B,62.0,0.762,V0.6
B,63.0,0.76435,V0.6
B,64.0,0.7665000000000001,V0.6
B,65.0,0.7689000000000001,V0.6
B,66.0,0.7708,V0.6
B,67.0,0.7726000000000001,V0.6
B,68.0,0.7743000000000001,V0.6
B,69.0,0.7765,V0.6
B,70.0,0.7786500000000001,V0.6
B,71.0,0.7809,V0.6
B,72.0,0.7834,V0.6
B,73.0,0.7865,V0.6
B,74.0,0.7902,V0.6
B,75.0,0.79395,V0.6
B,76.0,0.79715,V0.6
B,77.0,0.8006,V0.6
B,78.0,0.8032999999999999,V0.6
B,79.0,0.8065999999999999,V0.6
B,80.0,0.8094,V0.6
B,81.0,0.812,V0.6
B,82.0,0.81535,V0.6
B,83.0,0.8188499999999999,V0.6
B,84.0,0.8222,V0.6
B,85.0,0.8251000000000001,V0.6
B,86.0,0.8284,V0.6
B,87.0,0.8312,V0.6
B,88.0,0.8336000000000001,V0.6
B,89.0,0.83605,V0.6
B,90.0,0.8389,V0.6
B,91.0,0.8412499999999999,V0.6
B,92.0,0.84295,V0.6
B,93.0,0.8443499999999999,V0.6
B,94.0,0.846,V0.6
B,95.0,0.8475999999999999,V0.6
B,96.0,0.8494499999999999,V0.6
B,97.0,0.8505,V0.6
B,98.0,0.8515,V0.6
B,99.0,0.85285,V0.6
B,100.0,0.85435,V0.6
B,101.0,0.8557,V0.6
B,102.0,0.85695,V0.6
B,103.0,0.859,V0.6
B,104.0,0.86065,V0.6
B,105.0,0.8618499999999999,V0.6
B,106.0,0.8629500000000001,V0.6
B,107.0,0.8641000000000001,V0.6
B,108.0,0.8650999999999999,V0.6
B,109.0,0.8664000000000001,V0.6
B,110.0,0.8678499999999999,V0.6
B,111.0,0.8690000000000001,V0.6
B,112.0,0.8703500000000001,V0.6
B,113.0,0.8722500000000001,V0.6
B,114.0,0.8740999999999999,V0.6
B,115.0,0.87565,V0.6
B,116.0,0.8770499999999999,V0.6
B,117.0,0.8784500000000001,V0.6
B,118.0,0.88025,V0.6
B,119.0,0.8817499999999999,V0.6
B,120.0,0.8833500000000001,V0.6
B,121.0,0.88475,V0.6
B,122.0,0.886,V0.6
B,123.0,0.8869499999999999,V0.6
B,124.0,0.8887499999999999,V0.6
B,125.0,0.8905999999999998,V0.6
B,126.0,0.892,V0.6
B,127.0,0.89335,V0.6
B,128.0,0.89515,V0.6
B,129.0,0.897,V0.6
B,130.0,0.8981999999999999,V0.6
B,131.0,0.8995,V0.6
B,132.0,0.9007999999999999,V0.6
B,133.0,0.9024,V0.6
B,134.0,0.90415,V0.6
B,135.0,0.90535,V0.6
B,136.0,0.9064,V0.6
B,137.0,0.90735,V0.6
B,138.0,0.90855,V0.6
B,139.0,0.9097999999999999,V0.6
B,140.0,0.9111,V0.6
B,141.0,0.9122999999999999,V0.6
B,142.0,0.9134499999999999,V0.6
B,143.0,0.91465,V0.6
B,144.0,0.9156500000000001,V0.6
B,145.0,0.9170499999999999,V0.6
B,146.0,0.9182500000000001,V0.6
B,147.0,0.9197000000000001,V0.6
B,148.0,0.9210499999999999,V0.6
B,149.0,0.92245,V0.6
B,150.0,0.9238500000000001,V0.6
B,151.0,0.92535,V0.6
B,152.0,0.9272999999999999,V0.6
B,153.0,0.9289000000000001,V0.6
B,154.0,0.9301999999999999,V0.6
B,155.0,0.9317,V0.6
B,156.0,0.933,V0.6
B,157.0,0.9345,V0.6
B,158.0,0.93595,V0.6
B,159.0,0.9377,V0.6
B,160.0,0.9394000000000001,V0.6
B,161.0,0.941,V0.6
B,162.0,0.9424,V0.6
B,163.0,0.9436,V0.6
B,164.0,0.94475,V0.6
B,165.0,0.9461499999999998,V0.6
B,166.0,0.9473499999999999,V0.6
B,167.0,0.94895,V0.6
B,168.0,0.9507,V0.6
B,169.0,0.9522499999999999,V0.6
B,170.0,0.95505,V0.6
B,171.0,0.9569,V0.6
B,172.0,0.9581000000000001,V0.6
B,173.0,0.9588500000000001,V0.6
B,174.0,0.9601000000000001,V0.6
B,175.0,0.9610000000000001,V0.6
B,176.0,0.96145,V0.6
B,177.0,0.9622499999999999,V0.6
B,178.0,0.96305,V0.6
B,179.0,0.9637,V0.6
B,180.0,0.9642000000000001,V0.6
B,181.0,0.9649000000000001,V0.6
B,182.0,0.96565,V0.6
B,183.0,0.9665,V0.6
B,184.0,0.9668999999999999,V0.6
B,185.0,0.96765,V0.6
B,186.0,0.9686,V0.6
B,187.0,0.9694,V0.6
B,188.0,0.97035,V0.6
B,189.0,0.97115,V0.6
B,190.0,0.9715999999999999,V0.6
B,191.0,0.9720999999999999,V0.6
B,192.0,0.9727499999999999,V0.6
B,193.0,0.9733999999999999,V0.6
B,194.0,0.9737499999999999,V0.6
B,195.0,0.9743999999999999,V0.6
B,196.0,0.9748,V0.6
B,197.0,0.9754499999999999,V0.6
B,198.0,0.97595,V0.6
B,199.0,0.9764499999999999,V0.6
B,200.0,0.9768,V0.6
B,201.0,0.9773,V0.6
B,202.0,0.9776500000000001,V0.6
B,203.0,0.9782500000000001,V0.6
B,204.0,0.9788000000000001,V0.6
B,205.0,0.97925,V0.6
B,206.0,0.9796,V0.6
B,207.0,0.9798,V0.6
B,208.0,0.9803,V0.6
B,209.0,0.98075,V0.6
B,210.0,0.98105,V0.6
B,211.0,0.9812000000000001,V0.6
B,212.0,0.9817,V0.6
B,213.0,0.9822500000000001,V0.6
B,214.0,0.98255,V0.6
B,215.0,0.9829,V0.6
B,216.0,0.9831500000000001,V0.6
B,217.0,0.9835,V0.6
B,218.0,0.9839,V0.6
B,219.0,0.98425,V0.6
B,220.0,0.9846,V0.6
B,221.0,0.9849,V0.6
B,222.0,0.9852,V0.6
B,223.0,0.9854,V0.6
B,224.0,0.9857,V0.6
B,225.0,0.9857499999999999,V0.6
B,226.0,0.9863,V0.6
B,227.0,0.98675,V0.6
B,228.0,0.9875999999999999,V0.6
B,229.0,0.98795,V0.6
B,230.0,0.98815,V0.6
B,231.0,0.98815,V0.6
B,232.0,0.9885999999999999,V0.6
B,233.0,0.9887,V0.6
B,234.0,0.98895,V0.6
B,235.0,0.9893500000000001,V0.6
B,236.0,0.98965,V0.6
B,237.0,0.9903000000000002,V0.6
B,238.0,0.99065,V0.6
B,239.0,0.9908000000000001,V0.6
B,240.0,0.99115,V0.6
B,241.0,0.9914000000000001,V0.6
B,242.0,0.9919,V0.6
B,243.0,0.99265,V0.6
B,244.0,0.99305,V0.6
B,245.0,0.9935000000000002,V0.6
B,246.0,0.9939000000000001,V0.6
B,247.0,0.9939500000000001,V0.6
B,248.0,0.9941500000000001,V0.6
B,249.0,0.9943000000000001,V0.6
B,250.0,0.9943500000000001,V0.6
B,251.0,0.9948500000000001,V0.6
B,252.0,0.9949500000000001,V0.6
B,253.0,0.9950500000000001,V0.6
B,254.0,0.9953000000000001,V0.6
B,255.0,0.99555,V0.6
B,256.0,0.99565,V0.6
B,257.0,0.9957,V0.6
B,258.0,0.9958,V0.6
B,259.0,0.99585,V0.6
B,260.0,0.99595,V0.6
B,261.0,0.99595,V0.6
B,262.0,0.996,V0.6
B,263.0,0.996,V0.6
B,264.0,0.996,V0.6
B,265.0,0.996,V0.6
B,266.0,0.996,V0.6
B,267.0,0.99605,V0.6
B,268.0,0.9961000000000001,V0.6
B,269.0,0.99615,V0.6
B,270.0,0.99625,V0.6
B,271.0,0.9963000000000001,V0.6
B,272.0,0.99635,V0.6
B,273.0,0.9965,V0.6
B,274.0,0.9965,V0.6
B,275.0,0.99655,V0.6
B,276.0,0.9966,V0.6
B,277.0,0.9966,V0.6
B,278.0,0.99665,V0.6
B,279.0,0.99675,V0.6
B,280.0,0.99675,V0.6
B,281.0,0.9969000000000001,V0.6
B,282.0,0.9970000000000001,V0.6
B,283.0,0.99705,V0.6
B,284.0,0.9971000000000001,V0.6
B,285.0,0.9971000000000001,V0.6
B,286.0,0.9972500000000001,V0.6
B,287.0,0.9972500000000001,V0.6
B,288.0,0.9972500000000001,V0.6
B,289.0,0.9972500000000001,V0.6
B,290.0,0.9974000000000001,V0.6
B,291.0,0.9975,V0.6
B,292.0,0.99755,V0.6
B,293.0,0.9976,V0.6
B,294.0,0.9977,V0.6
B,295.0,0.99775,V0.6
B,296.0,0.99775,V0.6
B,297.0,0.99775,V0.6
B,298.0,0.99775,V0.6
B,299.0,0.9978000000000001,V0.6
B,300.0,0.9979,V0.6
B,301.0,0.9979,V0.6
B,302.0,0.9981000000000001,V0.6
B,303.0,0.9981000000000001,V0.6
B,304.0,0.9981000000000001,V0.6
B,305.0,0.9981000000000001,V0.6
B,306.0,0.9981000000000001,V0.6
B,307.0,0.9981000000000001,V0.6
B,308.0,0.9981000000000001,V0.6
B,309.0,0.9981000000000001,V0.6
B,310.0,0.99815,V0.6
B,311.0,0.99815,V0.6
B,312.0,0.99815,V0.6
B,313.0,0.9982000000000001,V0.6
B,314.0,0.9982500000000001,V0.6
B,315.0,0.9982500000000001,V0.6
B,316.0,0.9983000000000001,V0.6
B,317.0,0.9983500000000001,V0.6
B,318.0,0.9983500000000001,V0.6
B,319.0,0.9984000000000001,V0.6
B,320.0,0.9984500000000001,V0.6
B,321.0,0.9985,V0.6
B,322.0,0.9986,V0.6
B,323.0,0.99865,V0.6
B,324.0,0.9988,V0.6
B,325.0,0.9989,V0.6
B,326.0,0.99895,V0.6
B,327.0,0.99895,V0.6
B,328.0,0.99905,V0.6
B,329.0,0.99905,V0.6
B,330.0,0.99905,V0.6
B,331.0,0.99905,V0.6
B,332.0,0.99905,V0.6
B,333.0,0.99905,V0.6
B,334.0,0.99905,V0.6
B,335.0,0.99915,V0.6
B,336.0,0.9992000000000001,V0.6
B,337.0,0.99925,V0.6
B,338.0,0.99925,V0.6
B,339.0,0.99925,V0.6
B,340.0,0.99925,V0.6
B,341.0,0.9993000000000001,V0.6
B,342.0,0.9993000000000001,V0.6
B,343.0,0.9993000000000001,V0.6
B,344.0,0.9993000000000001,V0.6
B,345.0,0.99935,V0.6
B,346.0,0.99935,V0.6
B,347.0,0.9994000000000001,V0.6
B,348.0,0.9995,V0.6
B,349.0,0.9995,V0.6
B,350.0,0.9995,V0.6
B,351.0,0.9995,V0.6
B,352.0,0.9995499999999999,V0.6
B,353.0,0.9995499999999999,V0.6
B,354.0,0.9996,V0.6
B,355.0,0.9996,V0.6
B,356.0,0.9996,V0.6
B,357.0,0.9996,V0.6
B,358.0,0.99965,V0.6
B,359.0,0.99965,V0.6
B,360.0,0.99965,V0.6
B,361.0,0.99965,V0.6
B,362.0,0.99965,V0.6
B,363.0,0.99965,V0.6
B,364.0,0.9997,V0.6
B,365.0,0.9997,V0.6
B,366.0,0.99975,V0.6
B,367.0,0.99975,V0.6
B,368.0,0.99975,V0.6
B,369.0,0.99975,V0.6
B,370.0,0.99975,V0.6
B,371.0,0.99975,V0.6
B,372.0,0.99975,V0.6
B,373.0,0.99975,V0.6
B,374.0,0.99975,V0.6
B,375.0,0.99975,V0.6
B,376.0,0.9998,V0.6
B,377.0,0.9998,V0.6
B,378.0,0.9998,V0.6
B,379.0,0.9998,V0.6
B,380.0,0.9998,V0.6
B,381.0,0.9998,V0.6
B,382.0,0.9998,V0.6
B,383.0,0.9998,V0.6
B,384.0,0.9998,V0.6
B,385.0,0.9998,V0.6
B,386.0,0.9998,V0.6
B,387.0,0.9998,V0.6
B,388.0,0.9998,V0.6
B,389.0,0.9998,V0.6
B,390.0,0.9998,V0.6
B,391.0,0.9998,V0.6
B,392.0,0.9998,V0.6
B,393.0,0.9998,V0.6
B,394.0,0.9998,V0.6
B,395.0,0.9998,V0.6
B,396.0,0.9998,V0.6
B,397.0,0.9998,V0.6
B,398.0,0.9998,V0.6
B,399.0,0.99985,V0.6
B,400.0,0.99985,V0.6
B,401.0,0.99985,V0.6
B,402.0,0.99985,V0.6
B,403.0,0.99985,V0.6
B,404.0,0.99985,V0.6
B,405.0,0.99985,V0.6
B,406.0,0.99985,V0.6
B,407.0,0.99985,V0.6
B,408.0,0.99985,V0.6
B,409.0,0.99985,V0.6
B,410.0,0.99985,V0.6
B,411.0,0.99985,V0.6
B,412.0,0.99985,V0.6
B,413.0,0.99985,V0.6
B,414.0,0.99985,V0.6
B,415.0,0.99985,V0.6
B,416.0,0.99985,V0.6
B,417.0,0.99985,V0.6
B,418.0,0.99985,V0.6
B,419.0,0.99985,V0.6
B,420.0,0.99985,V0.6
B,421.0,0.99985,V0.6
B,422.0,0.99985,V0.6
B,423.0,0.99985,V0.6
B,424.0,0.99985,V0.6
B,425.0,0.99985,V0.6
B,426.0,0.99985,V0.6
B,427.0,0.9999,V0.6
B,428.0,0.9999,V0.6
B,429.0,0.9999,V0.6
B,430.0,0.9999,V0.6
B,431.0,0.9999,V0.6
B,432.0,0.9999,V0.6
B,433.0,0.9999,V0.6
B,434.0,0.9999,V0.6
B,435.0,0.9999,V0.6
B,436.0,0.9999,V0.6
B,437.0,0.9999,V0.6
B,438.0,0.9999,V0.6
B,439.0,0.9999,V0.6
B,440.0,0.9999,V0.6
B,441.0,0.9999,V0.6
B,442.0,0.9999,V0.6
B,443.0,0.9999,V0.6
B,444.0,0.9999,V0.6
B,445.0,0.9999,V0.6
B,446.0,0.9999,V0.6
B,447.0,0.9999,V0.6
B,448.0,0.9999,V0.6
B,449.0,0.9999,V0.6
B,450.0,0.9999,V0.6
B,451.0,0.9999,V0.6
B,452.0,0.9999,V0.6
B,453.0,0.9999,V0.6
B,454.0,0.9999,V0.6
B,455.0,0.9999,V0.6
B,456.0,0.9999,V0.6
B,457.0,0.9999,V0.6
B,458.0,0.9999,V0.6
B,459.0,0.9999,V0.6
B,460.0,0.9999,V0.6
B,461.0,0.9999,V0.6
B,462.0,0.9999,V0.6
B,463.0,0.9999,V0.6
B,464.0,0.9999,V0.6
B,465.0,0.9999,V0.6
B,466.0,0.9999,V0.6
B,467.0,0.9999,V0.6
B,468.0,0.9999,V0.6
B,469.0,0.9999,V0.6
B,470.0,0.9999,V0.6
B,471.0,0.9999,V0.6
B,472.0,0.9999,V0.6
B,473.0,0.9999,V0.6
B,474.0,0.9999,V0.6
B,475.0,0.9999,V0.6
B,476.0,0.9999,V0.6
B,477.0,0.9999,V0.6
B,478.0,0.9999,V0.6
B,479.0,0.9999,V0.6
B,480.0,0.9999,V0.6
B,481.0,0.9999,V0.6
B,482.0,0.9999,V0.6
B,483.0,0.9999,V0.6
B,484.0,0.9999,V0.6
B,485.0,0.9999,V0.6
B,486.0,0.9999,V0.6
B,487.0,0.9999,V0.6
B,488.0,0.9999,V0.6
B,489.0,0.9999,V0.6
B,490.0,0.9999,V0.6
B,491.0,0.9999,V0.6
B,492.0,0.9999,V0.6
B,493.0,0.9999,V0.6
B,494.0,0.9999,V0.6
B,495.0,0.9999,V0.6
B,496.0,0.9999,V0.6
B,497.0,0.9999,V0.6
B,498.0,0.9999,V0.6
B,499.0,0.9999,V0.6
B,500.0,0.9999,V0.6
B,501.0,0.9999,V0.6
B,502.0,0.9999,V0.6
B,503.0,0.9999,V0.6
B,504.0,0.9999,V0.6
B,505.0,0.9999,V0.6
B,506.0,0.9999,V0.6
B,507.0,0.9999,V0.6
B,508.0,0.9999,V0.6
B,509.0,0.9999,V0.6
B,510.0,0.9999,V0.6
B,511.0,0.9999,V0.6
B,512.0,0.9999,V0.6
B,513.0,0.9999,V0.6
B,514.0,0.9999,V0.6
B,515.0,0.9999,V0.6
B,516.0,0.9999,V0.6
B,517.0,0.9999,V0.6
B,518.0,0.9999,V0.6
B,519.0,0.9999,V0.6
B,520.0,0.9999,V0.6
B,521.0,0.9999,V0.6
B,522.0,0.9999,V0.6
B,523.0,0.9999,V0.6
B,524.0,0.9999,V0.6
B,525.0,0.9999,V0.6
B,526.0,0.9999,V0.6
B,527.0,0.9999,V0.6
B,528.0,0.9999,V0.6
B,529.0,0.9999,V0.6
B,530.0,0.9999,V0.6
B,531.0,0.9999,V0.6
B,532.0,0.9999,V0.6
B,533.0,0.9999,V0.6
B,534.0,0.9999,V0.6
B,535.0,0.9999,V0.6
B,536.0,0.9999,V0.6
B,537.0,0.9999,V0.6
B,538.0,0.9999,V0.6
B,539.0,0.9999,V0.6
B,540.0,0.9999,V0.6
B,541.0,0.9999,V0.6
B,542.0,0.9999,V0.6
B,543.0,0.9999,V0.6
B,544.0,0.9999,V0.6
B,545.0,0.9999,V0.6
B,546.0,0.9999,V0.6
B,547.0,0.9999,V0.6
B,548.0,0.9999,V0.6
B,549.0,0.9999,V0.6
B,550.0,0.9999,V0.6
B,551.0,0.9999,V0.6
B,552.0,0.9999,V0.6
B,553.0,0.9999,V0.6
B,554.0,0.9999,V0.6
B,555.0,0.9999,V0.6
B,556.0,0.9999,V0.6
B,557.0,0.9999,V0.6
B,558.0,0.9999,V0.6
B,559.0,0.9999,V0.6
B,560.0,0.9999,V0.6
B,561.0,0.9999,V0.6
B,562.0,0.9999,V0.6
B,563.0,0.9999,V0.6
B,564.0,0.9999,V0.6
B,565.0,0.9999,V0.6
B,566.0,0.9999,V0.6
B,567.0,0.9999,V0.6
B,568.0,0.9999,V0.6
B,569.0,0.9999,V0.6
B,570.0,0.9999,V0.6
B,571.0,0.9999,V0.6
B,572.0,0.9999,V0.6
B,573.0,0.9999,V0.6
B,574.0,0.9999,V0.6
B,575.0,0.9999,V0.6
B,576.0,0.9999,V0.6
B,577.0,0.9999,V0.6
B,578.0,0.9999,V0.6
B,579.0,0.9999,V0.6
B,580.0,0.9999,V0.6
B,581.0,0.9999,V0.6
B,582.0,0.9999,V0.6
B,583.0,0.9999,V0.6
B,584.0,0.9999,V0.6
B,585.0,0.9999,V0.6
B,586.0,0.9999,V0.6
B,587.0,0.9999,V0.6
B,588.0,0.9999,V0.6
B,589.0,0.9999,V0.6
B,590.0,0.9999,V0.6
B,591.0,0.9999,V0.6
B,592.0,0.9999,V0.6
B,593.0,0.9999,V0.6
B,594.0,0.9999,V0.6
B,595.0,0.9999,V0.6
B,596.0,0.9999,V0.6
B,597.0,0.9999,V0.6
B,598.0,0.9999,V0.6
B,599.0,0.9999,V0.6
B,600.0,0.9999,V0.6
B,601.0,0.9999,V0.6
B,602.0,0.9999,V0.6
B,603.0,0.9999,V0.6
B,604.0,0.9999,V0.6
B,605.0,0.9999,V0.6
B,606.0,0.9999,V0.6
B,607.0,0.9999,V0.6
B,608.0,0.9999,V0.6
B,609.0,0.9999,V0.6
B,610.0,0.9999,V0.6
B,611.0,0.9999,V0.6
B,612.0,0.9999,V0.6
B,613.0,0.9999,V0.6
B,614.0,0.9999,V0.6
B,615.0,0.9999,V0.6
B,616.0,0.9999,V0.6
B,617.0,0.9999,V0.6
B,618.0,0.9999,V0.6
B,619.0,0.9999,V0.6
B,620.0,0.9999,V0.6
B,621.0,0.9999,V0.6
B,622.0,0.9999,V0.6
B,623.0,0.9999,V0.6
B,624.0,0.9999,V0.6
B,625.0,0.9999,V0.6
B,626.0,0.9999,V0.6
B,627.0,0.9999,V0.6
B,628.0,0.9999,V0.6
B,629.0,0.9999,V0.6
B,630.0,0.9999,V0.6
B,631.0,0.9999,V0.6
B,632.0,0.9999,V0.6
B,633.0,0.9999,V0.6
B,634.0,0.9999,V0.6
B,635.0,0.9999,V0.6
B,636.0,0.9999,V0.6
B,637.0,0.9999,V0.6
B,638.0,0.9999,V0.6
B,639.0,0.9999,V0.6
B,640.0,0.9999,V0.6
B,641.0,0.9999,V0.6
B,642.0,0.9999,V0.6
B,643.0,0.9999,V0.6
B,644.0,0.9999,V0.6
B,645.0,0.9999,V0.6
B,646.0,0.9999,V0.6
B,647.0,0.9999,V0.6
B,648.0,0.9999,V0.6
B,649.0,0.9999,V0.6
B,650.0,0.9999,V0.6
B,651.0,0.9999,V0.6
B,652.0,0.9999,V0.6
B,653.0,0.9999,V0.6
B,654.0,0.9999,V0.6
B,655.0,0.9999,V0.6
B,656.0,0.9999,V0.6
B,657.0,0.9999,V0.6
B,658.0,0.9999,V0.6
B,659.0,0.9999,V0.6
B,660.0,0.9999,V0.6
B,661.0,0.9999,V0.6
B,662.0,0.9999,V0.6
B,663.0,0.9999,V0.6
B,664.0,0.9999,V0.6
B,665.0,0.9999,V0.6
B,666.0,0.9999,V0.6
B,667.0,0.9999,V0.6
B,668.0,0.9999,V0.6
B,669.0,0.9999,V0.6
B,670.0,0.9999,V0.6
B,671.0,0.9999,V0.6
B,672.0,0.9999,V0.6
B,673.0,0.9999,V0.6
B,674.0,0.9999,V0.6
B,675.0,0.9999,V0.6
B,676.0,0.9999,V0.6
B,677.0,0.9999,V0.6
B,678.0,0.9999,V0.6
B,679.0,0.9999,V0.6
B,680.0,0.9999,V0.6
B,681.0,0.9999,V0.6
B,682.0,0.9999,V0.6
B,683.0,0.9999,V0.6
B,684.0,0.9999,V0.6
B,685.0,0.9999,V0.6
B,686.0,0.9999,V0.6
B,687.0,0.9999,V0.6
B,688.0,0.9999,V0.6
B,689.0,0.9999,V0.6
B,690.0,0.9999,V0.6
B,691.0,0.9999,V0.6
B,692.0,0.9999,V0.6
B,693.0,0.9999,V0.6
B,694.0,0.9999,V0.6
B,695.0,0.9999,V0.6
B,696.0,0.9999,V0.6
B,697.0,0.9999,V0.6
B,698.0,0.9999,V0.6
B,699.0,0.9999,V0.6
B,700.0,0.9999,V0.6
B,701.0,0.9999,V0.6
B,702.0,0.9999,V0.6
B,703.0,0.9999,V0.6
B,704.0,0.9999,V0.6
B,705.0,0.9999,V0.6
B,706.0,0.9999,V0.6
B,707.0,0.9999,V0.6
B,708.0,0.9999,V0.6
B,709.0,0.9999,V0.6
B,710.0,0.9999,V0.6
B,711.0,0.9999,V0.6
B,712.0,0.9999,V0.6
B,713.0,0.9999,V0.6
B,714.0,0.9999,V0.6
B,715.0,0.9999,V0.6
B,716.0,0.9999,V0.6
B,717.0,0.9999,V0.6
B,718.0,0.9999,V0.6
B,719.0,0.9999,V0.6
B,720.0,0.9999,V0.6
B,721.0,0.9999,V0.6
B,722.0,0.9999,V0.6
B,723.0,0.9999,V0.6
B,724.0,0.9999,V0.6
B,725.0,0.9999,V0.6
B,726.0,0.9999,V0.6
B,727.0,0.9999,V0.6
B,728.0,0.9999,V0.6
B,729.0,0.9999,V0.6
B,730.0,0.9999,V0.6
B,731.0,0.9999,V0.6
B,732.0,0.9999,V0.6
B,733.0,0.9999,V0.6
B,734.0,0.9999,V0.6
B,735.0,0.9999,V0.6
B,736.0,0.9999,V0.6
B,737.0,0.9999,V0.6
B,738.0,0.9999,V0.6
B,739.0,0.9999,V0.6
B,740.0,0.9999,V0.6
B,741.0,0.9999,V0.6
B,742.0,0.9999,V0.6
B,743.0,0.9999,V0.6
B,744.0,0.9999,V0.6
B,745.0,0.9999,V0.6
B,746.0,0.9999,V0.6
B,747.0,0.9999,V0.6
B,748.0,0.9999,V0.6
B,749.0,0.9999,V0.6
B,750.0,0.9999,V0.6
B,751.0,0.9999,V0.6
B,752.0,0.9999,V0.6
B,753.0,0.9999,V0.6
B,754.0,0.9999,V0.6
B,755.0,0.9999,V0.6
B,756.0,0.9999,V0.6
B,757.0,0.9999,V0.6
B,758.0,0.9999,V0.6
B,759.0,0.9999,V0.6
B,760.0,0.9999,V0.6
B,761.0,0.9999,V0.6
B,762.0,0.9999,V0.6
H3,0.0,0.0,V0.6
H3,1.0,0.08925,V0.6
H3,2.0,0.08935,V0.6
H3,3.0,0.3127,V0.6
H3,4.0,0.31299999999999994,V0.6
H3,5.0,0.5821500000000001,V0.6
H3,6.0,0.5826,V0.6
H3,7.0,0.5841000000000001,V0.6
H3,8.0,0.58505,V0.6
H3,9.0,0.58605,V0.6
H3,10.0,0.58675,V0.6
H3,11.0,0.5878,V0.6
H3,12.0,0.58865,V0.6
H3,13.0,0.58965,V0.6
H3,14.0,0.59085,V0.6
H3,15.0,0.59115,V0.6
H3,16.0,0.5921499999999998,V0.6
H3,17.0,0.5944999999999999,V0.6
H3,18.0,0.59615,V0.6
H3,19.0,0.59785,V0.6
H3,20.0,0.6005499999999999,V0.6
H3,21.0,0.60395,V0.6
H3,22.0,0.60755,V0.6
H3,23.0,0.6125,V0.6
H3,24.0,0.6165499999999999,V0.6
H3,25.0,0.62025,V0.6
H3,26.0,0.624,V0.6
H3,27.0,0.62865,V0.6
H3,28.0,0.6335999999999999,V0.6
H3,29.0,0.638,V0.6
H3,30.0,0.6413,V0.6
H3,31.0,0.6444,V0.6
H3,32.0,0.6462,V0.6
H3,33.0,0.6487,V0.6
H3,34.0,0.65185,V0.6
H3,35.0,0.65505,V0.6
H3,36.0,0.6576000000000001,V0.6
H3,37.0,0.6607000000000001,V0.6
H3,38.0,0.6636,V0.6
H3,39.0,0.66605,V0.6
H3,40.0,0.6698500000000001,V0.6
H3,41.0,0.6734000000000001,V0.6
H3,42.0,0.6768,V0.6
H3,43.0,0.68065,V0.6
H3,44.0,0.6842999999999999,V0.6
H3,45.0,0.6888500000000001,V0.6
H3,46.0,0.6915,V0.6
H3,47.0,0.6940000000000001,V0.6
H3,48.0,0.6974999999999999,V0.6
H3,49.0,0.7022,V0.6
H3,50.0,0.7069,V0.6
H3,51.0,0.71145,V0.6
H3,52.0,0.71585,V0.6
H3,53.0,0.7196999999999999,V0.6
H3,54.0,0.72305,V0.6
H3,55.0,0.72655,V0.6
H3,56.0,0.7303499999999999,V0.6
H3,57.0,0.7350500000000001,V0.6
H3,58.0,0.7390000000000001,V0.6
H3,59.0,0.74275,V0.6
H3,60.0,0.7468499999999999,V0.6
H3,61.0,0.7508000000000001,V0.6
H3,62.0,0.75435,V0.6
H3,63.0,0.758,V0.6
H3,64.0,0.7610499999999999,V0.6
H3,65.0,0.7646,V0.6
H3,66.0,0.7685500000000001,V0.6
H3,67.0,0.77325,V0.6
H3,68.0,0.7785500000000001,V0.6
H3,69.0,0.7828,V0.6
H3,70.0,0.7884000000000001,V0.6
H3,71.0,0.7939499999999999,V0.6
H3,72.0,0.79855,V0.6
H3,73.0,0.80355,V0.6
H3,74.0,0.8075499999999999,V0.6
H3,75.0,0.8128500000000001,V0.6
H3,76.0,0.8190500000000001,V0.6
H3,77.0,0.8256,V0.6
H3,78.0,0.8311499999999999,V0.6
H3,79.0,0.8365,V0.6
H3,80.0,0.8412000000000001,V0.6
H3,81.0,0.8449,V0.6
H3,82.0,0.8481000000000001,V0.6
H3,83.0,0.85215,V0.6
H3,84.0,0.85745,V0.6
H3,85.0,0.8618499999999999,V0.6
H3,86.0,0.866,V0.6
H3,87.0,0.8708,V0.6
H3,88.0,0.8735999999999999,V0.6
H3,89.0,0.8757500000000001,V0.6
H3,90.0,0.87945,V0.6
H3,91.0,0.8839000000000001,V0.6
H3,92.0,0.8872,V0.6
H3,93.0,0.8901499999999999,V0.6
H3,94.0,0.8934000000000001,V0.6
H3,95.0,0.89715,V0.6
H3,96.0,0.9017999999999999,V0.6
H3,97.0,0.90505,V0.6
H3,98.0,0.9086500000000001,V0.6
H3,99.0,0.91305,V0.6
H3,100.0,0.9172999999999999,V0.6
H3,101.0,0.9208,V0.6
H3,102.0,0.9243499999999999,V0.6
H3,103.0,0.92775,V0.6
H3,104.0,0.92985,V0.6
H3,105.0,0.93155,V0.6
H3,106.0,0.933,V0.6
H3,107.0,0.9344,V0.6
H3,108.0,0.9359999999999999,V0.6
H3,109.0,0.93715,V0.6
H3,110.0,0.9385999999999999,V0.6
H3,111.0,0.9392999999999999,V0.6
H3,112.0,0.93995,V0.6
H3,113.0,0.9408,V0.6
H3,114.0,0.94175,V0.6
H3,115.0,0.94295,V0.6
H3,116.0,0.94465,V0.6
H3,117.0,0.94645,V0.6
H3,118.0,0.9477,V0.6
H3,119.0,0.9492,V0.6
H3,120.0,0.9507000000000001,V0.6
H3,121.0,0.9519500000000001,V0.6
H3,122.0,0.9531499999999999,V0.6
H3,123.0,0.954,V0.6
H3,124.0,0.9548,V0.6
H3,125.0,0.9558499999999999,V0.6
H3,126.0,0.9575499999999999,V0.6
H3,127.0,0.9597,V0.6
H3,128.0,0.9616,V0.6
H3,129.0,0.96295,V0.6
H3,130.0,0.9644999999999999,V0.6
H3,131.0,0.96595,V0.6
H3,132.0,0.96685,V0.6
H3,133.0,0.96795,V0.6
H3,134.0,0.9689500000000001,V0.6
H3,135.0,0.9697,V0.6
H3,136.0,0.9703499999999999,V0.6
H3,137.0,0.97105,V0.6
H3,138.0,0.9713999999999999,V0.6
H3,139.0,0.9719499999999999,V0.6
H3,140.0,0.9723,V0.6
H3,141.0,0.9727,V0.6
H3,142.0,0.9732000000000001,V0.6
H3,143.0,0.9736500000000001,V0.6
H3,144.0,0.9738000000000001,V0.6
H3,145.0,0.9740500000000001,V0.6
H3,146.0,0.9742500000000001,V0.6
H3,147.0,0.97495,V0.6
H3,148.0,0.9753,V0.6
H3,149.0,0.9756499999999999,V0.6
H3,150.0,0.9759499999999999,V0.6
H3,151.0,0.9761,V0.6
H3,152.0,0.9763,V0.6
H3,153.0,0.9769,V0.6
H3,154.0,0.97725,V0.6
H3,155.0,0.9776999999999999,V0.6
H3,156.0,0.9780499999999999,V0.6
H3,157.0,0.9784499999999999,V0.6
H3,158.0,0.9785999999999999,V0.6
H3,159.0,0.9787000000000001,V0.6
H3,160.0,0.9789,V0.6
H3,161.0,0.9791500000000001,V0.6
H3,162.0,0.9794,V0.6
H3,163.0,0.9797,V0.6
H3,164.0,0.98,V0.6
H3,165.0,0.9801500000000001,V0.6
H3,166.0,0.9804500000000002,V0.6
H3,167.0,0.9808000000000001,V0.6
H3,168.0,0.9810500000000001,V0.6
H3,169.0,0.9814,V0.6
H3,170.0,0.9816,V0.6
H3,171.0,0.9818,V0.6
H3,172.0,0.98215,V0.6
H3,173.0,0.98245,V0.6
H3,174.0,0.98265,V0.6
H3,175.0,0.98275,V0.6
H3,176.0,0.9828,V0.6
H3,177.0,0.9832,V0.6
H3,178.0,0.9834499999999999,V0.6
H3,179.0,0.9835999999999999,V0.6
H3,180.0,0.98375,V0.6
H3,181.0,0.9841000000000001,V0.6
H3,182.0,0.9843500000000001,V0.6
H3,183.0,0.9845999999999999,V0.6
H3,184.0,0.9849,V0.6
H3,185.0,0.9852,V0.6
H3,186.0,0.98555,V0.6
H3,187.0,0.98595,V0.6
H3,188.0,0.9862,V0.6
H3,189.0,0.9866,V0.6
H3,190.0,0.9869,V0.6
H3,191.0,0.9871,V0.6
H3,192.0,0.9873,V0.6
H3,193.0,0.9874499999999999,V0.6
H3,194.0,0.9874499999999999,V0.6
H3,195.0,0.9876500000000001,V0.6
H3,196.0,0.9877,V0.6
H3,197.0,0.9878499999999999,V0.6
H3,198.0,0.9882,V0.6
H3,199.0,0.9884000000000001,V0.6
H3,200.0,0.98855,V0.6
H3,201.0,0.9887499999999999,V0.6
H3,202.0,0.9888500000000001,V0.6
H3,203.0,0.9890500000000001,V0.6
H3,204.0,0.9893000000000001,V0.6
H3,205.0,0.9894000000000001,V0.6
H3,206.0,0.9895,V0.6
H3,207.0,0.98955,V0.6
H3,208.0,0.98975,V0.6
H3,209.0,0.9900000000000001,V0.6
H3,210.0,0.9900000000000001,V0.6
H3,211.0,0.9901000000000001,V0.6
H3,212.0,0.9904000000000001,V0.6
H3,213.0,0.99055,V0.6
H3,214.0,0.9908,V0.6
H3,215.0,0.9909,V0.6
H3,216.0,0.991,V0.6
H3,217.0,0.99115,V0.6
H3,218.0,0.9912,V0.6
H3,219.0,0.9914,V0.6
H3,220.0,0.9914999999999999,V0.6
H3,221.0,0.99155,V0.6
H3,222.0,0.9917,V0.6
H3,223.0,0.9917,V0.6
H3,224.0,0.99175,V0.6
H3,225.0,0.99185,V0.6
H3,226.0,0.99195,V0.6
H3,227.0,0.99205,V0.6
H3,228.0,0.99215,V0.6
H3,229.0,0.9922500000000001,V0.6
H3,230.0,0.9923500000000001,V0.6
H3,231.0,0.99265,V0.6
H3,232.0,0.99285,V0.6
H3,233.0,0.99295,V0.6
H3,234.0,0.99325,V0.6
H3,235.0,0.99325,V0.6
H3,236.0,0.9933,V0.6
H3,237.0,0.9934,V0.6
H3,238.0,0.9935999999999999,V0.6
H3,239.0,0.99365,V0.6
H3,240.0,0.9937999999999999,V0.6
H3,241.0,0.9941500000000001,V0.6
H3,242.0,0.9943500000000001,V0.6
H3,243.0,0.9943500000000001,V0.6
H3,244.0,0.9944500000000001,V0.6
H3,245.0,0.9946000000000002,V0.6
H3,246.0,0.99475,V0.6
H3,247.0,0.9948999999999999,V0.6
H3,248.0,0.99505,V0.6
H3,249.0,0.99515,V0.6
H3,250.0,0.99515,V0.6
H3,251.0,0.9953000000000001,V0.6
H3,252.0,0.99535,V0.6
H3,253.0,0.9954000000000001,V0.6
H3,254.0,0.9954000000000001,V0.6
H3,255.0,0.9956499999999999,V0.6
H3,256.0,0.9957,V0.6
H3,257.0,0.9958,V0.6
H3,258.0,0.9958500000000001,V0.6
H3,259.0,0.9958500000000001,V0.6
H3,260.0,0.9959,V0.6
H3,261.0,0.9959500000000001,V0.6
H3,262.0,0.99605,V0.6
H3,263.0,0.9961500000000001,V0.6
H3,264.0,0.9962500000000001,V0.6
H3,265.0,0.9963000000000001,V0.6
H3,266.0,0.99635,V0.6
H3,267.0,0.9966,V0.6
H3,268.0,0.9967,V0.6
H3,269.0,0.9968000000000001,V0.6
H3,270.0,0.9968000000000001,V0.6
H3,271.0,0.9968500000000001,V0.6
H3,272.0,0.9968500000000001,V0.6
H3,273.0,0.9968500000000001,V0.6
H3,274.0,0.9968500000000001,V0.6
H3,275.0,0.9968500000000001,V0.6
H3,276.0,0.9969500000000001,V0.6
H3,277.0,0.997,V0.6
H3,278.0,0.997,V0.6
H3,279.0,0.9971,V0.6
H3,280.0,0.9972000000000001,V0.6
H3,281.0,0.9973,V0.6
H3,282.0,0.9973,V0.6
H3,283.0,0.9973,V0.6
H3,284.0,0.99735,V0.6
H3,285.0,0.9974000000000001,V0.6
H3,286.0,0.9974000000000001,V0.6
H3,287.0,0.9974500000000001,V0.6
H3,288.0,0.9974500000000001,V0.6
H3,289.0,0.9974500000000001,V0.6
H3,290.0,0.9974500000000001,V0.6
H3,291.0,0.9974500000000001,V0.6
H3,292.0,0.9974999999999999,V0.6
H3,293.0,0.99755,V0.6
H3,294.0,0.99755,V0.6
H3,295.0,0.9976,V0.6
H3,296.0,0.9976,V0.6
H3,297.0,0.99765,V0.6
H3,298.0,0.9977,V0.6
H3,299.0,0.99785,V0.6
H3,300.0,0.9979000000000001,V0.6
H3,301.0,0.9979000000000001,V0.6
H3,302.0,0.9979000000000001,V0.6
H3,303.0,0.9979000000000001,V0.6
H3,304.0,0.99795,V0.6
H3,305.0,0.9980000000000001,V0.6
H3,306.0,0.9980000000000001,V0.6
H3,307.0,0.9980000000000001,V0.6
H3,308.0,0.99805,V0.6
H3,309.0,0.9981000000000001,V0.6
H3,310.0,0.99815,V0.6
H3,311.0,0.99825,V0.6
H3,312.0,0.99825,V0.6
H3,313.0,0.9983000000000001,V0.6
H3,314.0,0.99835,V0.6
H3,315.0,0.99835,V0.6
H3,316.0,0.99835,V0.6
H3,317.0,0.9984000000000001,V0.6
H3,318.0,0.9984500000000001,V0.6
H3,319.0,0.9985,V0.6
H3,320.0,0.9985,V0.6
H3,321.0,0.99855,V0.6
H3,322.0,0.9987,V0.6
H3,323.0,0.9987,V0.6
H3,324.0,0.99875,V0.6
H3,325.0,0.99875,V0.6
H3,326.0,0.9988,V0.6
H3,327.0,0.9988,V0.6
H3,328.0,0.9988,V0.6
H3,329.0,0.99885,V0.6
H3,330.0,0.99885,V0.6
H3,331.0,0.99885,V0.6
H3,332.0,0.9989,V0.6
H3,333.0,0.99905,V0.6
H3,334.0,0.99905,V0.6
H3,335.0,0.99905,V0.6
H3,336.0,0.99905,V0.6
H3,337.0,0.99915,V0.6
H3,338.0,0.99915,V0.6
H3,339.0,0.99915,V0.6
H3,340.0,0.99915,V0.6
H3,341.0,0.9992,V0.6
H3,342.0,0.9992500000000001,V0.6
H3,343.0,0.99935,V0.6
H3,344.0,0.99935,V0.6
H3,345.0,0.99935,V0.6
H3,346.0,0.9994000000000001,V0.6
H3,347.0,0.9994000000000001,V0.6
H3,348.0,0.9994000000000001,V0.6
H3,349.0,0.9995499999999999,V0.6
H3,350.0,0.9995499999999999,V0.6
H3,351.0,0.9996,V0.6
H3,352.0,0.9996,V0.6
H3,353.0,0.9996499999999999,V0.6
H3,354.0,0.9996499999999999,V0.6
H3,355.0,0.9996499999999999,V0.6
H3,356.0,0.9996499999999999,V0.6
H3,357.0,0.9996499999999999,V0.6
H3,358.0,0.9996499999999999,V0.6
H3,359.0,0.9997,V0.6
H3,360.0,0.9997,V0.6
H3,361.0,0.9997,V0.6
H3,362.0,0.9998,V0.6
H3,363.0,0.9998,V0.6
H3,364.0,0.9998,V0.6
H3,365.0,0.9998,V0.6
H3,366.0,0.9998,V0.6
H3,367.0,0.9998,V0.6
H3,368.0,0.99985,V0.6
H3,369.0,0.99985,V0.6
H3,370.0,0.99985,V0.6
H3,371.0,0.99985,V0.6
H3,372.0,0.99985,V0.6
H3,373.0,0.99985,V0.6
H3,374.0,0.99985,V0.6
H3,375.0,0.99985,V0.6
H3,376.0,0.99985,V0.6
H3,377.0,0.99985,V0.6
H3,378.0,0.99985,V0.6
H3,379.0,0.99985,V0.6
H3,380.0,0.99985,V0.6
H3,381.0,0.99985,V0.6
H3,382.0,0.99985,V0.6
H3,383.0,0.99985,V0.6
H3,384.0,0.99985,V0.6
H3,385.0,0.99985,V0.6
H3,386.0,0.99985,V0.6
H3,387.0,0.99985,V0.6
H3,388.0,0.99985,V0.6
H3,389.0,0.99985,V0.6
H3,390.0,0.99985,V0.6
H3,391.0,0.99985,V0.6
H3,392.0,0.99985,V0.6
H3,393.0,0.99985,V0.6
H3,394.0,0.99985,V0.6
H3,395.0,0.99985,V0.6
H3,396.0,0.99985,V0.6
H3,397.0,0.99985,V0.6
H3,398.0,0.99985,V0.6
H3,399.0,0.99985,V0.6
H3,400.0,0.99985,V0.6
H3,401.0,0.99985,V0.6
H3,402.0,0.99985,V0.6
H3,403.0,0.99985,V0.6
H3,404.0,0.99985,V0.6
H3,405.0,0.99985,V0.6
H3,406.0,0.99985,V0.6
H3,407.0,0.99985,V0.6
H3,408.0,0.99985,V0.6
H3,409.0,0.99985,V0.6
H3,410.0,0.99985,V0.6
H3,411.0,0.99985,V0.6
H3,412.0,0.99985,V0.6
H3,413.0,0.99985,V0.6
H3,414.0,0.99985,V0.6
H3,415.0,0.99985,V0.6
H3,416.0,0.99985,V0.6
H3,417.0,0.99985,V0.6
H3,418.0,0.99985,V0.6
H3,419.0,0.99985,V0.6
H3,420.0,0.99985,V0.6
H3,421.0,0.99985,V0.6
H3,422.0,0.99985,V0.6
H3,423.0,0.99985,V0.6
H3,424.0,0.99985,V0.6
H3,425.0,0.99985,V0.6
H3,426.0,0.99985,V0.6
H3,427.0,0.99985,V0.6
H3,428.0,0.99985,V0.6
H3,429.0,0.99985,V0.6
H3,430.0,0.99985,V0.6
H3,431.0,0.99985,V0.6
H3,432.0,0.99985,V0.6
H3,433.0,0.99985,V0.6
H3,434.0,0.99985,V0.6
H3,435.0,0.99985,V0.6
H3,436.0,0.99985,V0.6
H3,437.0,0.99985,V0.6
H3,438.0,0.99985,V0.6
H3,439.0,0.99985,V0.6
H3,440.0,0.99985,V0.6
H3,441.0,0.99985,V0.6
H3,442.0,0.99985,V0.6
H3,443.0,0.99985,V0.6
H3,444.0,0.9999,V0.6
H3,445.0,0.9999,V0.6
H3,446.0,0.9999,V0.6
H3,447.0,0.9999,V0.6
H3,448.0,0.9999,V0.6
H3,449.0,0.9999,V0.6
H3,450.0,0.9999,V0.6
H3,451.0,0.9999,V0.6
H3,452.0,0.9999,V0.6
H3,453.0,0.99995,V0.6
H3,454.0,1.0,V0.6
H3,455.0,1.0,V0.6
H3,456.0,1.0,V0.6
H3,457.0,1.0,V0.6
H3,458.0,1.0,V0.6
H3,459.0,1.0,V0.6
H3,460.0,1.0,V0.6
H3,461.0,1.0,V0.6
H3,462.0,1.0,V0.6
H3,463.0,1.0,V0.6
H3,464.0,1.0,V0.6
H3,465.0,1.0,V0.6
H3,466.0,1.0,V0.6
H3,467.0,1.0,V0.6
H3,468.0,1.0,V0.6
H3,469.0,1.0,V0.6
H3,470.0,1.0,V0.6
H3,471.0,1.0,V0.6
H3,472.0,1.0,V0.6
H3,473.0,1.0,V0.6
H3,474.0,1.0,V0.6
H3,475.0,1.0,V0.6
H3,476.0,1.0,V0.6
H3,477.0,1.0,V0.6
H3,478.0,1.0,V0.6
H3,479.0,1.0,V0.6
H3,480.0,1.0,V0.6
H3,481.0,1.0,V0.6
H3,482.0,1.0,V0.6
H3,483.0,1.0,V0.6
H3,484.0,1.0,V0.6
H3,485.0,1.0,V0.6
H3,486.0,1.0,V0.6
H3,487.0,1.0,V0.6
H3,488.0,1.0,V0.6
H3,489.0,1.0,V0.6
H3,490.0,1.0,V0.6
H3,491.0,1.0,V0.6
H3,492.0,1.0,V0.6
H3,493.0,1.0,V0.6
H3,494.0,1.0,V0.6
H3,495.0,1.0,V0.6
H3,496.0,1.0,V0.6
H3,497.0,1.0,V0.6
H3,498.0,1.0,V0.6
H3,499.0,1.0,V0.6
H3,500.0,1.0,V0.6
H3,501.0,1.0,V0.6
H3,502.0,1.0,V0.6
H3,503.0,1.0,V0.6
H3,504.0,1.0,V0.6
H3,505.0,1.0,V0.6
H3,506.0,1.0,V0.6
H3,507.0,1.0,V0.6
H3,508.0,1.0,V0.6
H3,509.0,1.0,V0.6
H3,510.0,1.0,V0.6
H3,511.0,1.0,V0.6
H3,512.0,1.0,V0.6
H3,513.0,1.0,V0.6
H3,514.0,1.0,V0.6
H3,515.0,1.0,V0.6
H3,516.0,1.0,V0.6
H3,517.0,1.0,V0.6
H3,518.0,1.0,V0.6
H3,519.0,1.0,V0.6
H3,520.0,1.0,V0.6
H3,521.0,1.0,V0.6
H3,522.0,1.0,V0.6
H3,523.0,1.0,V0.6
H3,524.0,1.0,V0.6
H3,525.0,1.0,V0.6
H3,526.0,1.0,V0.6
H3,527.0,1.0,V0.6
H3,528.0,1.0,V0.6
H3,529.0,1.0,V0.6
H3,530.0,1.0,V0.6
H3,531.0,1.0,V0.6
H3,532.0,1.0,V0.6
H3,533.0,1.0,V0.6
H3,534.0,1.0,V0.6
H3,535.0,1.0,V0.6
H3,536.0,1.0,V0.6
H3,537.0,1.0,V0.6
H3,538.0,1.0,V0.6
H3,539.0,1.0,V0.6
H3,540.0,1.0,V0.6
H3,541.0,1.0,V0.6
H3,542.0,1.0,V0.6
H3,543.0,1.0,V0.6
H3,544.0,1.0,V0.6
H3,545.0,1.0,V0.6
H3,546.0,1.0,V0.6
H3,547.0,1.0,V0.6
H3,548.0,1.0,V0.6
H3,549.0,1.0,V0.6
H3,550.0,1.0,V0.6
H3,551.0,1.0,V0.6
H3,552.0,1.0,V0.6
H3,553.0,1.0,V0.6
H3,554.0,1.0,V0.6
H3,555.0,1.0,V0.6
H3,556.0,1.0,V0.6
H3,557.0,1.0,V0.6
H3,558.0,1.0,V0.6
H3,559.0,1.0,V0.6
H3,560.0,1.0,V0.6
H3,561.0,1.0,V0.6
H3,562.0,1.0,V0.6
H3,563.0,1.0,V0.6
H3,564.0,1.0,V0.6
H3,565.0,1.0,V0.6
H3,566.0,1.0,V0.6
H3,567.0,1.0,V0.6
H3,568.0,1.0,V0.6
H3,569.0,1.0,V0.6
H3,570.0,1.0,V0.6
H3,571.0,1.0,V0.6
H3,572.0,1.0,V0.6
H3,573.0,1.0,V0.6
H3,574.0,1.0,V0.6
H3,575.0,1.0,V0.6
H3,576.0,1.0,V0.6
H3,577.0,1.0,V0.6
H3,578.0,1.0,V0.6
H3,579.0,1.0,V0.6
H3,580.0,1.0,V0.6
H3,581.0,1.0,V0.6
H3,582.0,1.0,V0.6
H3,583.0,1.0,V0.6
H3,584.0,1.0,V0.6
H3,585.0,1.0,V0.6
H3,586.0,1.0,V0.6
H3,587.0,1.0,V0.6
H3,588.0,1.0,V0.6
H3,589.0,1.0,V0.6
H3,590.0,1.0,V0.6
H3,591.0,1.0,V0.6
H3,592.0,1.0,V0.6
H3,593.0,1.0,V0.6
H3,594.0,1.0,V0.6
H3,595.0,1.0,V0.6
H3,596.0,1.0,V0.6
H3,597.0,1.0,V0.6
H3,598.0,1.0,V0.6
H3,599.0,1.0,V0.6
H3,600.0,1.0,V0.6
H3,601.0,1.0,V0.6
H3,602.0,1.0,V0.6
H3,603.0,1.0,V0.6
H3,604.0,1.0,V0.6
H3,605.0,1.0,V0.6
H3,606.0,1.0,V0.6
H3,607.0,1.0,V0.6
H3,608.0,1.0,V0.6
H3,609.0,1.0,V0.6
H3,610.0,1.0,V0.6
H3,611.0,1.0,V0.6
H3,612.0,1.0,V0.6
H3,613.0,1.0,V0.6
H3,614.0,1.0,V0.6
H3,615.0,1.0,V0.6
H3,616.0,1.0,V0.6
H3,617.0,1.0,V0.6
H3,618.0,1.0,V0.6
H3,619.0,1.0,V0.6
H3,620.0,1.0,V0.6
H3,621.0,1.0,V0.6
H3,622.0,1.0,V0.6
H3,623.0,1.0,V0.6
H3,624.0,1.0,V0.6
H3,625.0,1.0,V0.6
H3,626.0,1.0,V0.6
H3,627.0,1.0,V0.6
H3,628.0,1.0,V0.6
H3,629.0,1.0,V0.6
H3,630.0,1.0,V0.6
H3,631.0,1.0,V0.6
H3,632.0,1.0,V0.6
H3,633.0,1.0,V0.6
H3,634.0,1.0,V0.6
H3,635.0,1.0,V0.6
H3,636.0,1.0,V0.6
H3,637.0,1.0,V0.6
H3,638.0,1.0,V0.6
H3,639.0,1.0,V0.6
H3,640.0,1.0,V0.6
H3,641.0,1.0,V0.6
H3,642.0,1.0,V0.6
H3,643.0,1.0,V0.6
H3,644.0,1.0,V0.6
H3,645.0,1.0,V0.6
H3,646.0,1.0,V0.6
H3,647.0,1.0,V0.6
H3,648.0,1.0,V0.6
H3,649.0,1.0,V0.6
H3,650.0,1.0,V0.6
H3,651.0,1.0,V0.6
H3,652.0,1.0,V0.6
H3,653.0,1.0,V0.6
H3,654.0,1.0,V0.6
H3,655.0,1.0,V0.6
H3,656.0,1.0,V0.6
H3,657.0,1.0,V0.6
H3,658.0,1.0,V0.6
H3,659.0,1.0,V0.6
H3,660.0,1.0,V0.6
H3,661.0,1.0,V0.6
H3,662.0,1.0,V0.6
H3,663.0,1.0,V0.6
H3,664.0,1.0,V0.6
H3,665.0,1.0,V0.6
H3,666.0,1.0,V0.6
H3,667.0,1.0,V0.6
H3,668.0,1.0,V0.6
H3,669.0,1.0,V0.6
H3,670.0,1.0,V0.6
H3,671.0,1.0,V0.6
H3,672.0,1.0,V0.6
H3,673.0,1.0,V0.6
H3,674.0,1.0,V0.6
H3,675.0,1.0,V0.6
H3,676.0,1.0,V0.6
H3,677.0,1.0,V0.6
H3,678.0,1.0,V0.6
H3,679.0,1.0,V0.6
H3,680.0,1.0,V0.6
H3,681.0,1.0,V0.6
H3,682.0,1.0,V0.6
H3,683.0,1.0,V0.6
H3,684.0,1.0,V0.6
H3,685.0,1.0,V0.6
H3,686.0,1.0,V0.6
H3,687.0,1.0,V0.6
H3,688.0,1.0,V0.6
H3,689.0,1.0,V0.6
H3,690.0,1.0,V0.6
H3,691.0,1.0,V0.6
H3,692.0,1.0,V0.6
H3,693.0,1.0,V0.6
H3,694.0,1.0,V0.6
H3,695.0,1.0,V0.6
H3,696.0,1.0,V0.6
H3,697.0,1.0,V0.6
H3,698.0,1.0,V0.6
H3,699.0,1.0,V0.6
H3,700.0,1.0,V0.6
H3,701.0,1.0,V0.6
H3,702.0,1.0,V0.6
H3,703.0,1.0,V0.6
H3,704.0,1.0,V0.6
H3,705.0,1.0,V0.6
H3,706.0,1.0,V0.6
H3,707.0,1.0,V0.6
H3,708.0,1.0,V0.6
H3,709.0,1.0,V0.6
H3,710.0,1.0,V0.6
H3,711.0,1.0,V0.6
H3,712.0,1.0,V0.6
H3,713.0,1.0,V0.6
H3,714.0,1.0,V0.6
H3,715.0,1.0,V0.6
H3,716.0,1.0,V0.6
H3,717.0,1.0,V0.6
H3,718.0,1.0,V0.6
H3,719.0,1.0,V0.6
H3,720.0,1.0,V0.6
H3,721.0,1.0,V0.6
H3,722.0,1.0,V0.6
H3,723.0,1.0,V0.6
H3,724.0,1.0,V0.6
H3,725.0,1.0,V0.6
H3,726.0,1.0,V0.6
H3,727.0,1.0,V0.6
H3,728.0,1.0,V0.6
H3,729.0,1.0,V0.6
H3,730.0,1.0,V0.6
H3,731.0,1.0,V0.6
H3,732.0,1.0,V0.6
H3,733.0,1.0,V0.6
H3,734.0,1.0,V0.6
H3,735.0,1.0,V0.6
H3,736.0,1.0,V0.6
H3,737.0,1.0,V0.6
H3,738.0,1.0,V0.6
H3,739.0,1.0,V0.6
H3,740.0,1.0,V0.6
H3,741.0,1.0,V0.6
H3,742.0,1.0,V0.6
H3,743.0,1.0,V0.6
H3,744.0,1.0,V0.6
H3,745.0,1.0,V0.6
H3,746.0,1.0,V0.6
H3,747.0,1.0,V0.6
H3,748.0,1.0,V0.6
H3,749.0,1.0,V0.6
H3,750.0,1.0,V0.6
H3,751.0,1.0,V0.6
H3,752.0,1.0,V0.6
H3,753.0,1.0,V0.6
H3,754.0,1.0,V0.6
H3,755.0,1.0,V0.6
H3,756.0,1.0,V0.6
H3,757.0,1.0,V0.6
H3,758.0,1.0,V0.6
H3,759.0,1.0,V0.6
H3,760.0,1.0,V0.6
H3,761.0,1.0,V0.6
H3,762.0,1.0,V0.6
F3,0.0,0.0,V0.6
F3,1.0,0.09159999999999999,V0.6
F3,2.0,0.09190000000000001,V0.6
F3,3.0,0.31615,V0.6
F3,4.0,0.31665,V0.6
F3,5.0,0.5788,V0.6
F3,6.0,0.5797500000000001,V0.6
F3,7.0,0.5804,V0.6
F3,8.0,0.5809,V0.6
F3,9.0,0.5815,V0.6
F3,10.0,0.5817,V0.6
F3,11.0,0.582,V0.6
F3,12.0,0.5822499999999999,V0.6
F3,13.0,0.5827,V0.6
F3,14.0,0.58275,V0.6
F3,15.0,0.5831999999999999,V0.6
F3,16.0,0.5835999999999999,V0.6
F3,17.0,0.58415,V0.6
F3,18.0,0.5844499999999999,V0.6
F3,19.0,0.5848499999999999,V0.6
F3,20.0,0.5851,V0.6
F3,21.0,0.58555,V0.6
F3,22.0,0.5860999999999998,V0.6
F3,23.0,0.5864,V0.6
F3,24.0,0.5867500000000001,V0.6
F3,25.0,0.5869,V0.6
F3,26.0,0.5872,V0.6
F3,27.0,0.58765,V0.6
F3,28.0,0.5883,V0.6
F3,29.0,0.5885,V0.6
F3,30.0,0.5891000000000001,V0.6
F3,31.0,0.5896,V0.6
F3,32.0,0.5901500000000001,V0.6
F3,33.0,0.5909,V0.6
F3,34.0,0.59145,V0.6
F3,35.0,0.59175,V0.6
F3,36.0,0.5921,V0.6
F3,37.0,0.5922499999999999,V0.6
F3,38.0,0.5928000000000001,V0.6
F3,39.0,0.5935,V0.6
F3,40.0,0.59425,V0.6
F3,41.0,0.5948500000000001,V0.6
F3,42.0,0.59555,V0.6
F3,43.0,0.5961,V0.6
F3,44.0,0.5970500000000001,V0.6
F3,45.0,0.5981,V0.6
F3,46.0,0.5994,V0.6
F3,47.0,0.6002500000000001,V0.6
F3,48.0,0.6012,V0.6
F3,49.0,0.60295,V0.6
F3,50.0,0.60385,V0.6
F3,51.0,0.6049500000000001,V0.6
F3,52.0,0.60585,V0.6
F3,53.0,0.6071499999999999,V0.6
F3,54.0,0.6082000000000001,V0.6
F3,55.0,0.6088,V0.6
F3,56.0,0.61,V0.6
F3,57.0,0.6111,V0.6
F3,58.0,0.6122,V0.6
F3,59.0,0.6135999999999999,V0.6
F3,60.0,0.61575,V0.6
F3,61.0,0.6172500000000001,V0.6
F3,62.0,0.6184999999999999,V0.6
F3,63.0,0.6196499999999999,V0.6
F3,64.0,0.62105,V0.6
F3,65.0,0.6219,V0.6
F3,66.0,0.6229999999999999,V0.6
F3,67.0,0.62415,V0.6
F3,68.0,0.6258,V0.6
F3,69.0,0.6269,V0.6
F3,70.0,0.62795,V0.6
F3,71.0,0.6287,V0.6
F3,72.0,0.6302,V0.6
F3,73.0,0.6316999999999999,V0.6
F3,74.0,0.6331500000000001,V0.6
F3,75.0,0.6346,V0.6
F3,76.0,0.63585,V0.6
F3,77.0,0.6368999999999999,V0.6
F3,78.0,0.6377999999999999,V0.6
F3,79.0,0.63875,V0.6
F3,80.0,0.6396,V0.6
F3,81.0,0.6407500000000002,V0.6
F3,82.0,0.64195,V0.6
F3,83.0,0.64285,V0.6
F3,84.0,0.6443,V0.6
F3,85.0,0.64575,V0.6
F3,86.0,0.64705,V0.6
F3,87.0,0.64795,V0.6
F3,88.0,0.6491,V0.6
F3,89.0,0.6504,V0.6
F3,90.0,0.65185,V0.6
F3,91.0,0.6534,V0.6
F3,92.0,0.6547,V0.6
F3,93.0,0.6557,V0.6
F3,94.0,0.65715,V0.6
F3,95.0,0.6588999999999999,V0.6
F3,96.0,0.6607000000000001,V0.6
F3,97.0,0.6624999999999999,V0.6
F3,98.0,0.66355,V0.6
F3,99.0,0.66505,V0.6
F3,100.0,0.6667,V0.6
F3,101.0,0.6684,V0.6
F3,102.0,0.6697,V0.6
F3,103.0,0.6712,V0.6
F3,104.0,0.6723,V0.6
F3,105.0,0.67385,V0.6
F3,106.0,0.6758,V0.6
F3,107.0,0.6771,V0.6
F3,108.0,0.6787499999999999,V0.6
F3,109.0,0.68035,V0.6
F3,110.0,0.6816500000000001,V0.6
F3,111.0,0.6830999999999999,V0.6
F3,112.0,0.6840499999999999,V0.6
F3,113.0,0.6855,V0.6
F3,114.0,0.6865,V0.6
F3,115.0,0.6877999999999999,V0.6
F3,116.0,0.689,V0.6
F3,117.0,0.6902999999999999,V0.6
F3,118.0,0.6922500000000001,V0.6
F3,119.0,0.6942,V0.6
F3,120.0,0.6973,V0.6
F3,121.0,0.6994,V0.6
F3,122.0,0.701,V0.6
F3,123.0,0.7025499999999999,V0.6
F3,124.0,0.7038499999999999,V0.6
F3,125.0,0.70505,V0.6
F3,126.0,0.7066,V0.6
F3,127.0,0.7085,V0.6
F3,128.0,0.7103499999999999,V0.6
F3,129.0,0.71175,V0.6
F3,130.0,0.7137000000000001,V0.6
F3,131.0,0.7155,V0.6
F3,132.0,0.718,V0.6
F3,133.0,0.7202500000000001,V0.6
F3,134.0,0.7218500000000001,V0.6
F3,135.0,0.7229,V0.6
F3,136.0,0.7243499999999999,V0.6
F3,137.0,0.7257,V0.6
F3,138.0,0.7273999999999999,V0.6
F3,139.0,0.72915,V0.6
F3,140.0,0.73125,V0.6
F3,141.0,0.7335,V0.6
F3,142.0,0.73555,V0.6
F3,143.0,0.7372,V0.6
F3,144.0,0.7385499999999999,V0.6
F3,145.0,0.7398500000000001,V0.6
F3,146.0,0.7408000000000001,V0.6
F3,147.0,0.74255,V0.6
F3,148.0,0.7434499999999999,V0.6
F3,149.0,0.74475,V0.6
F3,150.0,0.7463500000000001,V0.6
F3,151.0,0.7474999999999999,V0.6
F3,152.0,0.7484000000000001,V0.6
F3,153.0,0.7496500000000001,V0.6
F3,154.0,0.7514500000000001,V0.6
F3,155.0,0.75335,V0.6
F3,156.0,0.7549,V0.6
F3,157.0,0.75685,V0.6
F3,158.0,0.7583500000000001,V0.6
F3,159.0,0.7601000000000001,V0.6
F3,160.0,0.76195,V0.6
F3,161.0,0.7634500000000001,V0.6
F3,162.0,0.76555,V0.6
F3,163.0,0.76715,V0.6
F3,164.0,0.7686499999999999,V0.6
F3,165.0,0.7699,V0.6
F3,166.0,0.77115,V0.6
F3,167.0,0.7725500000000002,V0.6
F3,168.0,0.774,V0.6
F3,169.0,0.7757000000000001,V0.6
F3,170.0,0.7765500000000001,V0.6
F3,171.0,0.7782,V0.6
F3,172.0,0.7800499999999999,V0.6
F3,173.0,0.78265,V0.6
F3,174.0,0.7847500000000001,V0.6
F3,175.0,0.78635,V0.6
F3,176.0,0.7877000000000001,V0.6
F3,177.0,0.7891,V0.6
F3,178.0,0.7908999999999999,V0.6
F3,179.0,0.79265,V0.6
F3,180.0,0.7947500000000001,V0.6
F3,181.0,0.79695,V0.6
F3,182.0,0.7982,V0.6
F3,183.0,0.79935,V0.6
F3,184.0,0.8004,V0.6
F3,185.0,0.80145,V0.6
F3,186.0,0.8026499999999999,V0.6
F3,187.0,0.80375,V0.6
F3,188.0,0.8052,V0.6
F3,189.0,0.8063,V0.6
F3,190.0,0.80795,V0.6
F3,191.0,0.8093,V0.6
F3,192.0,0.8107499999999999,V0.6
F3,193.0,0.8122,V0.6
F3,194.0,0.81425,V0.6
F3,195.0,0.81605,V0.6
F3,196.0,0.8181499999999999,V0.6
F3,197.0,0.8193499999999999,V0.6
F3,198.0,0.8208499999999999,V0.6
F3,199.0,0.82165,V0.6
F3,200.0,0.8223999999999999,V0.6
F3,201.0,0.8235999999999999,V0.6
F3,202.0,0.8250500000000001,V0.6
F3,203.0,0.8260000000000001,V0.6
F3,204.0,0.82715,V0.6
F3,205.0,0.82805,V0.6
F3,206.0,0.8291,V0.6
F3,207.0,0.8304,V0.6
F3,208.0,0.83135,V0.6
F3,209.0,0.8322,V0.6
F3,210.0,0.8329500000000001,V0.6
F3,211.0,0.83395,V0.6
F3,212.0,0.83475,V0.6
F3,213.0,0.8355999999999999,V0.6
F3,214.0,0.8362,V0.6
F3,215.0,0.8369,V0.6
F3,216.0,0.83755,V0.6
F3,217.0,0.838,V0.6
F3,218.0,0.83885,V0.6
F3,219.0,0.8397000000000001,V0.6
F3,220.0,0.84035,V0.6
F3,221.0,0.841,V0.6
F3,222.0,0.8418,V0.6
F3,223.0,0.8425000000000001,V0.6
F3,224.0,0.8430000000000001,V0.6
F3,225.0,0.84415,V0.6
F3,226.0,0.8450000000000001,V0.6
F3,227.0,0.8457,V0.6
F3,228.0,0.84695,V0.6
F3,229.0,0.84795,V0.6
F3,230.0,0.8485,V0.6
F3,231.0,0.84925,V0.6
F3,232.0,0.85,V0.6
F3,233.0,0.8504499999999999,V0.6
F3,234.0,0.8516499999999999,V0.6
F3,235.0,0.8524999999999998,V0.6
F3,236.0,0.8532,V0.6
F3,237.0,0.8537500000000001,V0.6
F3,238.0,0.8544,V0.6
F3,239.0,0.8550000000000001,V0.6
F3,240.0,0.8555,V0.6
F3,241.0,0.8562500000000001,V0.6
F3,242.0,0.85685,V0.6
F3,243.0,0.85775,V0.6
F3,244.0,0.85835,V0.6
F3,245.0,0.8592,V0.6
F3,246.0,0.86005,V0.6
F3,247.0,0.8603000000000001,V0.6
F3,248.0,0.8609,V0.6
F3,249.0,0.86185,V0.6
F3,250.0,0.8623500000000002,V0.6
F3,251.0,0.8626,V0.6
F3,252.0,0.8632000000000001,V0.6
F3,253.0,0.86385,V0.6
F3,254.0,0.86445,V0.6
F3,255.0,0.865,V0.6
F3,256.0,0.8657,V0.6
F3,257.0,0.8668999999999999,V0.6
F3,258.0,0.8678,V0.6
F3,259.0,0.8686499999999999,V0.6
F3,260.0,0.8700499999999999,V0.6
F3,261.0,0.8711,V0.6
F3,262.0,0.8716999999999999,V0.6
F3,263.0,0.8721999999999999,V0.6
F3,264.0,0.87315,V0.6
F3,265.0,0.8735500000000002,V0.6
F3,266.0,0.8744500000000001,V0.6
F3,267.0,0.8751500000000001,V0.6
F3,268.0,0.87585,V0.6
F3,269.0,0.8768,V0.6
F3,270.0,0.8782,V0.6
F3,271.0,0.8794999999999998,V0.6
F3,272.0,0.8808499999999999,V0.6
F3,273.0,0.8818999999999999,V0.6
F3,274.0,0.8831,V0.6
F3,275.0,0.88365,V0.6
F3,276.0,0.88515,V0.6
F3,277.0,0.88585,V0.6
F3,278.0,0.8865,V0.6
F3,279.0,0.8874,V0.6
F3,280.0,0.88825,V0.6
F3,281.0,0.8894,V0.6
F3,282.0,0.8903,V0.6
F3,283.0,0.8912,V0.6
F3,284.0,0.89225,V0.6
F3,285.0,0.89365,V0.6
F3,286.0,0.89445,V0.6
F3,287.0,0.8952,V0.6
F3,288.0,0.8963000000000001,V0.6
F3,289.0,0.89725,V0.6
F3,290.0,0.8979,V0.6
F3,291.0,0.89845,V0.6
F3,292.0,0.8994,V0.6
F3,293.0,0.9004000000000001,V0.6
F3,294.0,0.90165,V0.6
F3,295.0,0.9031499999999999,V0.6
F3,296.0,0.9056,V0.6
F3,297.0,0.9071,V0.6
F3,298.0,0.9094,V0.6
F3,299.0,0.9108,V0.6
F3,300.0,0.9128999999999999,V0.6
F3,301.0,0.9154500000000001,V0.6
F3,302.0,0.9171499999999999,V0.6
F3,303.0,0.9180999999999999,V0.6
F3,304.0,0.9193,V0.6
F3,305.0,0.92045,V0.6
F3,306.0,0.9216000000000001,V0.6
F3,307.0,0.9224500000000001,V0.6
F3,308.0,0.92335,V0.6
F3,309.0,0.9242999999999999,V0.6
F3,310.0,0.9254,V0.6
F3,311.0,0.9263,V0.6
F3,312.0,0.9272499999999999,V0.6
F3,313.0,0.9279499999999999,V0.6
F3,314.0,0.9282499999999999,V0.6
F3,315.0,0.929,V0.6
F3,316.0,0.9297500000000001,V0.6
F3,317.0,0.93045,V0.6
F3,318.0,0.93105,V0.6
F3,319.0,0.9318,V0.6
F3,320.0,0.93265,V0.6
F3,321.0,0.9335999999999999,V0.6
F3,322.0,0.9339500000000001,V0.6
F3,323.0,0.9345,V0.6
F3,324.0,0.9355999999999999,V0.6
F3,325.0,0.9362499999999999,V0.6
F3,326.0,0.9369999999999999,V0.6
F3,327.0,0.9378499999999999,V0.6
F3,328.0,0.9389499999999998,V0.6
F3,329.0,0.9400999999999999,V0.6
F3,330.0,0.9415500000000001,V0.6
F3,331.0,0.9424000000000001,V0.6
F3,332.0,0.9430500000000002,V0.6
F3,333.0,0.9441,V0.6
F3,334.0,0.94515,V0.6
F3,335.0,0.9465,V0.6
F3,336.0,0.9481499999999998,V0.6
F3,337.0,0.9497,V0.6
F3,338.0,0.9511999999999999,V0.6
F3,339.0,0.95235,V0.6
F3,340.0,0.9539,V0.6
F3,341.0,0.9549,V0.6
F3,342.0,0.95625,V0.6
F3,343.0,0.9574999999999999,V0.6
F3,344.0,0.95855,V0.6
F3,345.0,0.9594,V0.6
F3,346.0,0.9601999999999999,V0.6
F3,347.0,0.9610000000000001,V0.6
F3,348.0,0.9615500000000001,V0.6
F3,349.0,0.9622,V0.6
F3,350.0,0.96285,V0.6
F3,351.0,0.9635,V0.6
F3,352.0,0.9637,V0.6
F3,353.0,0.96415,V0.6
F3,354.0,0.96445,V0.6
F3,355.0,0.96475,V0.6
F3,356.0,0.96535,V0.6
F3,357.0,0.96565,V0.6
F3,358.0,0.96605,V0.6
F3,359.0,0.9663999999999999,V0.6
F3,360.0,0.9669,V0.6
F3,361.0,0.9672,V0.6
F3,362.0,0.9679,V0.6
F3,363.0,0.9684499999999999,V0.6
F3,364.0,0.9686,V0.6
F3,365.0,0.96885,V0.6
F3,366.0,0.9693999999999999,V0.6
F3,367.0,0.96965,V0.6
F3,368.0,0.96995,V0.6
F3,369.0,0.9703499999999999,V0.6
F3,370.0,0.9705999999999999,V0.6
F3,371.0,0.9709499999999999,V0.6
F3,372.0,0.97125,V0.6
F3,373.0,0.97155,V0.6
F3,374.0,0.9718,V0.6
F3,375.0,0.9718499999999999,V0.6
F3,376.0,0.97215,V0.6
F3,377.0,0.97265,V0.6
F3,378.0,0.9727,V0.6
F3,379.0,0.9729,V0.6
F3,380.0,0.9731,V0.6
F3,381.0,0.9733,V0.6
F3,382.0,0.9735,V0.6
F3,383.0,0.9738,V0.6
F3,384.0,0.9743499999999999,V0.6
F3,385.0,0.975,V0.6
F3,386.0,0.9753999999999999,V0.6
F3,387.0,0.9758,V0.6
F3,388.0,0.9763,V0.6
F3,389.0,0.97665,V0.6
F3,390.0,0.97685,V0.6
F3,391.0,0.9772,V0.6
F3,392.0,0.97755,V0.6
F3,393.0,0.9778,V0.6
F3,394.0,0.9782000000000001,V0.6
F3,395.0,0.97865,V0.6
F3,396.0,0.9788000000000001,V0.6
F3,397.0,0.9791000000000001,V0.6
F3,398.0,0.97935,V0.6
F3,399.0,0.97955,V0.6
F3,400.0,0.9798500000000001,V0.6
F3,401.0,0.9800500000000001,V0.6
F3,402.0,0.9803000000000001,V0.6
F3,403.0,0.98065,V0.6
F3,404.0,0.98105,V0.6
F3,405.0,0.98165,V0.6
F3,406.0,0.98185,V0.6
F3,407.0,0.98205,V0.6
F3,408.0,0.9827,V0.6
F3,409.0,0.9833,V0.6
F3,410.0,0.98355,V0.6
F3,411.0,0.9837,V0.6
F3,412.0,0.9839,V0.6
F3,413.0,0.98405,V0.6
F3,414.0,0.9841,V0.6
F3,415.0,0.9845,V0.6
F3,416.0,0.9847,V0.6
F3,417.0,0.9853,V0.6
F3,418.0,0.9856000000000001,V0.6
F3,419.0,0.98575,V0.6
F3,420.0,0.986,V0.6
F3,421.0,0.9863999999999999,V0.6
F3,422.0,0.98685,V0.6
F3,423.0,0.98725,V0.6
F3,424.0,0.9876500000000001,V0.6
F3,425.0,0.9878000000000001,V0.6
F3,426.0,0.98805,V0.6
F3,427.0,0.9883500000000001,V0.6
F3,428.0,0.98865,V0.6
F3,429.0,0.9889000000000001,V0.6
F3,430.0,0.9890500000000001,V0.6
F3,431.0,0.98925,V0.6
F3,432.0,0.9894000000000001,V0.6
F3,433.0,0.9895499999999999,V0.6
F3,434.0,0.9896499999999999,V0.6
F3,435.0,0.9898999999999999,V0.6
F3,436.0,0.98995,V0.6
F3,437.0,0.9901,V0.6
F3,438.0,0.9902,V0.6
F3,439.0,0.99035,V0.6
F3,440.0,0.9904,V0.6
F3,441.0,0.9904,V0.6
F3,442.0,0.9904999999999999,V0.6
F3,443.0,0.9905999999999999,V0.6
F3,444.0,0.9908499999999999,V0.6
F3,445.0,0.9910499999999999,V0.6
F3,446.0,0.9912,V0.6
F3,447.0,0.9913499999999998,V0.6
F3,448.0,0.9914999999999999,V0.6
F3,449.0,0.9917499999999999,V0.6
F3,450.0,0.9920999999999999,V0.6
F3,451.0,0.9922,V0.6
F3,452.0,0.9922500000000001,V0.6
F3,453.0,0.9923500000000001,V0.6
F3,454.0,0.9925499999999999,V0.6
F3,455.0,0.9927,V0.6
F3,456.0,0.9927999999999999,V0.6
F3,457.0,0.99295,V0.6
F3,458.0,0.9930000000000001,V0.6
F3,459.0,0.9931500000000002,V0.6
F3,460.0,0.9931500000000002,V0.6
F3,461.0,0.9933000000000002,V0.6
F3,462.0,0.9935000000000002,V0.6
F3,463.0,0.9936000000000001,V0.6
F3,464.0,0.9937500000000001,V0.6
F3,465.0,0.9939500000000001,V0.6
F3,466.0,0.9940000000000001,V0.6
F3,467.0,0.9941500000000001,V0.6
F3,468.0,0.9943000000000001,V0.6
F3,469.0,0.9945,V0.6
F3,470.0,0.99455,V0.6
F3,471.0,0.9947,V0.6
F3,472.0,0.99475,V0.6
F3,473.0,0.99475,V0.6
F3,474.0,0.9948500000000001,V0.6
F3,475.0,0.9948500000000001,V0.6
F3,476.0,0.9949000000000001,V0.6
F3,477.0,0.9950000000000001,V0.6
F3,478.0,0.9951000000000001,V0.6
F3,479.0,0.9952500000000001,V0.6
F3,480.0,0.9953500000000001,V0.6
F3,481.0,0.9954500000000001,V0.6
F3,482.0,0.9956,V0.6
F3,483.0,0.9956,V0.6
F3,484.0,0.9959,V0.6
F3,485.0,0.9959,V0.6
F3,486.0,0.996,V0.6
F3,487.0,0.99605,V0.6
F3,488.0,0.99605,V0.6
F3,489.0,0.99605,V0.6
F3,490.0,0.9961000000000001,V0.6
F3,491.0,0.9961000000000001,V0.6
F3,492.0,0.9961500000000001,V0.6
F3,493.0,0.9961500000000001,V0.6
F3,494.0,0.9961500000000001,V0.6
F3,495.0,0.9961500000000001,V0.6
F3,496.0,0.9961500000000001,V0.6
F3,497.0,0.9961500000000001,V0.6
F3,498.0,0.9961500000000001,V0.6
F3,499.0,0.9962500000000001,V0.6
F3,500.0,0.9963500000000001,V0.6
F3,501.0,0.9964000000000001,V0.6
F3,502.0,0.9964500000000001,V0.6
F3,503.0,0.9965,V0.6
F3,504.0,0.9965,V0.6
F3,505.0,0.99655,V0.6
F3,506.0,0.9966,V0.6
F3,507.0,0.99665,V0.6
F3,508.0,0.9968,V0.6
F3,509.0,0.99685,V0.6
F3,510.0,0.99685,V0.6
F3,511.0,0.99685,V0.6
F3,512.0,0.9969,V0.6
F3,513.0,0.99695,V0.6
F3,514.0,0.997,V0.6
F3,515.0,0.9971,V0.6
F3,516.0,0.9971,V0.6
F3,517.0,0.9972000000000001,V0.6
F3,518.0,0.99725,V0.6
F3,519.0,0.99725,V0.6
F3,520.0,0.9973000000000001,V0.6
F3,521.0,0.9975,V0.6
F3,522.0,0.9975,V0.6
F3,523.0,0.9975499999999999,V0.6
F3,524.0,0.9975499999999999,V0.6
F3,525.0,0.9976,V0.6
F3,526.0,0.9977,V0.6
F3,527.0,0.9977,V0.6
F3,528.0,0.9977,V0.6
F3,529.0,0.9978,V0.6
F3,530.0,0.99785,V0.6
F3,531.0,0.99795,V0.6
F3,532.0,0.9980000000000001,V0.6
F3,533.0,0.9980000000000001,V0.6
F3,534.0,0.9980000000000001,V0.6
F3,535.0,0.99805,V0.6
F3,536.0,0.99805,V0.6
F3,537.0,0.99805,V0.6
F3,538.0,0.9981000000000001,V0.6
F3,539.0,0.9982000000000001,V0.6
F3,540.0,0.9982000000000001,V0.6
F3,541.0,0.9982500000000001,V0.6
F3,542.0,0.9983000000000001,V0.6
F3,543.0,0.9983000000000001,V0.6
F3,544.0,0.9983000000000001,V0.6
F3,545.0,0.9983000000000001,V0.6
F3,546.0,0.9983000000000001,V0.6
F3,547.0,0.9983500000000001,V0.6
F3,548.0,0.9983500000000001,V0.6
F3,549.0,0.9984000000000001,V0.6
F3,550.0,0.9984500000000001,V0.6
F3,551.0,0.9984500000000001,V0.6
F3,552.0,0.99855,V0.6
F3,553.0,0.9986,V0.6
F3,554.0,0.99875,V0.6
F3,555.0,0.99875,V0.6
F3,556.0,0.9988,V0.6
F3,557.0,0.99885,V0.6
F3,558.0,0.99885,V0.6
F3,559.0,0.99885,V0.6
F3,560.0,0.99885,V0.6
F3,561.0,0.9989,V0.6
F3,562.0,0.99895,V0.6
F3,563.0,0.999,V0.6
F3,564.0,0.99905,V0.6
F3,565.0,0.9991,V0.6
F3,566.0,0.9991,V0.6
F3,567.0,0.99915,V0.6
F3,568.0,0.9992,V0.6
F3,569.0,0.99925,V0.6
F3,570.0,0.99925,V0.6
F3,571.0,0.99925,V0.6
F3,572.0,0.99925,V0.6
F3,573.0,0.99925,V0.6
F3,574.0,0.99925,V0.6
F3,575.0,0.99925,V0.6
F3,576.0,0.99925,V0.6
F3,577.0,0.99925,V0.6
F3,578.0,0.99925,V0.6
F3,579.0,0.99935,V0.6
F3,580.0,0.9994,V0.6
F3,581.0,0.9994,V0.6
F3,582.0,0.9994,V0.6
F3,583.0,0.9994,V0.6
F3,584.0,0.9994,V0.6
F3,585.0,0.9995,V0.6
F3,586.0,0.9995,V0.6
F3,587.0,0.9995,V0.6
F3,588.0,0.9995,V0.6
F3,589.0,0.9995,V0.6
F3,590.0,0.9995,V0.6
F3,591.0,0.9995,V0.6
F3,592.0,0.9995,V0.6
F3,593.0,0.9995,V0.6
F3,594.0,0.9995,V0.6
F3,595.0,0.9995499999999999,V0.6
F3,596.0,0.9995499999999999,V0.6
F3,597.0,0.9995499999999999,V0.6
F3,598.0,0.9995499999999999,V0.6
F3,599.0,0.9995499999999999,V0.6
F3,600.0,0.9995499999999999,V0.6
F3,601.0,0.9995499999999999,V0.6
F3,602.0,0.9995499999999999,V0.6
F3,603.0,0.9996,V0.6
F3,604.0,0.9996,V0.6
F3,605.0,0.9996,V0.6
F3,606.0,0.9996,V0.6
F3,607.0,0.9996,V0.6
F3,608.0,0.9996,V0.6
F3,609.0,0.9996,V0.6
F3,610.0,0.9996,V0.6
F3,611.0,0.9996499999999999,V0.6
F3,612.0,0.9996499999999999,V0.6
F3,613.0,0.9996499999999999,V0.6
F3,614.0,0.9996499999999999,V0.6
F3,615.0,0.9996499999999999,V0.6
F3,616.0,0.9996499999999999,V0.6
F3,617.0,0.9996499999999999,V0.6
F3,618.0,0.9996499999999999,V0.6
F3,619.0,0.9996499999999999,V0.6
F3,620.0,0.9996499999999999,V0.6
F3,621.0,0.9997,V0.6
F3,622.0,0.9997,V0.6
F3,623.0,0.99975,V0.6
F3,624.0,0.99975,V0.6
F3,625.0,0.99975,V0.6
F3,626.0,0.99975,V0.6
F3,627.0,0.99975,V0.6
F3,628.0,0.9998,V0.6
F3,629.0,0.9998,V0.6
F3,630.0,0.9998,V0.6
F3,631.0,0.9998,V0.6
F3,632.0,0.9998,V0.6
F3,633.0,0.9998,V0.6
F3,634.0,0.9998,V0.6
F3,635.0,0.9998,V0.6
F3,636.0,0.9998,V0.6
F3,637.0,0.9998,V0.6
F3,638.0,0.9998,V0.6
F3,639.0,0.9998,V0.6
F3,640.0,0.9998,V0.6
F3,641.0,0.9998,V0.6
F3,642.0,0.9998,V0.6
F3,643.0,0.9998,V0.6
F3,644.0,0.9998,V0.6
F3,645.0,0.9998,V0.6
F3,646.0,0.9998,V0.6
F3,647.0,0.9998,V0.6
F3,648.0,0.9998,V0.6
F3,649.0,0.9998,V0.6
F3,650.0,0.9998,V0.6
F3,651.0,0.9998,V0.6
F3,652.0,0.9998,V0.6
F3,653.0,0.9998,V0.6
F3,654.0,0.9998,V0.6
F3,655.0,0.9998,V0.6
F3,656.0,0.9998,V0.6
F3,657.0,0.9998,V0.6
F3,658.0,0.9998,V0.6
F3,659.0,0.9998,V0.6
F3,660.0,0.9998,V0.6
F3,661.0,0.9998,V0.6
F3,662.0,0.9998,V0.6
F3,663.0,0.9998,V0.6
F3,664.0,0.9998,V0.6
F3,665.0,0.9998,V0.6
F3,666.0,0.9998,V0.6
F3,667.0,0.9998,V0.6
F3,668.0,0.9998,V0.6
F3,669.0,0.9998,V0.6
F3,670.0,0.9998,V0.6
F3,671.0,0.9998,V0.6
F3,672.0,0.9998,V0.6
F3,673.0,0.9998,V0.6
F3,674.0,0.9998,V0.6
F3,675.0,0.9998,V0.6
F3,676.0,0.9998,V0.6
F3,677.0,0.9998,V0.6
F3,678.0,0.9998,V0.6
F3,679.0,0.9998,V0.6
F3,680.0,0.9998,V0.6
F3,681.0,0.99985,V0.6
F3,682.0,0.99985,V0.6
F3,683.0,0.99985,V0.6
F3,684.0,0.99985,V0.6
F3,685.0,0.99985,V0.6
F3,686.0,0.99985,V0.6
F3,687.0,0.99985,V0.6
F3,688.0,0.99985,V0.6
F3,689.0,0.99985,V0.6
F3,690.0,0.99985,V0.6
F3,691.0,0.99985,V0.6
F3,692.0,0.99985,V0.6
F3,693.0,0.99985,V0.6
F3,694.0,0.99985,V0.6
F3,695.0,0.99985,V0.6
F3,696.0,0.99985,V0.6
F3,697.0,0.99985,V0.6
F3,698.0,0.99985,V0.6
F3,699.0,0.99985,V0.6
F3,700.0,0.99985,V0.6
F3,701.0,0.99985,V0.6
F3,702.0,0.99985,V0.6
F3,703.0,0.99985,V0.6
F3,704.0,0.99985,V0.6
F3,705.0,0.99985,V0.6
F3,706.0,0.99985,V0.6
F3,707.0,0.99985,V0.6
F3,708.0,0.99985,V0.6
F3,709.0,0.99985,V0.6
F3,710.0,0.99985,V0.6
F3,711.0,0.99985,V0.6
F3,712.0,0.99985,V0.6
F3,713.0,0.99985,V0.6
F3,714.0,0.99985,V0.6
F3,715.0,0.99985,V0.6
F3,716.0,0.99985,V0.6
F3,717.0,0.99985,V0.6
F3,718.0,0.99985,V0.6
F3,719.0,0.99985,V0.6
F3,720.0,0.99985,V0.6
F3,721.0,0.99985,V0.6
F3,722.0,0.99985,V0.6
F3,723.0,0.99985,V0.6
F3,724.0,0.99985,V0.6
F3,725.0,0.99985,V0.6
F3,726.0,0.99985,V0.6
F3,727.0,0.99985,V0.6
F3,728.0,0.99985,V0.6
F3,729.0,0.99985,V0.6
F3,730.0,0.99985,V0.6
F3,731.0,0.99985,V0.6
F3,732.0,0.99985,V0.6
F3,733.0,0.99985,V0.6
F3,734.0,0.99985,V0.6
F3,735.0,0.99985,V0.6
F3,736.0,0.99985,V0.6
F3,737.0,0.99985,V0.6
F3,738.0,0.99985,V0.6
F3,739.0,0.9999,V0.6
F3,740.0,0.9999,V0.6
F3,741.0,0.9999,V0.6
F3,742.0,0.9999,V0.6
F3,743.0,0.9999,V0.6
F3,744.0,0.9999,V0.6
F3,745.0,0.9999,V0.6
F3,746.0,0.9999,V0.6
F3,747.0,0.9999,V0.6
F3,748.0,0.99995,V0.6
F3,749.0,0.99995,V0.6
F3,750.0,0.99995,V0.6
F3,751.0,0.99995,V0.6
F3,752.0,0.99995,V0.6
F3,753.0,0.99995,V0.6
F3,754.0,0.99995,V0.6
F3,755.0,0.99995,V0.6
F3,756.0,0.99995,V0.6
F3,757.0,0.99995,V0.6
F3,758.0,0.99995,V0.6
F3,759.0,0.99995,V0.6
F3,760.0,0.99995,V0.6
F3,761.0,0.99995,V0.6
F3,762.0,1.0,V0.6
