comparison_group,baseline,treatment,metric,direction,sample_count,degrees_of_freedom,mean,sample_standard_deviation,standard_error,t_critical_975,ci95_lower,ci95_upper,ci95_half_width,leave_one_out_min,leave_one_out_max,leave_one_out_sign_stable,exact_two_sided_sign_flip_pvalue
A,Legacy-20,Legacy-15,correct_delivery_probability,treatment_minus_baseline,8,7,-0.0006000000000000033,0.0012094863136295224,0.0004276179870598773,2.365,-0.001611316539396613,0.0004113165393966065,0.0010113165393966098,-0.0007428571428571404,-0.00022857142857143513,True,0.375
A,Legacy-20,Legacy-15,protocol_terminal_failure_probability,treatment_minus_baseline,8,7,0.00055,0.001227075501228138,0.00043383670397314903,2.365,-0.00047602380489649755,0.0015760238048964977,0.0010260238048964976,0.00017142857142857145,0.0006857142857142858,True,0.5
A,Legacy-20,Legacy-15,mean_correct_latency_slots,treatment_minus_baseline,8,7,1.1705902174924625,8.600083769086785,3.040588775946814,2.365,-6.020402237621754,8.361582672606678,7.190992455114216,-1.1073348399824197,2.759528933179518,False,0.7109375
A,Legacy-20,Legacy-15,p95_correct_latency_slots,treatment_minus_baseline,8,7,3.981249999999932,52.96875721660281,18.72728370944186,2.365,-40.30877597283007,48.27127597282993,44.29002597283,-7.107142857142857,16.40714285714278,False,0.859375
A,Legacy-20,Legacy-15,phy_attempts,treatment_minus_baseline,8,7,23.25,163.96667779939747,57.97097488029184,2.365,-113.85135559189021,160.3513555918902,137.1013555918902,-9.571428571428571,65.14285714285714,False,0.765625
A,Legacy-20,Legacy-15,harq_episode_count,treatment_minus_baseline,8,7,36.125,137.14375929762795,48.487641098384174,2.365,-78.54827119767859,150.7982711976786,114.67327119767859,14.285714285714286,75.14285714285714,True,0.453125
A,Legacy-20,Legacy-15,final_harq_failure_count,treatment_minus_baseline,8,7,-3.75,31.698355072238595,11.207060912019452,2.365,-30.254699056926007,22.754699056926007,26.504699056926007,-11.142857142857142,4.428571428571429,False,0.7421875
A,Legacy-20,Legacy-15,rlc_retransmissions,treatment_minus_baseline,8,7,36.125,137.14375929762795,48.487641098384174,2.365,-78.54827119767859,150.7982711976786,114.67327119767859,14.285714285714286,75.14285714285714,True,0.453125
A,Legacy-20,Legacy-15,cb_attempts_per_slot,treatment_minus_baseline,8,7,0.0833090150740905,0.463211761429676,0.16377008881614458,2.365,-0.30400724497609144,0.47062527512427244,0.38731626005018194,-0.06094461185428938,0.1472885109815371,False,0.75
A,Legacy-20,Legacy-15,cb_overlap_probability,treatment_minus_baseline,8,7,-4.5131071368054165e-05,0.0022132544075473925,0.000782503600033888,2.365,-0.0018957520854481994,0.001805489942712091,0.0018506210140801452,-0.00041547101214399273,0.000412051601690571,False,0.9375
A,Legacy-20,Legacy-15,scheduled_attempts_per_slot,treatment_minus_baseline,8,7,0.017625966158584055,0.07394709602338483,0.026144246523594095,2.365,-0.044205176869715986,0.07945710918688409,0.06183114302830004,0.005129742337731605,0.04015007697790475,True,0.5078125
A,Legacy-20,Legacy-15,mean_scheduled_queue_length,treatment_minus_baseline,8,7,5.41844611781096,19.965297491531086,7.058798622334199,2.365,-11.27561262400942,22.112504859631343,16.69405874182038,0.6827177011611484,9.551245796135884,True,0.46875
A,Legacy-20,Legacy-15,mean_scheduled_queue_wait_slots,treatment_minus_baseline,8,7,3.575199021715375,11.23266194115792,3.9713457146844062,2.365,-5.817033593513247,12.967431636943996,9.392232615228622,1.0364160297273266,6.12706964012216,True,0.375
A,Legacy-20,Legacy-15,cb_prb_slots,treatment_minus_baseline,8,7,1.125,15.724753007372076,5.559539741998176,2.365,-12.023311489825687,14.273311489825687,13.148311489825687,-1.0,5.714285714285714,False,0.859375
A,Legacy-20,Legacy-15,scheduled_prb_slots,treatment_minus_baseline,8,7,12.5,98.76668032720926,34.91929470732682,2.365,-70.08413198282794,95.08413198282794,82.58413198282794,-4.714285714285714,40.57142857142857,False,0.7734375
A,Legacy-20,Legacy-15,total_occupied_prb_slots,treatment_minus_baseline,8,7,13.625,90.09191734794288,31.852302843414183,2.365,-61.705696224674554,88.95569622467455,75.33069622467455,-1.5714285714285714,41.142857142857146,False,0.6953125
A,Legacy-20,Legacy-15,mean_residual_cb_prbs,treatment_minus_baseline,8,7,-0.011657638424151462,0.06729730923922544,0.023793191859332204,2.365,-0.06792853717147213,0.04461326032316921,0.05627089874732067,-0.029905119881816513,0.0011675990790295085,False,0.6640625
A,Legacy-20,Legacy-15,drain_slots,treatment_minus_baseline,8,7,-3.625,36.221294052768776,12.806161324032383,2.365,-33.91157153133659,26.661571531336588,30.286571531336588,-9.142857142857142,7.0,False,0.8359375
B,Legacy-20,Fast-SB,correct_delivery_probability,treatment_minus_baseline,8,7,0.0003000000000000086,0.0005554920598635468,0.00019639610121239878,2.365,-0.00016447677936731454,0.0007644767793673318,0.00046447677936732314,0.00011428571428571756,0.00034285714285715266,True,0.25
B,Legacy-20,Fast-SB,protocol_terminal_failure_probability,treatment_minus_baseline,8,7,-0.00035,0.0005830951894845301,0.00020615528128088305,2.365,-0.0008375572402292885,0.00013755724022928846,0.00048755724022928846,-0.0004,-0.00017142857142857145,True,0.25
B,Legacy-20,Fast-SB,mean_correct_latency_slots,treatment_minus_baseline,8,7,2.856767560447763,8.342056895478906,2.9493624999185664,2.365,-4.118474751859647,9.832009872755172,6.97524231230741,1.6770486405117293,5.382033347471435,True,0.359375
B,Legacy-20,Fast-SB,p95_correct_latency_slots,treatment_minus_baseline,8,7,-14.487499999999955,53.987569667206024,19.08748830573127,2.365,-59.62940984305441,30.654409843054502,45.14190984305446,-26.41428571428566,-0.13571428571425972,True,0.5
B,Legacy-20,Fast-SB,phy_attempts,treatment_minus_baseline,8,7,305.125,255.06382254531624,90.17867927857765,2.365,91.85242350616386,518.3975764938361,213.27257649383614,261.14285714285717,362.42857142857144,True,0.0234375
B,Legacy-20,Fast-SB,harq_episode_count,treatment_minus_baseline,8,7,-268.375,190.2178732025839,67.25217402221496,2.365,-427.42639156253836,-109.32360843746162,159.05139156253838,-299.42857142857144,-221.57142857142858,True,0.0078125
B,Legacy-20,Fast-SB,final_harq_failure_count,treatment_minus_baseline,8,7,113.25,47.93373402044595,16.94713418672482,2.365,73.1700276483958,153.3299723516042,40.079972351604205,105.14285714285714,125.28571428571429,True,0.0078125
B,Legacy-20,Fast-SB,rlc_retransmissions,treatment_minus_baseline,8,7,-268.375,190.2178732025839,67.25217402221496,2.365,-427.42639156253836,-109.32360843746162,159.05139156253838,-299.42857142857144,-221.57142857142858,True,0.0078125
B,Legacy-20,Fast-SB,cb_attempts_per_slot,treatment_minus_baseline,8,7,1.091001487286648,0.3345654436174494,0.11828674696629199,2.365,0.8112533307113674,1.3707496438619287,0.27974815657528057,1.0251435495960801,1.1903854897712443,True,0.0078125
B,Legacy-20,Fast-SB,cb_overlap_probability,treatment_minus_baseline,8,7,0.011087090644224237,0.005717265850269775,0.002021358726286015,2.365,0.006306577256557812,0.015867604031890664,0.004780513387666425,0.0100524475162118,0.01220882120210119,True,0.0078125
B,Legacy-20,Fast-SB,scheduled_attempts_per_slot,treatment_minus_baseline,8,7,0.10973741831975409,0.12891065121181752,0.045576797819525,2.365,0.0019482914765774628,0.2175265451629307,0.10778912684317662,0.0917826857590663,0.13836636549757197,True,0.0546875
B,Legacy-20,Fast-SB,mean_scheduled_queue_length,treatment_minus_baseline,8,7,36.75842027499686,13.948514217191258,4.931544495226452,2.365,25.095317543786297,48.42152300620742,11.66310273121056,34.769654846419876,40.33567106628175,True,0.0078125
B,Legacy-20,Fast-SB,mean_scheduled_queue_wait_slots,treatment_minus_baseline,8,7,26.547621487182408,5.900635761516968,2.086189780140248,2.365,21.613782657150722,31.481460317214093,4.933838830031687,25.80477680510045,27.894259561030044,True,0.0078125
B,Legacy-20,Fast-SB,cb_prb_slots,treatment_minus_baseline,8,7,-95.0,45.71964254328455,16.164334637890736,2.365,-133.2286514186116,-56.77134858138841,38.22865141861159,-105.57142857142857,-87.14285714285714,True,0.0078125
B,Legacy-20,Fast-SB,scheduled_prb_slots,treatment_minus_baseline,8,7,5.5,143.10835055998655,50.596442562694065,2.365,-114.16058666077147,125.16058666077147,119.66058666077147,-18.714285714285715,38.714285714285715,False,0.921875
B,Legacy-20,Fast-SB,total_occupied_prb_slots,treatment_minus_baseline,8,7,-89.5,103.82127500111498,36.70636379236089,2.365,-176.3105503689335,-2.689449631066495,86.8105503689335,-109.14285714285714,-62.42857142857143,True,0.0234375
B,Legacy-20,Fast-SB,mean_residual_cb_prbs,treatment_minus_baseline,8,7,-0.22491588025751563,0.12464642565640706,0.044069166416155145,2.365,-0.3291394588317226,-0.1206923016833087,0.10422357857420693,-0.2528637748925216,-0.20119675599919326,True,0.0078125
B,Legacy-20,Fast-SB,drain_slots,treatment_minus_baseline,8,7,-46.25,32.14142853968113,11.363711038715678,2.365,-73.12517660656258,-19.37482339343742,26.87517660656258,-53.42857142857143,-38.142857142857146,True,0.015625
B,Legacy-15,Fast-SB,correct_delivery_probability,treatment_minus_baseline,8,7,0.0009000000000000119,0.0011661903789690622,0.00041231056256176674,2.365,-7.511448045856653e-05,0.0018751144804585902,0.0009751144804585784,0.0005714285714285878,0.0010285714285714423,True,0.125
B,Legacy-15,Fast-SB,protocol_terminal_failure_probability,treatment_minus_baseline,8,7,-0.0009000000000000001,0.0011661903789690602,0.0004123105625617661,2.365,-0.001875114480458577,7.511448045857683e-05,0.0009751144804585769,-0.0010285714285714286,-0.0005714285714285715,True,0.125
B,Legacy-15,Fast-SB,mean_correct_latency_slots,treatment_minus_baseline,8,7,1.6861773429553004,9.04604725091007,3.198260677026218,2.365,-5.877709158211706,9.250063844122307,7.563886501167007,0.09117410623462925,3.728058153373709,True,0.6015625
B,Legacy-15,Fast-SB,p95_correct_latency_slots,treatment_minus_baseline,8,7,-18.468749999999886,61.66991589734573,21.803607863108617,2.365,-70.03428259625177,33.096782596252,51.565532596251884,-32.82142857142844,-6.592857142857091,True,0.390625
B,Legacy-15,Fast-SB,phy_attempts,treatment_minus_baseline,8,7,281.875,290.3340133117618,102.64857481092605,2.365,39.11112057215988,524.6388794278402,242.76387942784012,227.14285714285714,334.57142857142856,True,0.046875
B,Legacy-15,Fast-SB,harq_episode_count,treatment_minus_baseline,8,7,-304.5,223.57612957175397,79.04609866581471,2.365,-491.4440233446518,-117.55597665534819,186.9440233446518,-361.2857142857143,-264.2857142857143,True,0.015625
B,Legacy-15,Fast-SB,final_harq_failure_count,treatment_minus_baseline,8,7,117.0,60.05949431307974,21.234237851706784,2.365,66.78102748071345,167.21897251928655,50.218972519286545,106.57142857142857,128.71428571428572,True,0.0078125
B,Legacy-15,Fast-SB,rlc_retransmissions,treatment_minus_baseline,8,7,-304.5,223.57612957175397,79.04609866581471,2.365,-491.4440233446518,-117.55597665534819,186.9440233446518,-361.2857142857143,-264.2857142857143,True,0.015625
B,Legacy-15,Fast-SB,cb_attempts_per_slot,treatment_minus_baseline,8,7,1.0076924722125575,0.4409753660046475,0.15590833581905297,2.365,0.6389692580004972,1.3764156864246178,0.36872321421206034,0.9415809839108557,1.1393456521850118,True,0.0078125
B,Legacy-15,Fast-SB,cb_overlap_probability,treatment_minus_baseline,8,7,0.011132221715592291,0.004533093656668537,0.0016026906321920226,2.365,0.007341858370458158,0.014922585060726426,0.0037903633451341337,0.010357909688477147,0.011875575472277864,True,0.0078125
B,Legacy-15,Fast-SB,scheduled_attempts_per_slot,treatment_minus_baseline,8,7,0.09211145216117003,0.15312254816730675,0.05413699608083317,2.365,-0.03592254357000044,0.2201454478923405,0.12803399573117047,0.058748718809735694,0.12074096131056636,True,0.1328125
B,Legacy-15,Fast-SB,mean_scheduled_queue_length,treatment_minus_baseline,8,7,31.3399741571859,17.082515131935352,6.0395811447566485,2.365,17.056364749836426,45.62358356453537,14.283609407349475,27.8652279431678,35.945396051799264,True,0.015625
B,Legacy-15,Fast-SB,mean_scheduled_queue_wait_slots,treatment_minus_baseline,8,7,22.972422465467034,9.057810696364472,3.202419683051681,2.365,15.398699915049807,30.54614501588426,7.573722550417226,21.371529535089145,25.30558424032097,True,0.0078125
B,Legacy-15,Fast-SB,cb_prb_slots,treatment_minus_baseline,8,7,-96.125,43.90065896023495,15.52122682467005,2.365,-132.83270144034466,-59.41729855965533,36.70770144034467,-104.85714285714286,-87.42857142857143,True,0.0078125
B,Legacy-15,Fast-SB,scheduled_prb_slots,treatment_minus_baseline,8,7,-7.0,162.81979521632408,57.56549065443387,2.365,-143.14238539773612,129.14238539773612,136.14238539773612,-44.0,22.285714285714285,False,0.90625
B,Legacy-15,Fast-SB,total_occupied_prb_slots,treatment_minus_baseline,8,7,-103.125,129.46531526684225,45.772901176819204,2.365,-211.3779112831774,5.127911283177426,108.25291128317743,-136.0,-77.85714285714286,True,0.0625
B,Legacy-15,Fast-SB,mean_residual_cb_prbs,treatment_minus_baseline,8,7,-0.21325824183336417,0.15251791904845033,0.05392322740581006,2.365,-0.34078667464810497,-0.08572980901862337,0.1275284328147408,-0.24158484286473594,-0.18804733604419713,True,0.0078125
B,Legacy-15,Fast-SB,drain_slots,treatment_minus_baseline,8,7,-42.625,40.081835928866475,14.171068993854043,2.365,-76.13957817046482,-9.110421829535184,33.514578170464816,-53.285714285714285,-35.714285714285715,True,0.03125
C,Fast-CB,Fast-SB,correct_delivery_probability,treatment_minus_baseline,8,7,0.26739999999999997,0.2815336772547317,0.09953718615960283,2.365,0.03199455473253926,0.5028054452674606,0.2354054452674607,0.18594285714285716,0.3056,True,0.015625
C,Fast-CB,Fast-SB,protocol_terminal_failure_probability,treatment_minus_baseline,8,7,-0.2672,0.28137385399906245,0.0994806801056653,2.365,-0.5024718084498985,-0.03192819155010154,0.23527180844989845,-0.30537142857142857,-0.18577142857142856,True,0.03125
C,Fast-CB,Fast-SB,mean_correct_latency_slots,treatment_minus_baseline,8,7,28.695726030939767,7.233545495181878,2.5574445358322544,2.365,22.647369703696484,34.74408235818305,6.048356327243282,27.42596416203109,30.569080392984898,True,0.0078125
C,Fast-CB,Fast-SB,p95_correct_latency_slots,treatment_minus_baseline,8,7,141.63125000000008,27.096335249043783,9.580001199951468,2.365,118.97454716211486,164.2879528378853,22.656702837885224,135.57142857142864,146.29285714285723,True,0.0078125
C,Fast-CB,Fast-SB,phy_attempts,treatment_minus_baseline,8,7,-16063.625,18180.792776502978,6427.880929806327,2.365,-31265.563398991966,-861.6866010080357,15201.938398991964,-18597.428571428572,-10796.142857142857,True,0.03125
C,Fast-CB,Fast-SB,harq_episode_count,treatment_minus_baseline,8,7,-3711.125,4273.858492125621,1511.0371608068695,2.365,-7284.727885308246,-137.52211469175336,3573.6028853082466,-4307.857142857143,-2475.714285714286,True,0.03125
C,Fast-CB,Fast-SB,final_harq_failure_count,treatment_minus_baseline,8,7,-4379.125,4977.1750862598465,1759.6971273235383,2.365,-8540.80870612017,-217.4412938798314,4161.683706120169,-5071.285714285715,-2940.1428571428573,True,0.03125
C,Fast-CB,Fast-SB,rlc_retransmissions,treatment_minus_baseline,8,7,-3711.125,4273.858492125621,1511.0371608068695,2.365,-7284.727885308246,-137.52211469175336,3573.6028853082466,-4307.857142857143,-2475.714285714286,True,0.03125
C,Fast-CB,Fast-SB,cb_attempts_per_slot,treatment_minus_baseline,8,7,-30.61952270601057,30.302359746820727,10.713502031465604,2.365,-55.956955010426725,-5.282090401594417,25.337432304416154,-34.66877729023816,-21.665954273410414,True,0.0078125
C,Fast-CB,Fast-SB,cb_overlap_probability,treatment_minus_baseline,8,7,0.005288157226861379,0.02758110412184318,0.009751392878583775,2.365,-0.01777388693098925,0.028350201384712007,0.02306204415785063,-0.0012557964588049459,0.009350400484992869,False,0.5859375
C,Fast-CB,Fast-SB,scheduled_attempts_per_slot,treatment_minus_baseline,8,7,1.5972349200450298,0.08244238848103942,0.02914778597607934,2.365,1.5283004062116021,1.6661694338784574,0.06893451383342765,1.588137117161479,1.6250263927973996,True,0.0078125
C,Fast-CB,Fast-SB,mean_scheduled_queue_length,treatment_minus_baseline,8,7,101.63603179472085,30.924460715311533,10.933447938166887,2.365,75.77842742095616,127.49363616848554,25.85760437376469,92.94315782475418,108.1616667902028,True,0.0078125
C,Fast-CB,Fast-SB,mean_scheduled_queue_wait_slots,treatment_minus_baseline,8,7,61.735422523997805,17.009727064059902,6.01384667656455,2.365,47.51267513392264,75.95816991407297,14.222747390075163,56.72614778146977,64.87875091323183,True,0.0078125
C,Fast-CB,Fast-SB,cb_prb_slots,treatment_minus_baseline,8,7,-866.25,165.92059202263852,58.661787878847136,2.365,-1004.9851283334735,-727.5148716665265,138.73512833347348,-898.7142857142857,-824.0,True,0.0078125
C,Fast-CB,Fast-SB,scheduled_prb_slots,treatment_minus_baseline,8,7,1125.5,84.09858160855883,29.733338671791106,2.365,1055.180654041214,1195.819345958786,70.31934595878597,1114.4285714285713,1152.4285714285713,True,0.0078125
C,Fast-CB,Fast-SB,total_occupied_prb_slots,treatment_minus_baseline,8,7,259.25,177.42664480205414,62.72979185135469,2.365,110.89404227154614,407.60595772845386,148.35595772845386,215.71428571428572,297.0,True,0.015625
C,Fast-CB,Fast-SB,mean_residual_cb_prbs,treatment_minus_baseline,8,7,-1.8018302061942912,0.14894563467213415,0.0526602341524001,2.365,-1.9263716599647176,-1.6772887524238649,0.12454145377042625,-1.8389607831270942,-1.7802330529361232,True,0.0078125
C,Fast-CB,Fast-SB,drain_slots,treatment_minus_baseline,8,7,109.875,34.71285270410864,12.2728467707025,2.365,80.84971738728859,138.9002826127114,29.025282612711415,100.42857142857143,115.71428571428571,True,0.0078125
