comparison_group,baseline,treatment,metric,seed,baseline_value,treatment_value,paired_difference
A,Legacy-20,Legacy-15,correct_delivery_probability,9101,0.9992,0.9988,-0.00039999999999995595
A,Legacy-20,Legacy-15,correct_delivery_probability,9102,0.9996,0.9996,0.0
A,Legacy-20,Legacy-15,correct_delivery_probability,9103,1.0,0.9984,-0.0016000000000000458
A,Legacy-20,Legacy-15,correct_delivery_probability,9104,0.9984,0.9984,0.0
A,Legacy-20,Legacy-15,correct_delivery_probability,9105,1.0,1.0,0.0
A,Legacy-20,Legacy-15,correct_delivery_probability,9106,1.0,0.9968,-0.0031999999999999806
A,Legacy-20,Legacy-15,correct_delivery_probability,9107,1.0,1.0,0.0
A,Legacy-20,Legacy-15,correct_delivery_probability,9108,0.9996,1.0,0.00039999999999995595
A,Legacy-20,Legacy-15,protocol_terminal_failure_probability,9101,0.0008,0.0008,0.0
A,Legacy-20,Legacy-15,protocol_terminal_failure_probability,9102,0.0,0.0,0.0
A,Legacy-20,Legacy-15,protocol_terminal_failure_probability,9103,0.0,0.0016,0.0016
A,Legacy-20,Legacy-15,protocol_terminal_failure_probability,9104,0.0016,0.0016,0.0
A,Legacy-20,Legacy-15,protocol_terminal_failure_probability,9105,0.0,0.0,0.0
A,Legacy-20,Legacy-15,protocol_terminal_failure_probability,9106,0.0,0.0032,0.0032
A,Legacy-20,Legacy-15,protocol_terminal_failure_probability,9107,0.0,0.0,0.0
A,Legacy-20,Legacy-15,protocol_terminal_failure_probability,9108,0.0004,0.0,-0.0004
A,Legacy-20,Legacy-15,mean_correct_latency_slots,9101,36.81585268214572,53.931918301962355,17.116065619816638
A,Legacy-20,Legacy-15,mean_correct_latency_slots,9102,20.496598639455783,10.544617847138856,-9.951980792316927
A,Legacy-20,Legacy-15,mean_correct_latency_slots,9103,20.1396,26.24639423076923,6.1067942307692284
A,Legacy-20,Legacy-15,mean_correct_latency_slots,9104,72.30809294871794,67.57652243589743,-4.731570512820511
A,Legacy-20,Legacy-15,mean_correct_latency_slots,9105,25.46,29.136,3.6759999999999984
A,Legacy-20,Legacy-15,mean_correct_latency_slots,9106,30.1356,35.463081861958266,5.327481861958265
A,Legacy-20,Legacy-15,mean_correct_latency_slots,9107,26.0892,22.9152,-3.174000000000003
A,Legacy-20,Legacy-15,mean_correct_latency_slots,9108,42.17166866746699,37.1676,-5.0040686674669885
A,Legacy-20,Legacy-15,p95_correct_latency_slots,9101,208.0,289.59999999999945,81.59999999999945
A,Legacy-20,Legacy-15,p95_correct_latency_slots,9102,125.0,42.0,-83.0
A,Legacy-20,Legacy-15,p95_correct_latency_slots,9103,91.05000000000018,154.0,62.94999999999982
A,Legacy-20,Legacy-15,p95_correct_latency_slots,9104,354.0,338.25,-15.75
A,Legacy-20,Legacy-15,p95_correct_latency_slots,9105,148.0,159.0,11.0
A,Legacy-20,Legacy-15,p95_correct_latency_slots,9106,170.0,194.0,24.0
A,Legacy-20,Legacy-15,p95_correct_latency_slots,9107,151.0,134.05000000000018,-16.949999999999818
A,Legacy-20,Legacy-15,p95_correct_latency_slots,9108,223.0,191.0,-32.0
A,Legacy-20,Legacy-15,phy_attempts,9101,9096,9349,253.0
A,Legacy-20,Legacy-15,phy_attempts,9102,8020,7750,-270.0
A,Legacy-20,Legacy-15,phy_attempts,9103,8569,8778,209.0
A,Legacy-20,Legacy-15,phy_attempts,9104,9310,9246,-64.0
A,Legacy-20,Legacy-15,phy_attempts,9105,8671,8681,10.0
A,Legacy-20,Legacy-15,phy_attempts,9106,8864,8943,79.0
A,Legacy-20,Legacy-15,phy_attempts,9107,8608,8615,7.0
A,Legacy-20,Legacy-15,phy_attempts,9108,9189,9151,-38.0
A,Legacy-20,Legacy-15,harq_episode_count,9101,3603,3792,189.0
A,Legacy-20,Legacy-15,harq_episode_count,9102,3242,3005,-237.0
A,Legacy-20,Legacy-15,harq_episode_count,9103,3282,3469,187.0
A,Legacy-20,Legacy-15,harq_episode_count,9104,3852,3842,-10.0
A,Legacy-20,Legacy-15,harq_episode_count,9105,3388,3457,69.0
A,Legacy-20,Legacy-15,harq_episode_count,9106,3502,3603,101.0
A,Legacy-20,Legacy-15,harq_episode_count,9107,3409,3412,3.0
A,Legacy-20,Legacy-15,harq_episode_count,9108,3699,3686,-13.0
A,Legacy-20,Legacy-15,final_harq_failure_count,9101,660,708,48.0
A,Legacy-20,Legacy-15,final_harq_failure_count,9102,469,408,-61.0
A,Legacy-20,Legacy-15,final_harq_failure_count,9103,597,617,20.0
A,Legacy-20,Legacy-15,final_harq_failure_count,9104,727,721,-6.0
A,Legacy-20,Legacy-15,final_harq_failure_count,9105,595,575,-20.0
A,Legacy-20,Legacy-15,final_harq_failure_count,9106,632,640,8.0
A,Legacy-20,Legacy-15,final_harq_failure_count,9107,589,575,-14.0
A,Legacy-20,Legacy-15,final_harq_failure_count,9108,655,650,-5.0
A,Legacy-20,Legacy-15,rlc_retransmissions,9101,1103,1292,189.0
A,Legacy-20,Legacy-15,rlc_retransmissions,9102,742,505,-237.0
A,Legacy-20,Legacy-15,rlc_retransmissions,9103,782,969,187.0
A,Legacy-20,Legacy-15,rlc_retransmissions,9104,1352,1342,-10.0
A,Legacy-20,Legacy-15,rlc_retransmissions,9105,888,957,69.0
A,Legacy-20,Legacy-15,rlc_retransmissions,9106,1002,1103,101.0
A,Legacy-20,Legacy-15,rlc_retransmissions,9107,909,912,3.0
A,Legacy-20,Legacy-15,rlc_retransmissions,9108,1199,1186,-13.0
A,Legacy-20,Legacy-15,cb_attempts_per_slot,9101,9.909319899244332,9.694174757281553,-0.215145141962779
A,Legacy-20,Legacy-15,cb_attempts_per_slot,9102,10.015406162464986,11.108490566037736,1.0930844035727496
A,Legacy-20,Legacy-15,cb_attempts_per_slot,9103,10.593575418994414,10.229027962716378,-0.36454745627803575
A,Legacy-20,Legacy-15,cb_attempts_per_slot,9104,9.607272727272727,9.68880688806888,0.08153416079615283
A,Legacy-20,Legacy-15,cb_attempts_per_slot,9105,10.544198895027625,10.412568306010929,-0.13163058901669622
A,Legacy-20,Legacy-15,cb_attempts_per_slot,9106,10.449255751014885,10.220607661822985,-0.22864808919189983
A,Legacy-20,Legacy-15,cb_attempts_per_slot,9107,10.216508795669824,10.348837209302326,0.1323284136325018
A,Legacy-20,Legacy-15,cb_attempts_per_slot,9108,10.560585885486018,10.860082304526749,0.29949641904073054
A,Legacy-20,Legacy-15,cb_overlap_probability,9101,0.9698779867819014,0.9689534301452178,-0.00092455663668356
A,Legacy-20,Legacy-15,cb_overlap_probability,9102,0.9449028107956929,0.9473460721868365,0.002443261391143592
A,Legacy-20,Legacy-15,cb_overlap_probability,9103,0.9632168754119974,0.9657641239260609,0.002547248514063516
A,Legacy-20,Legacy-15,cb_overlap_probability,9104,0.9680797375725461,0.9648343277897676,-0.00324540978277843
A,Legacy-20,Legacy-15,cb_overlap_probability,9105,0.9621430442756091,0.9639202309105221,0.0017771866349129972
A,Legacy-20,Legacy-15,cb_overlap_probability,9106,0.9721574721574722,0.9719529533410882,-0.0002045188163839473
A,Legacy-20,Legacy-15,cb_overlap_probability,9107,0.963841059602649,0.9637805684071381,-6.049119551088111e-05
A,Legacy-20,Legacy-15,cb_overlap_probability,9108,0.9766738116252679,0.9739800429455602,-0.00269376867970772
A,Legacy-20,Legacy-15,scheduled_attempts_per_slot,9101,1.5465994962216625,1.6516990291262137,0.10509953290455121
A,Legacy-20,Legacy-15,scheduled_attempts_per_slot,9102,1.2170868347338935,1.0770440251572326,-0.14004280957666082
A,Legacy-20,Legacy-15,scheduled_attempts_per_slot,9103,1.3743016759776536,1.459387483355526,0.08508580737787241
A,Legacy-20,Legacy-15,scheduled_attempts_per_slot,9104,1.6775757575757575,1.6838868388683887,0.006311081292631249
A,Legacy-20,Legacy-15,scheduled_attempts_per_slot,9105,1.4323204419889504,1.4467213114754098,0.014400869486459467
A,Legacy-20,Legacy-15,scheduled_attempts_per_slot,9106,1.5453315290933693,1.5931307793923382,0.04779925029896881
A,Legacy-20,Legacy-15,scheduled_attempts_per_slot,9107,1.4316644113667119,1.4363885088919288,0.004724097525216964
A,Legacy-20,Legacy-15,scheduled_attempts_per_slot,9108,1.6750998668442076,1.6927297668038408,0.017629899959633155
A,Legacy-20,Legacy-15,mean_scheduled_queue_length,9101,69.75062972292191,108.31917475728156,38.568545034359644
A,Legacy-20,Legacy-15,mean_scheduled_queue_length,9102,34.9859943977591,11.474842767295597,-23.5111516304635
A,Legacy-20,Legacy-15,mean_scheduled_queue_length,9103,30.710893854748605,49.48468708388815,18.773793229139542
A,Legacy-20,Legacy-15,mean_scheduled_queue_length,9104,150.76848484848486,141.0479704797048,-9.720514368780073
A,Legacy-20,Legacy-15,mean_scheduled_queue_length,9105,44.62154696132597,57.12158469945355,12.500037738127581
A,Legacy-20,Legacy-15,mean_scheduled_queue_length,9106,57.91745602165088,75.78071334214003,17.863257320489154
A,Legacy-20,Legacy-15,mean_scheduled_queue_length,9107,46.640054127198916,41.65663474692202,-4.983419380276892
A,Legacy-20,Legacy-15,mean_scheduled_queue_length,9108,83.62583222370174,77.48285322359396,-6.142979000107772
A,Legacy-20,Legacy-15,mean_scheduled_queue_wait_slots,9101,37.692996742671006,59.03967670830272,21.346679965631715
A,Legacy-20,Legacy-15,mean_scheduled_queue_wait_slots,9102,22.352128883774455,8.064233576642335,-14.28789530713212
A,Legacy-20,Legacy-15,mean_scheduled_queue_wait_slots,9103,18.338414634146343,28.781934306569344,10.443519672423001
A,Legacy-20,Legacy-15,mean_scheduled_queue_wait_slots,9104,79.67919075144509,75.72023374726078,-3.958957004184313
A,Legacy-20,Legacy-15,mean_scheduled_queue_wait_slots,9105,25.215043394406944,33.88385269121813,8.668809296811187
A,Legacy-20,Legacy-15,mean_scheduled_queue_wait_slots,9106,30.76707530647986,41.53897180762852,10.77189650114866
A,Legacy-20,Legacy-15,mean_scheduled_queue_wait_slots,9107,26.41304347826087,23.98190476190476,-2.4311387163561093
A,Legacy-20,Legacy-15,mean_scheduled_queue_wait_slots,9108,41.04451510333863,39.09319286871961,-1.9513222346190204
A,Legacy-20,Legacy-15,cb_prb_slots,9101,1962,1949,-13.0
A,Legacy-20,Legacy-15,cb_prb_slots,9102,2098,2103,5.0
A,Legacy-20,Legacy-15,cb_prb_slots,9103,2018,1987,-31.0
A,Legacy-20,Legacy-15,cb_prb_slots,9104,1928,1944,16.0
A,Legacy-20,Legacy-15,cb_prb_slots,9105,2011,2018,7.0
A,Legacy-20,Legacy-15,cb_prb_slots,9106,1949,1951,2.0
A,Legacy-20,Legacy-15,cb_prb_slots,9107,1996,2005,9.0
A,Legacy-20,Legacy-15,cb_prb_slots,9108,1916,1930,14.0
A,Legacy-20,Legacy-15,scheduled_prb_slots,9101,1228,1361,133.0
A,Legacy-20,Legacy-15,scheduled_prb_slots,9102,869,685,-184.0
A,Legacy-20,Legacy-15,scheduled_prb_slots,9103,984,1096,112.0
A,Legacy-20,Legacy-15,scheduled_prb_slots,9104,1384,1369,-15.0
A,Legacy-20,Legacy-15,scheduled_prb_slots,9105,1037,1059,22.0
A,Legacy-20,Legacy-15,scheduled_prb_slots,9106,1142,1206,64.0
A,Legacy-20,Legacy-15,scheduled_prb_slots,9107,1058,1050,-8.0
A,Legacy-20,Legacy-15,scheduled_prb_slots,9108,1258,1234,-24.0
A,Legacy-20,Legacy-15,total_occupied_prb_slots,9101,3190,3310,120.0
A,Legacy-20,Legacy-15,total_occupied_prb_slots,9102,2967,2788,-179.0
A,Legacy-20,Legacy-15,total_occupied_prb_slots,9103,3002,3083,81.0
A,Legacy-20,Legacy-15,total_occupied_prb_slots,9104,3312,3313,1.0
A,Legacy-20,Legacy-15,total_occupied_prb_slots,9105,3048,3077,29.0
A,Legacy-20,Legacy-15,total_occupied_prb_slots,9106,3091,3157,66.0
A,Legacy-20,Legacy-15,total_occupied_prb_slots,9107,3054,3055,1.0
A,Legacy-20,Legacy-15,total_occupied_prb_slots,9108,3174,3164,-10.0
A,Legacy-20,Legacy-15,mean_residual_cb_prbs,9101,4.419395465994962,4.317961165048544,-0.10143430094641825
A,Legacy-20,Legacy-15,mean_residual_cb_prbs,9102,4.715686274509804,4.831761006289308,0.11607473177950389
A,Legacy-20,Legacy-15,mean_residual_cb_prbs,9103,4.57122905027933,4.495339547270306,-0.07588950300902386
A,Legacy-20,Legacy-15,mean_residual_cb_prbs,9104,4.124848484848485,4.132841328413284,0.007992843564799124
A,Legacy-20,Legacy-15,mean_residual_cb_prbs,9105,4.486187845303867,4.4849726775956285,-0.0012151677082385959
A,Legacy-20,Legacy-15,mean_residual_cb_prbs,9106,4.382949932341002,4.327608982826948,-0.05534094951405333
A,Legacy-20,Legacy-15,mean_residual_cb_prbs,9107,4.497970230040595,4.507523939808482,0.009553709767886609
A,Legacy-20,Legacy-15,mean_residual_cb_prbs,9108,4.186418109187749,4.193415637860082,0.00699752867233272
A,Legacy-20,Legacy-15,drain_slots,9101,246,276,30.0
A,Legacy-20,Legacy-15,drain_slots,9102,162,84,-78.0
A,Legacy-20,Legacy-15,drain_slots,9103,155,190,35.0
A,Legacy-20,Legacy-15,drain_slots,9104,283,271,-12.0
A,Legacy-20,Legacy-15,drain_slots,9105,174,182,8.0
A,Legacy-20,Legacy-15,drain_slots,9106,181,199,18.0
A,Legacy-20,Legacy-15,drain_slots,9107,179,171,-8.0
A,Legacy-20,Legacy-15,drain_slots,9108,197,175,-22.0
B,Legacy-20,Fast-SB,correct_delivery_probability,9101,0.9992,0.9996,0.00040000000000006697
B,Legacy-20,Fast-SB,correct_delivery_probability,9102,0.9996,0.9996,0.0
B,Legacy-20,Fast-SB,correct_delivery_probability,9103,1.0,1.0,0.0
B,Legacy-20,Fast-SB,correct_delivery_probability,9104,0.9984,1.0,0.0016000000000000458
B,Legacy-20,Fast-SB,correct_delivery_probability,9105,1.0,1.0,0.0
B,Legacy-20,Fast-SB,correct_delivery_probability,9106,1.0,1.0,0.0
B,Legacy-20,Fast-SB,correct_delivery_probability,9107,1.0,1.0,0.0
B,Legacy-20,Fast-SB,correct_delivery_probability,9108,0.9996,1.0,0.00039999999999995595
B,Legacy-20,Fast-SB,protocol_terminal_failure_probability,9101,0.0008,0.0,-0.0008
B,Legacy-20,Fast-SB,protocol_terminal_failure_probability,9102,0.0,0.0,0.0
B,Legacy-20,Fast-SB,protocol_terminal_failure_probability,9103,0.0,0.0,0.0
B,Legacy-20,Fast-SB,protocol_terminal_failure_probability,9104,0.0016,0.0,-0.0016
B,Legacy-20,Fast-SB,protocol_terminal_failure_probability,9105,0.0,0.0,0.0
B,Legacy-20,Fast-SB,protocol_terminal_failure_probability,9106,0.0,0.0,0.0
B,Legacy-20,Fast-SB,protocol_terminal_failure_probability,9107,0.0,0.0,0.0
B,Legacy-20,Fast-SB,protocol_terminal_failure_probability,9108,0.0004,0.0,-0.0004
B,Legacy-20,Fast-SB,mean_correct_latency_slots,9101,36.81585268214572,41.324929971988794,4.509077289843077
B,Legacy-20,Fast-SB,mean_correct_latency_slots,9102,20.496598639455783,21.558623449379752,1.0620248099239689
B,Legacy-20,Fast-SB,mean_correct_latency_slots,9103,20.1396,31.2544,11.114799999999999
B,Legacy-20,Fast-SB,mean_correct_latency_slots,9104,72.30809294871794,57.488,-14.820092948717942
B,Legacy-20,Fast-SB,mean_correct_latency_slots,9105,25.46,32.8884,7.428399999999996
B,Legacy-20,Fast-SB,mean_correct_latency_slots,9106,30.1356,36.0404,5.904799999999998
B,Legacy-20,Fast-SB,mean_correct_latency_slots,9107,26.0892,35.7664,9.677199999999996
B,Legacy-20,Fast-SB,mean_correct_latency_slots,9108,42.17166866746699,40.1496,-2.022068667466989
B,Legacy-20,Fast-SB,p95_correct_latency_slots,9101,208.0,188.0,-20.0
B,Legacy-20,Fast-SB,p95_correct_latency_slots,9102,125.0,124.0,-1.0
B,Legacy-20,Fast-SB,p95_correct_latency_slots,9103,91.05000000000018,160.05000000000018,69.0
B,Legacy-20,Fast-SB,p95_correct_latency_slots,9104,354.0,239.05000000000018,-114.94999999999982
B,Legacy-20,Fast-SB,p95_correct_latency_slots,9105,148.0,157.0,9.0
B,Legacy-20,Fast-SB,p95_correct_latency_slots,9106,170.0,162.05000000000018,-7.949999999999818
B,Legacy-20,Fast-SB,p95_correct_latency_slots,9107,151.0,160.0,9.0
B,Legacy-20,Fast-SB,p95_correct_latency_slots,9108,223.0,164.0,-59.0
B,Legacy-20,Fast-SB,phy_attempts,9101,9096,9262,166.0
B,Legacy-20,Fast-SB,phy_attempts,9102,8020,8415,395.0
B,Legacy-20,Fast-SB,phy_attempts,9103,8569,9071,502.0
B,Legacy-20,Fast-SB,phy_attempts,9104,9310,9214,-96.0
B,Legacy-20,Fast-SB,phy_attempts,9105,8671,9176,505.0
B,Legacy-20,Fast-SB,phy_attempts,9106,8864,9217,353.0
B,Legacy-20,Fast-SB,phy_attempts,9107,8608,9221,613.0
B,Legacy-20,Fast-SB,phy_attempts,9108,9189,9192,3.0
B,Legacy-20,Fast-SB,harq_episode_count,9101,3603,3274,-329.0
B,Legacy-20,Fast-SB,harq_episode_count,9102,3242,3098,-144.0
B,Legacy-20,Fast-SB,harq_episode_count,9103,3282,3231,-51.0
B,Legacy-20,Fast-SB,harq_episode_count,9104,3852,3256,-596.0
B,Legacy-20,Fast-SB,harq_episode_count,9105,3388,3243,-145.0
B,Legacy-20,Fast-SB,harq_episode_count,9106,3502,3261,-241.0
B,Legacy-20,Fast-SB,harq_episode_count,9107,3409,3259,-150.0
B,Legacy-20,Fast-SB,harq_episode_count,9108,3699,3208,-491.0
B,Legacy-20,Fast-SB,final_harq_failure_count,9101,660,774,114.0
B,Legacy-20,Fast-SB,final_harq_failure_count,9102,469,598,129.0
B,Legacy-20,Fast-SB,final_harq_failure_count,9103,597,731,134.0
B,Legacy-20,Fast-SB,final_harq_failure_count,9104,727,756,29.0
B,Legacy-20,Fast-SB,final_harq_failure_count,9105,595,743,148.0
B,Legacy-20,Fast-SB,final_harq_failure_count,9106,632,761,129.0
B,Legacy-20,Fast-SB,final_harq_failure_count,9107,589,759,170.0
B,Legacy-20,Fast-SB,final_harq_failure_count,9108,655,708,53.0
B,Legacy-20,Fast-SB,rlc_retransmissions,9101,1103,774,-329.0
B,Legacy-20,Fast-SB,rlc_retransmissions,9102,742,598,-144.0
B,Legacy-20,Fast-SB,rlc_retransmissions,9103,782,731,-51.0
B,Legacy-20,Fast-SB,rlc_retransmissions,9104,1352,756,-596.0
B,Legacy-20,Fast-SB,rlc_retransmissions,9105,888,743,-145.0
B,Legacy-20,Fast-SB,rlc_retransmissions,9106,1002,761,-241.0
B,Legacy-20,Fast-SB,rlc_retransmissions,9107,909,759,-150.0
B,Legacy-20,Fast-SB,rlc_retransmissions,9108,1199,708,-491.0
B,Legacy-20,Fast-SB,cb_attempts_per_slot,9101,9.909319899244332,10.949728260869565,1.0404083616252322
B,Legacy-20,Fast-SB,cb_attempts_per_slot,9102,10.015406162464986,11.194610778443113,1.1792046159781275
B,Legacy-20,Fast-SB,cb_attempts_per_slot,9103,10.593575418994414,10.988888888888889,0.39531346989447513
B,Legacy-20,Fast-SB,cb_attempts_per_slot,9104,9.607272727272727,11.159279778393351,1.5520070511206239
B,Legacy-20,Fast-SB,cb_attempts_per_slot,9105,10.544198895027625,11.601731601731602,1.0575327067039773
B,Legacy-20,Fast-SB,cb_attempts_per_slot,9106,10.449255751014885,11.581896551724139,1.1326408007092539
B,Legacy-20,Fast-SB,cb_attempts_per_slot,9107,10.216508795669824,11.23463687150838,1.0181280758385558
B,Legacy-20,Fast-SB,cb_attempts_per_slot,9108,10.560585885486018,11.913362701908957,1.3527768164229386
B,Legacy-20,Fast-SB,cb_overlap_probability,9101,0.9698779867819014,0.9749348554411217,0.005056868659220282
B,Legacy-20,Fast-SB,cb_overlap_probability,9102,0.9449028107956929,0.9622893821877507,0.017386571392057792
B,Legacy-20,Fast-SB,cb_overlap_probability,9103,0.9632168754119974,0.9726996966632963,0.009482821251298845
B,Legacy-20,Fast-SB,cb_overlap_probability,9104,0.9680797375725461,0.9764180215961276,0.0083382840235815
B,Legacy-20,Fast-SB,cb_overlap_probability,9105,0.9621430442756091,0.9804726368159205,0.0183295925403113
B,Legacy-20,Fast-SB,cb_overlap_probability,9106,0.9721574721574722,0.982632427738494,0.01047495558102185
B,Legacy-20,Fast-SB,cb_overlap_probability,9107,0.963841059602649,0.9802337145698657,0.016392654967216758
B,Legacy-20,Fast-SB,cb_overlap_probability,9108,0.9766738116252679,0.9799087883643535,0.003234976739085571
B,Legacy-20,Fast-SB,scheduled_attempts_per_slot,9101,1.5465994962216625,1.6345108695652173,0.08791137334355481
B,Legacy-20,Fast-SB,scheduled_attempts_per_slot,9102,1.2170868347338935,1.402694610778443,0.1856077760445496
B,Legacy-20,Fast-SB,scheduled_attempts_per_slot,9103,1.3743016759776536,1.6097222222222223,0.23542054624456865
B,Legacy-20,Fast-SB,scheduled_attempts_per_slot,9104,1.6775757575757575,1.6024930747922437,-0.07508268278351382
B,Legacy-20,Fast-SB,scheduled_attempts_per_slot,9105,1.4323204419889504,1.6392496392496392,0.2069291972606888
B,Legacy-20,Fast-SB,scheduled_attempts_per_slot,9106,1.5453315290933693,1.660919540229885,0.11558801113651573
B,Legacy-20,Fast-SB,scheduled_attempts_per_slot,9107,1.4316644113667119,1.643854748603352,0.21219033723664005
B,Legacy-20,Fast-SB,scheduled_attempts_per_slot,9108,1.6750998668442076,1.5844346549192365,-0.09066521192497112
B,Legacy-20,Fast-SB,mean_scheduled_queue_length,9101,69.75062972292191,107.4211956521739,37.67056592925199
B,Legacy-20,Fast-SB,mean_scheduled_queue_length,9102,34.9859943977591,55.956586826347305,20.970592428588205
B,Legacy-20,Fast-SB,mean_scheduled_queue_length,9103,30.710893854748605,80.38333333333334,49.672439478584735
B,Legacy-20,Fast-SB,mean_scheduled_queue_length,9104,150.76848484848486,162.48614958448752,11.71766473600266
B,Legacy-20,Fast-SB,mean_scheduled_queue_length,9105,44.62154696132597,90.7027417027417,46.081194741415736
B,Legacy-20,Fast-SB,mean_scheduled_queue_length,9106,57.91745602165088,100.44396551724138,42.5265094955905
B,Legacy-20,Fast-SB,mean_scheduled_queue_length,9107,46.640054127198916,97.31983240223464,50.67977827503572
B,Legacy-20,Fast-SB,mean_scheduled_queue_length,9108,83.62583222370174,118.37444933920705,34.74861711550531
B,Legacy-20,Fast-SB,mean_scheduled_queue_wait_slots,9101,37.692996742671006,65.67996674979219,27.98697000712118
B,Legacy-20,Fast-SB,mean_scheduled_queue_wait_slots,9102,22.352128883774455,39.732123799359655,17.3799949155852
B,Legacy-20,Fast-SB,mean_scheduled_queue_wait_slots,9103,18.338414634146343,49.90422778257118,31.56581314842484
B,Legacy-20,Fast-SB,mean_scheduled_queue_wait_slots,9104,79.67919075144509,96.80034572169404,17.121154970248952
B,Legacy-20,Fast-SB,mean_scheduled_queue_wait_slots,9105,25.215043394406944,53.50704225352113,28.291998859114184
B,Legacy-20,Fast-SB,mean_scheduled_queue_wait_slots,9106,30.76707530647986,59.871107266435985,29.104031959956124
B,Legacy-20,Fast-SB,mean_scheduled_queue_wait_slots,9107,26.41304347826087,58.16057774001699,31.74753426175612
B,Legacy-20,Fast-SB,mean_scheduled_queue_wait_slots,9108,41.04451510333863,70.22798887859129,29.183473775252658
B,Legacy-20,Fast-SB,cb_prb_slots,9101,1962,1899,-63.0
B,Legacy-20,Fast-SB,cb_prb_slots,9102,2098,1978,-120.0
B,Legacy-20,Fast-SB,cb_prb_slots,9103,2018,1891,-127.0
B,Legacy-20,Fast-SB,cb_prb_slots,9104,1928,1876,-52.0
B,Legacy-20,Fast-SB,cb_prb_slots,9105,2011,1861,-150.0
B,Legacy-20,Fast-SB,cb_prb_slots,9106,1949,1857,-92.0
B,Legacy-20,Fast-SB,cb_prb_slots,9107,1996,1861,-135.0
B,Legacy-20,Fast-SB,cb_prb_slots,9108,1916,1895,-21.0
B,Legacy-20,Fast-SB,scheduled_prb_slots,9101,1228,1203,-25.0
B,Legacy-20,Fast-SB,scheduled_prb_slots,9102,869,937,68.0
B,Legacy-20,Fast-SB,scheduled_prb_slots,9103,984,1159,175.0
B,Legacy-20,Fast-SB,scheduled_prb_slots,9104,1384,1157,-227.0
B,Legacy-20,Fast-SB,scheduled_prb_slots,9105,1037,1136,99.0
B,Legacy-20,Fast-SB,scheduled_prb_slots,9106,1142,1156,14.0
B,Legacy-20,Fast-SB,scheduled_prb_slots,9107,1058,1177,119.0
B,Legacy-20,Fast-SB,scheduled_prb_slots,9108,1258,1079,-179.0
B,Legacy-20,Fast-SB,total_occupied_prb_slots,9101,3190,3102,-88.0
B,Legacy-20,Fast-SB,total_occupied_prb_slots,9102,2967,2915,-52.0
B,Legacy-20,Fast-SB,total_occupied_prb_slots,9103,3002,3050,48.0
B,Legacy-20,Fast-SB,total_occupied_prb_slots,9104,3312,3033,-279.0
B,Legacy-20,Fast-SB,total_occupied_prb_slots,9105,3048,2997,-51.0
B,Legacy-20,Fast-SB,total_occupied_prb_slots,9106,3091,3013,-78.0
B,Legacy-20,Fast-SB,total_occupied_prb_slots,9107,3054,3038,-16.0
B,Legacy-20,Fast-SB,total_occupied_prb_slots,9108,3174,2974,-200.0
B,Legacy-20,Fast-SB,mean_residual_cb_prbs,9101,4.419395465994962,4.302989130434782,-0.1164063355601801
B,Legacy-20,Fast-SB,mean_residual_cb_prbs,9102,4.715686274509804,4.458083832335329,-0.25760244217447514
B,Legacy-20,Fast-SB,mean_residual_cb_prbs,9103,4.57122905027933,4.343055555555556,-0.2281734947237739
B,Legacy-20,Fast-SB,mean_residual_cb_prbs,9104,4.124848484848485,4.095567867036011,-0.02928061781247404
B,Legacy-20,Fast-SB,mean_residual_cb_prbs,9105,4.486187845303867,4.095238095238095,-0.39094975006577215
B,Legacy-20,Fast-SB,mean_residual_cb_prbs,9106,4.382949932341002,4.114942528735632,-0.26800740360536945
B,Legacy-20,Fast-SB,mean_residual_cb_prbs,9107,4.497970230040595,4.128491620111732,-0.36947860992886294
B,Legacy-20,Fast-SB,mean_residual_cb_prbs,9108,4.186418109187749,4.046989720998532,-0.13942838818921732
B,Legacy-20,Fast-SB,drain_slots,9101,246,188,-58.0
B,Legacy-20,Fast-SB,drain_slots,9102,162,116,-46.0
B,Legacy-20,Fast-SB,drain_slots,9103,155,159,4.0
B,Legacy-20,Fast-SB,drain_slots,9104,283,180,-103.0
B,Legacy-20,Fast-SB,drain_slots,9105,174,143,-31.0
B,Legacy-20,Fast-SB,drain_slots,9106,181,138,-43.0
B,Legacy-20,Fast-SB,drain_slots,9107,179,156,-23.0
B,Legacy-20,Fast-SB,drain_slots,9108,197,127,-70.0
B,Legacy-15,Fast-SB,correct_delivery_probability,9101,0.9988,0.9996,0.0008000000000000229
B,Legacy-15,Fast-SB,correct_delivery_probability,9102,0.9996,0.9996,0.0
B,Legacy-15,Fast-SB,correct_delivery_probability,9103,0.9984,1.0,0.0016000000000000458
B,Legacy-15,Fast-SB,correct_delivery_probability,9104,0.9984,1.0,0.0016000000000000458
B,Legacy-15,Fast-SB,correct_delivery_probability,9105,1.0,1.0,0.0
B,Legacy-15,Fast-SB,correct_delivery_probability,9106,0.9968,1.0,0.0031999999999999806
B,Legacy-15,Fast-SB,correct_delivery_probability,9107,1.0,1.0,0.0
B,Legacy-15,Fast-SB,correct_delivery_probability,9108,1.0,1.0,0.0
B,Legacy-15,Fast-SB,protocol_terminal_failure_probability,9101,0.0008,0.0,-0.0008
B,Legacy-15,Fast-SB,protocol_terminal_failure_probability,9102,0.0,0.0,0.0
B,Legacy-15,Fast-SB,protocol_terminal_failure_probability,9103,0.0016,0.0,-0.0016
B,Legacy-15,Fast-SB,protocol_terminal_failure_probability,9104,0.0016,0.0,-0.0016
B,Legacy-15,Fast-SB,protocol_terminal_failure_probability,9105,0.0,0.0,0.0
B,Legacy-15,Fast-SB,protocol_terminal_failure_probability,9106,0.0032,0.0,-0.0032
B,Legacy-15,Fast-SB,protocol_terminal_failure_probability,9107,0.0,0.0,0.0
B,Legacy-15,Fast-SB,protocol_terminal_failure_probability,9108,0.0,0.0,0.0
B,Legacy-15,Fast-SB,mean_correct_latency_slots,9101,53.931918301962355,41.324929971988794,-12.60698832997356
B,Legacy-15,Fast-SB,mean_correct_latency_slots,9102,10.544617847138856,21.558623449379752,11.014005602240896
B,Legacy-15,Fast-SB,mean_correct_latency_slots,9103,26.24639423076923,31.2544,5.0080057692307705
B,Legacy-15,Fast-SB,mean_correct_latency_slots,9104,67.57652243589743,57.488,-10.088522435897431
B,Legacy-15,Fast-SB,mean_correct_latency_slots,9105,29.136,32.8884,3.752399999999998
B,Legacy-15,Fast-SB,mean_correct_latency_slots,9106,35.463081861958266,36.0404,0.5773181380417327
B,Legacy-15,Fast-SB,mean_correct_latency_slots,9107,22.9152,35.7664,12.851199999999999
B,Legacy-15,Fast-SB,mean_correct_latency_slots,9108,37.1676,40.1496,2.9819999999999993
B,Legacy-15,Fast-SB,p95_correct_latency_slots,9101,289.59999999999945,188.0,-101.59999999999945
B,Legacy-15,Fast-SB,p95_correct_latency_slots,9102,42.0,124.0,82.0
B,Legacy-15,Fast-SB,p95_correct_latency_slots,9103,154.0,160.05000000000018,6.050000000000182
B,Legacy-15,Fast-SB,p95_correct_latency_slots,9104,338.25,239.05000000000018,-99.19999999999982
B,Legacy-15,Fast-SB,p95_correct_latency_slots,9105,159.0,157.0,-2.0
B,Legacy-15,Fast-SB,p95_correct_latency_slots,9106,194.0,162.05000000000018,-31.949999999999818
B,Legacy-15,Fast-SB,p95_correct_latency_slots,9107,134.05000000000018,160.0,25.949999999999818
B,Legacy-15,Fast-SB,p95_correct_latency_slots,9108,191.0,164.0,-27.0
B,Legacy-15,Fast-SB,phy_attempts,9101,9349,9262,-87.0
B,Legacy-15,Fast-SB,phy_attempts,9102,7750,8415,665.0
B,Legacy-15,Fast-SB,phy_attempts,9103,8778,9071,293.0
B,Legacy-15,Fast-SB,phy_attempts,9104,9246,9214,-32.0
B,Legacy-15,Fast-SB,phy_attempts,9105,8681,9176,495.0
B,Legacy-15,Fast-SB,phy_attempts,9106,8943,9217,274.0
B,Legacy-15,Fast-SB,phy_attempts,9107,8615,9221,606.0
B,Legacy-15,Fast-SB,phy_attempts,9108,9151,9192,41.0
B,Legacy-15,Fast-SB,harq_episode_count,9101,3792,3274,-518.0
B,Legacy-15,Fast-SB,harq_episode_count,9102,3005,3098,93.0
B,Legacy-15,Fast-SB,harq_episode_count,9103,3469,3231,-238.0
B,Legacy-15,Fast-SB,harq_episode_count,9104,3842,3256,-586.0
B,Legacy-15,Fast-SB,harq_episode_count,9105,3457,3243,-214.0
B,Legacy-15,Fast-SB,harq_episode_count,9106,3603,3261,-342.0
B,Legacy-15,Fast-SB,harq_episode_count,9107,3412,3259,-153.0
B,Legacy-15,Fast-SB,harq_episode_count,9108,3686,3208,-478.0
B,Legacy-15,Fast-SB,final_harq_failure_count,9101,708,774,66.0
B,Legacy-15,Fast-SB,final_harq_failure_count,9102,408,598,190.0
B,Legacy-15,Fast-SB,final_harq_failure_count,9103,617,731,114.0
B,Legacy-15,Fast-SB,final_harq_failure_count,9104,721,756,35.0
B,Legacy-15,Fast-SB,final_harq_failure_count,9105,575,743,168.0
B,Legacy-15,Fast-SB,final_harq_failure_count,9106,640,761,121.0
B,Legacy-15,Fast-SB,final_harq_failure_count,9107,575,759,184.0
B,Legacy-15,Fast-SB,final_harq_failure_count,9108,650,708,58.0
B,Legacy-15,Fast-SB,rlc_retransmissions,9101,1292,774,-518.0
B,Legacy-15,Fast-SB,rlc_retransmissions,9102,505,598,93.0
B,Legacy-15,Fast-SB,rlc_retransmissions,9103,969,731,-238.0
B,Legacy-15,Fast-SB,rlc_retransmissions,9104,1342,756,-586.0
B,Legacy-15,Fast-SB,rlc_retransmissions,9105,957,743,-214.0
B,Legacy-15,Fast-SB,rlc_retransmissions,9106,1103,761,-342.0
B,Legacy-15,Fast-SB,rlc_retransmissions,9107,912,759,-153.0
B,Legacy-15,Fast-SB,rlc_retransmissions,9108,1186,708,-478.0
B,Legacy-15,Fast-SB,cb_attempts_per_slot,9101,9.694174757281553,10.949728260869565,1.2555535035880112
B,Legacy-15,Fast-SB,cb_attempts_per_slot,9102,11.108490566037736,11.194610778443113,0.08612021240537793
B,Legacy-15,Fast-SB,cb_attempts_per_slot,9103,10.229027962716378,10.988888888888889,0.7598609261725109
B,Legacy-15,Fast-SB,cb_attempts_per_slot,9104,9.68880688806888,11.159279778393351,1.470472890324471
B,Legacy-15,Fast-SB,cb_attempts_per_slot,9105,10.412568306010929,11.601731601731602,1.1891632957206735
B,Legacy-15,Fast-SB,cb_attempts_per_slot,9106,10.220607661822985,11.581896551724139,1.3612888899011537
B,Legacy-15,Fast-SB,cb_attempts_per_slot,9107,10.348837209302326,11.23463687150838,0.885799662206054
B,Legacy-15,Fast-SB,cb_attempts_per_slot,9108,10.860082304526749,11.913362701908957,1.053280397382208
B,Legacy-15,Fast-SB,cb_overlap_probability,9101,0.9689534301452178,0.9749348554411217,0.005981425295903842
B,Legacy-15,Fast-SB,cb_overlap_probability,9102,0.9473460721868365,0.9622893821877507,0.0149433100009142
B,Legacy-15,Fast-SB,cb_overlap_probability,9103,0.9657641239260609,0.9726996966632963,0.006935572737235329
B,Legacy-15,Fast-SB,cb_overlap_probability,9104,0.9648343277897676,0.9764180215961276,0.01158369380635993
B,Legacy-15,Fast-SB,cb_overlap_probability,9105,0.9639202309105221,0.9804726368159205,0.016552405905398304
B,Legacy-15,Fast-SB,cb_overlap_probability,9106,0.9719529533410882,0.982632427738494,0.010679474397405797
B,Legacy-15,Fast-SB,cb_overlap_probability,9107,0.9637805684071381,0.9802337145698657,0.01645314616272764
B,Legacy-15,Fast-SB,cb_overlap_probability,9108,0.9739800429455602,0.9799087883643535,0.005928745418793291
B,Legacy-15,Fast-SB,scheduled_attempts_per_slot,9101,1.6516990291262137,1.6345108695652173,-0.017188159560996397
B,Legacy-15,Fast-SB,scheduled_attempts_per_slot,9102,1.0770440251572326,1.402694610778443,0.3256505856212104
B,Legacy-15,Fast-SB,scheduled_attempts_per_slot,9103,1.459387483355526,1.6097222222222223,0.15033473886669624
B,Legacy-15,Fast-SB,scheduled_attempts_per_slot,9104,1.6838868388683887,1.6024930747922437,-0.08139376407614507
B,Legacy-15,Fast-SB,scheduled_attempts_per_slot,9105,1.4467213114754098,1.6392496392496392,0.19252832777422935
B,Legacy-15,Fast-SB,scheduled_attempts_per_slot,9106,1.5931307793923382,1.660919540229885,0.06778876083754692
B,Legacy-15,Fast-SB,scheduled_attempts_per_slot,9107,1.4363885088919288,1.643854748603352,0.20746623971142308
B,Legacy-15,Fast-SB,scheduled_attempts_per_slot,9108,1.6927297668038408,1.5844346549192365,-0.10829511188460428
B,Legacy-15,Fast-SB,mean_scheduled_queue_length,9101,108.31917475728156,107.4211956521739,-0.8979791051076518
B,Legacy-15,Fast-SB,mean_scheduled_queue_length,9102,11.474842767295597,55.956586826347305,44.48174405905171
B,Legacy-15,Fast-SB,mean_scheduled_queue_length,9103,49.48468708388815,80.38333333333334,30.898646249445193
B,Legacy-15,Fast-SB,mean_scheduled_queue_length,9104,141.0479704797048,162.48614958448752,21.438179104782733
B,Legacy-15,Fast-SB,mean_scheduled_queue_length,9105,57.12158469945355,90.7027417027417,33.581157003288155
B,Legacy-15,Fast-SB,mean_scheduled_queue_length,9106,75.78071334214003,100.44396551724138,24.66325217510135
B,Legacy-15,Fast-SB,mean_scheduled_queue_length,9107,41.65663474692202,97.31983240223464,55.663197655312615
B,Legacy-15,Fast-SB,mean_scheduled_queue_length,9108,77.48285322359396,118.37444933920705,40.89159611561308
B,Legacy-15,Fast-SB,mean_scheduled_queue_wait_slots,9101,59.03967670830272,65.67996674979219,6.640290041489465
B,Legacy-15,Fast-SB,mean_scheduled_queue_wait_slots,9102,8.064233576642335,39.732123799359655,31.66789022271732
B,Legacy-15,Fast-SB,mean_scheduled_queue_wait_slots,9103,28.781934306569344,49.90422778257118,21.12229347600184
B,Legacy-15,Fast-SB,mean_scheduled_queue_wait_slots,9104,75.72023374726078,96.80034572169404,21.080111974433265
B,Legacy-15,Fast-SB,mean_scheduled_queue_wait_slots,9105,33.88385269121813,53.50704225352113,19.623189562302997
B,Legacy-15,Fast-SB,mean_scheduled_queue_wait_slots,9106,41.53897180762852,59.871107266435985,18.332135458807464
B,Legacy-15,Fast-SB,mean_scheduled_queue_wait_slots,9107,23.98190476190476,58.16057774001699,34.17867297811223
B,Legacy-15,Fast-SB,mean_scheduled_queue_wait_slots,9108,39.09319286871961,70.22798887859129,31.13479600987168
B,Legacy-15,Fast-SB,cb_prb_slots,9101,1949,1899,-50.0
B,Legacy-15,Fast-SB,cb_prb_slots,9102,2103,1978,-125.0
B,Legacy-15,Fast-SB,cb_prb_slots,9103,1987,1891,-96.0
B,Legacy-15,Fast-SB,cb_prb_slots,9104,1944,1876,-68.0
B,Legacy-15,Fast-SB,cb_prb_slots,9105,2018,1861,-157.0
B,Legacy-15,Fast-SB,cb_prb_slots,9106,1951,1857,-94.0
B,Legacy-15,Fast-SB,cb_prb_slots,9107,2005,1861,-144.0
B,Legacy-15,Fast-SB,cb_prb_slots,9108,1930,1895,-35.0
B,Legacy-15,Fast-SB,scheduled_prb_slots,9101,1361,1203,-158.0
B,Legacy-15,Fast-SB,scheduled_prb_slots,9102,685,937,252.0
B,Legacy-15,Fast-SB,scheduled_prb_slots,9103,1096,1159,63.0
B,Legacy-15,Fast-SB,scheduled_prb_slots,9104,1369,1157,-212.0
B,Legacy-15,Fast-SB,scheduled_prb_slots,9105,1059,1136,77.0
B,Legacy-15,Fast-SB,scheduled_prb_slots,9106,1206,1156,-50.0
B,Legacy-15,Fast-SB,scheduled_prb_slots,9107,1050,1177,127.0
B,Legacy-15,Fast-SB,scheduled_prb_slots,9108,1234,1079,-155.0
B,Legacy-15,Fast-SB,total_occupied_prb_slots,9101,3310,3102,-208.0
B,Legacy-15,Fast-SB,total_occupied_prb_slots,9102,2788,2915,127.0
B,Legacy-15,Fast-SB,total_occupied_prb_slots,9103,3083,3050,-33.0
B,Legacy-15,Fast-SB,total_occupied_prb_slots,9104,3313,3033,-280.0
B,Legacy-15,Fast-SB,total_occupied_prb_slots,9105,3077,2997,-80.0
B,Legacy-15,Fast-SB,total_occupied_prb_slots,9106,3157,3013,-144.0
B,Legacy-15,Fast-SB,total_occupied_prb_slots,9107,3055,3038,-17.0
B,Legacy-15,Fast-SB,total_occupied_prb_slots,9108,3164,2974,-190.0
B,Legacy-15,Fast-SB,mean_residual_cb_prbs,9101,4.317961165048544,4.302989130434782,-0.014972034613761842
B,Legacy-15,Fast-SB,mean_residual_cb_prbs,9102,4.831761006289308,4.458083832335329,-0.37367717395397904
B,Legacy-15,Fast-SB,mean_residual_cb_prbs,9103,4.495339547270306,4.343055555555556,-0.15228399171475004
B,Legacy-15,Fast-SB,mean_residual_cb_prbs,9104,4.132841328413284,4.095567867036011,-0.037273461377273165
B,Legacy-15,Fast-SB,mean_residual_cb_prbs,9105,4.4849726775956285,4.095238095238095,-0.38973458235753355
B,Legacy-15,Fast-SB,mean_residual_cb_prbs,9106,4.327608982826948,4.114942528735632,-0.21266645409131613
B,Legacy-15,Fast-SB,mean_residual_cb_prbs,9107,4.507523939808482,4.128491620111732,-0.37903231969674955
B,Legacy-15,Fast-SB,mean_residual_cb_prbs,9108,4.193415637860082,4.046989720998532,-0.14642591686155004
B,Legacy-15,Fast-SB,drain_slots,9101,276,188,-88.0
B,Legacy-15,Fast-SB,drain_slots,9102,84,116,32.0
B,Legacy-15,Fast-SB,drain_slots,9103,190,159,-31.0
B,Legacy-15,Fast-SB,drain_slots,9104,271,180,-91.0
B,Legacy-15,Fast-SB,drain_slots,9105,182,143,-39.0
B,Legacy-15,Fast-SB,drain_slots,9106,199,138,-61.0
B,Legacy-15,Fast-SB,drain_slots,9107,171,156,-15.0
B,Legacy-15,Fast-SB,drain_slots,9108,175,127,-48.0
C,Fast-CB,Fast-SB,correct_delivery_probability,9101,0.9996,0.9996,0.0
C,Fast-CB,Fast-SB,correct_delivery_probability,9102,0.8128,0.9996,0.18680000000000008
C,Fast-CB,Fast-SB,correct_delivery_probability,9103,0.618,1.0,0.382
C,Fast-CB,Fast-SB,correct_delivery_probability,9104,0.1624,1.0,0.8376
C,Fast-CB,Fast-SB,correct_delivery_probability,9105,0.912,1.0,0.08799999999999997
C,Fast-CB,Fast-SB,correct_delivery_probability,9106,0.9996,1.0,0.00039999999999995595
C,Fast-CB,Fast-SB,correct_delivery_probability,9107,0.7984,1.0,0.2016
C,Fast-CB,Fast-SB,correct_delivery_probability,9108,0.5572,1.0,0.44279999999999997
C,Fast-CB,Fast-SB,protocol_terminal_failure_probability,9101,0.0,0.0,0.0
C,Fast-CB,Fast-SB,protocol_terminal_failure_probability,9102,0.1872,0.0,-0.1872
C,Fast-CB,Fast-SB,protocol_terminal_failure_probability,9103,0.3812,0.0,-0.3812
C,Fast-CB,Fast-SB,protocol_terminal_failure_probability,9104,0.8372,0.0,-0.8372
C,Fast-CB,Fast-SB,protocol_terminal_failure_probability,9105,0.088,0.0,-0.088
C,Fast-CB,Fast-SB,protocol_terminal_failure_probability,9106,0.0,0.0,0.0
C,Fast-CB,Fast-SB,protocol_terminal_failure_probability,9107,0.2016,0.0,-0.2016
C,Fast-CB,Fast-SB,protocol_terminal_failure_probability,9108,0.4424,0.0,-0.4424
C,Fast-CB,Fast-SB,mean_correct_latency_slots,9101,5.116446578631453,41.324929971988794,36.20848339335734
C,Fast-CB,Fast-SB,mean_correct_latency_slots,9102,5.9763779527559056,21.558623449379752,15.582245496623846
C,Fast-CB,Fast-SB,mean_correct_latency_slots,9103,8.950809061488673,31.2544,22.303590938511327
C,Fast-CB,Fast-SB,mean_correct_latency_slots,9104,19.90394088669951,57.488,37.58405911330049
C,Fast-CB,Fast-SB,mean_correct_latency_slots,9105,6.306140350877193,32.8884,26.582259649122804
C,Fast-CB,Fast-SB,mean_correct_latency_slots,9106,5.287715086034414,36.0404,30.752684913965584
C,Fast-CB,Fast-SB,mean_correct_latency_slots,9107,6.9579158316633265,35.7664,28.80848416833667
C,Fast-CB,Fast-SB,mean_correct_latency_slots,9108,8.405599425699927,40.1496,31.744000574300074
C,Fast-CB,Fast-SB,p95_correct_latency_slots,9101,13.0,188.0,175.0
C,Fast-CB,Fast-SB,p95_correct_latency_slots,9102,15.0,124.0,109.0
C,Fast-CB,Fast-SB,p95_correct_latency_slots,9103,44.59999999999991,160.05000000000018,115.45000000000027
C,Fast-CB,Fast-SB,p95_correct_latency_slots,9104,55.0,239.05000000000018,184.05000000000018
C,Fast-CB,Fast-SB,p95_correct_latency_slots,9105,15.0,157.0,142.0
C,Fast-CB,Fast-SB,p95_correct_latency_slots,9106,13.099999999999909,162.05000000000018,148.95000000000027
C,Fast-CB,Fast-SB,p95_correct_latency_slots,9107,23.0,160.0,137.0
C,Fast-CB,Fast-SB,p95_correct_latency_slots,9108,42.40000000000009,164.0,121.59999999999991
C,Fast-CB,Fast-SB,phy_attempts,9101,7589,9262,1673.0
C,Fast-CB,Fast-SB,phy_attempts,9102,19555,8415,-11140.0
C,Fast-CB,Fast-SB,phy_attempts,9103,32580,9071,-23509.0
C,Fast-CB,Fast-SB,phy_attempts,9104,62150,9214,-52936.0
C,Fast-CB,Fast-SB,phy_attempts,9105,14176,9176,-5000.0
C,Fast-CB,Fast-SB,phy_attempts,9106,7829,9217,1388.0
C,Fast-CB,Fast-SB,phy_attempts,9107,21315,9221,-12094.0
C,Fast-CB,Fast-SB,phy_attempts,9108,36083,9192,-26891.0
C,Fast-CB,Fast-SB,harq_episode_count,9101,2808,3274,466.0
C,Fast-CB,Fast-SB,harq_episode_count,9102,5670,3098,-2572.0
C,Fast-CB,Fast-SB,harq_episode_count,9103,8688,3231,-5457.0
C,Fast-CB,Fast-SB,harq_episode_count,9104,15615,3256,-12359.0
C,Fast-CB,Fast-SB,harq_episode_count,9105,4338,3243,-1095.0
C,Fast-CB,Fast-SB,harq_episode_count,9106,2851,3261,410.0
C,Fast-CB,Fast-SB,harq_episode_count,9107,6057,3259,-2798.0
C,Fast-CB,Fast-SB,harq_episode_count,9108,9492,3208,-6284.0
C,Fast-CB,Fast-SB,final_harq_failure_count,9101,308,774,466.0
C,Fast-CB,Fast-SB,final_harq_failure_count,9102,3638,598,-3040.0
C,Fast-CB,Fast-SB,final_harq_failure_count,9103,7141,731,-6410.0
C,Fast-CB,Fast-SB,final_harq_failure_count,9104,15208,756,-14452.0
C,Fast-CB,Fast-SB,final_harq_failure_count,9105,2058,743,-1315.0
C,Fast-CB,Fast-SB,final_harq_failure_count,9106,351,761,410.0
C,Fast-CB,Fast-SB,final_harq_failure_count,9107,4061,759,-3302.0
C,Fast-CB,Fast-SB,final_harq_failure_count,9108,8098,708,-7390.0
C,Fast-CB,Fast-SB,rlc_retransmissions,9101,308,774,466.0
C,Fast-CB,Fast-SB,rlc_retransmissions,9102,3170,598,-2572.0
C,Fast-CB,Fast-SB,rlc_retransmissions,9103,6188,731,-5457.0
C,Fast-CB,Fast-SB,rlc_retransmissions,9104,13115,756,-12359.0
C,Fast-CB,Fast-SB,rlc_retransmissions,9105,1838,743,-1095.0
C,Fast-CB,Fast-SB,rlc_retransmissions,9106,351,761,410.0
C,Fast-CB,Fast-SB,rlc_retransmissions,9107,3557,759,-2798.0
C,Fast-CB,Fast-SB,rlc_retransmissions,9108,6992,708,-6284.0
C,Fast-CB,Fast-SB,cb_attempts_per_slot,9101,13.551785714285714,10.949728260869565,-2.6020574534161494
C,Fast-CB,Fast-SB,cb_attempts_per_slot,9102,32.646076794657766,11.194610778443113,-21.451466016214653
C,Fast-CB,Fast-SB,cb_attempts_per_slot,9103,53.32242225859247,10.988888888888889,-42.33353336970358
C,Fast-CB,Fast-SB,cb_attempts_per_slot,9104,104.45378151260505,11.159279778393351,-93.29450173421169
C,Fast-CB,Fast-SB,cb_attempts_per_slot,9105,23.548172757475083,11.601731601731602,-11.94644115574348
C,Fast-CB,Fast-SB,cb_attempts_per_slot,9106,13.856637168141592,11.581896551724139,-2.2747406164174535
C,Fast-CB,Fast-SB,cb_attempts_per_slot,9107,34.65853658536585,11.23463687150838,-23.423899713857473
C,Fast-CB,Fast-SB,cb_attempts_per_slot,9108,59.54290429042904,11.913362701908957,-47.629541588520084
C,Fast-CB,Fast-SB,cb_overlap_probability,9101,0.9358281723547239,0.9749348554411217,0.03910668308639775
C,Fast-CB,Fast-SB,cb_overlap_probability,9102,0.9749936077729481,0.9622893821877507,-0.012704225585197348
C,Fast-CB,Fast-SB,cb_overlap_probability,9103,0.9905156537753222,0.9726996966632963,-0.017815957112025993
C,Fast-CB,Fast-SB,cb_overlap_probability,9104,0.9995655671761866,0.9764180215961276,-0.023147545580059048
C,Fast-CB,Fast-SB,cb_overlap_probability,9105,0.9647996613995485,0.9804726368159205,0.015672975416371915
C,Fast-CB,Fast-SB,cb_overlap_probability,9106,0.9315365947119684,0.982632427738494,0.05109583302652565
C,Fast-CB,Fast-SB,cb_overlap_probability,9107,0.9781374618813042,0.9802337145698657,0.0020962526885615063
C,Fast-CB,Fast-SB,cb_overlap_probability,9108,0.9919075464900369,0.9799087883643535,-0.011998758125683406
C,Fast-CB,Fast-SB,scheduled_attempts_per_slot,9101,0.0,1.6345108695652173,1.6345108695652173
C,Fast-CB,Fast-SB,scheduled_attempts_per_slot,9102,0.0,1.402694610778443,1.402694610778443
C,Fast-CB,Fast-SB,scheduled_attempts_per_slot,9103,0.0,1.6097222222222223,1.6097222222222223
C,Fast-CB,Fast-SB,scheduled_attempts_per_slot,9104,0.0,1.6024930747922437,1.6024930747922437
C,Fast-CB,Fast-SB,scheduled_attempts_per_slot,9105,0.0,1.6392496392496392,1.6392496392496392
C,Fast-CB,Fast-SB,scheduled_attempts_per_slot,9106,0.0,1.660919540229885,1.660919540229885
C,Fast-CB,Fast-SB,scheduled_attempts_per_slot,9107,0.0,1.643854748603352,1.643854748603352
C,Fast-CB,Fast-SB,scheduled_attempts_per_slot,9108,0.0,1.5844346549192365,1.5844346549192365
C,Fast-CB,Fast-SB,mean_scheduled_queue_length,9101,0.0,107.4211956521739,107.4211956521739
C,Fast-CB,Fast-SB,mean_scheduled_queue_length,9102,0.0,55.956586826347305,55.956586826347305
C,Fast-CB,Fast-SB,mean_scheduled_queue_length,9103,0.0,80.38333333333334,80.38333333333334
C,Fast-CB,Fast-SB,mean_scheduled_queue_length,9104,0.0,162.48614958448752,162.48614958448752
C,Fast-CB,Fast-SB,mean_scheduled_queue_length,9105,0.0,90.7027417027417,90.7027417027417
C,Fast-CB,Fast-SB,mean_scheduled_queue_length,9106,0.0,100.44396551724138,100.44396551724138
C,Fast-CB,Fast-SB,mean_scheduled_queue_length,9107,0.0,97.31983240223464,97.31983240223464
C,Fast-CB,Fast-SB,mean_scheduled_queue_length,9108,0.0,118.37444933920705,118.37444933920705
C,Fast-CB,Fast-SB,mean_scheduled_queue_wait_slots,9101,0.0,65.67996674979219,65.67996674979219
C,Fast-CB,Fast-SB,mean_scheduled_queue_wait_slots,9102,0.0,39.732123799359655,39.732123799359655
C,Fast-CB,Fast-SB,mean_scheduled_queue_wait_slots,9103,0.0,49.90422778257118,49.90422778257118
C,Fast-CB,Fast-SB,mean_scheduled_queue_wait_slots,9104,0.0,96.80034572169404,96.80034572169404
C,Fast-CB,Fast-SB,mean_scheduled_queue_wait_slots,9105,0.0,53.50704225352113,53.50704225352113
C,Fast-CB,Fast-SB,mean_scheduled_queue_wait_slots,9106,0.0,59.871107266435985,59.871107266435985
C,Fast-CB,Fast-SB,mean_scheduled_queue_wait_slots,9107,0.0,58.16057774001699,58.16057774001699
C,Fast-CB,Fast-SB,mean_scheduled_queue_wait_slots,9108,0.0,70.22798887859129,70.22798887859129
C,Fast-CB,Fast-SB,cb_prb_slots,9101,2538,1899,-639.0
C,Fast-CB,Fast-SB,cb_prb_slots,9102,2717,1978,-739.0
C,Fast-CB,Fast-SB,cb_prb_slots,9103,2789,1891,-898.0
C,Fast-CB,Fast-SB,cb_prb_slots,9104,3038,1876,-1162.0
C,Fast-CB,Fast-SB,cb_prb_slots,9105,2721,1861,-860.0
C,Fast-CB,Fast-SB,cb_prb_slots,9106,2581,1857,-724.0
C,Fast-CB,Fast-SB,cb_prb_slots,9107,2796,1861,-935.0
C,Fast-CB,Fast-SB,cb_prb_slots,9108,2868,1895,-973.0
C,Fast-CB,Fast-SB,scheduled_prb_slots,9101,0,1203,1203.0
C,Fast-CB,Fast-SB,scheduled_prb_slots,9102,0,937,937.0
C,Fast-CB,Fast-SB,scheduled_prb_slots,9103,0,1159,1159.0
C,Fast-CB,Fast-SB,scheduled_prb_slots,9104,0,1157,1157.0
C,Fast-CB,Fast-SB,scheduled_prb_slots,9105,0,1136,1136.0
C,Fast-CB,Fast-SB,scheduled_prb_slots,9106,0,1156,1156.0
C,Fast-CB,Fast-SB,scheduled_prb_slots,9107,0,1177,1177.0
C,Fast-CB,Fast-SB,scheduled_prb_slots,9108,0,1079,1079.0
C,Fast-CB,Fast-SB,total_occupied_prb_slots,9101,2538,3102,564.0
C,Fast-CB,Fast-SB,total_occupied_prb_slots,9102,2717,2915,198.0
C,Fast-CB,Fast-SB,total_occupied_prb_slots,9103,2789,3050,261.0
C,Fast-CB,Fast-SB,total_occupied_prb_slots,9104,3038,3033,-5.0
C,Fast-CB,Fast-SB,total_occupied_prb_slots,9105,2721,2997,276.0
C,Fast-CB,Fast-SB,total_occupied_prb_slots,9106,2581,3013,432.0
C,Fast-CB,Fast-SB,total_occupied_prb_slots,9107,2796,3038,242.0
C,Fast-CB,Fast-SB,total_occupied_prb_slots,9108,2868,2974,106.0
C,Fast-CB,Fast-SB,mean_residual_cb_prbs,9101,6.0,4.302989130434782,-1.6970108695652177
C,Fast-CB,Fast-SB,mean_residual_cb_prbs,9102,6.0,4.458083832335329,-1.541916167664671
C,Fast-CB,Fast-SB,mean_residual_cb_prbs,9103,6.0,4.343055555555556,-1.656944444444444
C,Fast-CB,Fast-SB,mean_residual_cb_prbs,9104,6.0,4.095567867036011,-1.904432132963989
C,Fast-CB,Fast-SB,mean_residual_cb_prbs,9105,6.0,4.095238095238095,-1.904761904761905
C,Fast-CB,Fast-SB,mean_residual_cb_prbs,9106,6.0,4.114942528735632,-1.8850574712643677
C,Fast-CB,Fast-SB,mean_residual_cb_prbs,9107,6.0,4.128491620111732,-1.871508379888268
C,Fast-CB,Fast-SB,mean_residual_cb_prbs,9108,6.0,4.046989720998532,-1.953010279001468
C,Fast-CB,Fast-SB,drain_slots,9101,12,188,176.0
C,Fast-CB,Fast-SB,drain_slots,9102,47,116,69.0
C,Fast-CB,Fast-SB,drain_slots,9103,50,159,109.0
C,Fast-CB,Fast-SB,drain_slots,9104,53,180,127.0
C,Fast-CB,Fast-SB,drain_slots,9105,52,143,91.0
C,Fast-CB,Fast-SB,drain_slots,9106,7,138,131.0
C,Fast-CB,Fast-SB,drain_slots,9107,55,156,101.0
C,Fast-CB,Fast-SB,drain_slots,9108,52,127,75.0
