policy,scenario_id,seed,measured_packets,receiver_acceptance_probability,correct_delivery_probability,undetected_error_probability,protocol_terminal_failure_probability,mean_correct_latency_slots,median_correct_latency_slots,p95_correct_latency_slots,p99_correct_latency_slots,phy_attempts,harq_episode_count,final_harq_failure_count,rlc_retransmissions,terminal_failure_after_threshold,cb_attempts_per_slot,cb_overlap_probability,scheduled_attempts_per_slot,mean_scheduled_queue_length,mean_scheduled_queue_wait_slots,cb_prb_slots,scheduled_prb_slots,total_occupied_prb_slots,mean_residual_cb_prbs,drain_slots,mean_legacy_sr_wait_slots,mean_legacy_sr_to_tx_slots,mean_legacy_queue_wait_slots,rlc_retx_0_fraction,rlc_retx_1_fraction,fraction_reaching_retx_1,rlc_retx_2_fraction,fraction_reaching_retx_2,rlc_retx_3_fraction,fraction_reaching_retx_3,rlc_retx_4_fraction,fraction_reaching_retx_4,rlc_retx_5_fraction,fraction_reaching_retx_5,rlc_retx_6_fraction,fraction_reaching_retx_6
Legacy-20,V0_5_RHO090_LEGACY_RLC_SB_T20,9101,2500,0.9992,0.9992,0.0,0.0008,36.81585268214572,6.0,208.0,333.1200000000008,9096,3603,660,1103,2,9.909319899244332,0.9698779867819014,1.5465994962216625,69.75062972292191,37.692996742671006,1962,1228,3190,4.419395465994962,246,4.315503173164098,43.19038984587489,41.19038984587489,0.736,0.1672,0.264,0.048,0.0968,0.0276,0.0488,0.0136,0.0212,0.0048,0.0076,0.0028,0.0028
Legacy-20,V0_5_RHO090_LEGACY_RLC_SB_T20,9102,2500,1.0,0.9996,0.0004,0.0,20.496598639455783,5.0,125.0,211.1199999999999,8020,3242,469,742,0,10.015406162464986,0.9449028107956929,1.2170868347338935,34.9859943977591,22.352128883774455,2098,869,2967,4.715686274509804,162,4.420485175202156,26.393530997304584,24.393530997304584,0.8124,0.1232,0.1876,0.0344,0.0644,0.0192,0.03,0.008,0.0108,0.0016,0.0028,0.0012,0.0012
Legacy-20,V0_5_RHO090_LEGACY_RLC_SB_T20,9103,2500,1.0,1.0,0.0,0.0,20.1396,5.0,91.05000000000018,182.01000000000022,8569,3282,597,782,0,10.593575418994414,0.9632168754119974,1.3743016759776536,30.710893854748605,18.338414634146343,2018,984,3002,4.57122905027933,155,4.2698209718670075,22.737851662404093,20.737851662404093,0.7612,0.1892,0.2388,0.0308,0.0496,0.0144,0.0188,0.0032,0.0044,0.0012,0.0012,0.0,0.0
Legacy-20,V0_5_RHO090_LEGACY_RLC_SB_T20,9104,2500,0.9984,0.9984,0.0,0.0016,72.30809294871794,7.0,354.0,484.15000000000055,9310,3852,727,1352,4,9.607272727272727,0.9680797375725461,1.6775757575757575,150.76848484848486,79.67919075144509,1928,1384,3312,4.124848484848485,283,4.488905325443787,83.29437869822485,81.29437869822485,0.7092,0.1488,0.2908,0.0728,0.142,0.0424,0.0692,0.0172,0.0268,0.0072,0.0096,0.0024,0.0024
Legacy-20,V0_5_RHO090_LEGACY_RLC_SB_T20,9105,2500,1.0,1.0,0.0,0.0,25.46,5.0,148.0,258.0400000000009,8671,3388,595,888,0,10.544198895027625,0.9621430442756091,1.4323204419889504,44.62154696132597,25.215043394406944,2011,1037,3048,4.486187845303867,174,4.45945945945946,30.06756756756757,28.06756756756757,0.762,0.17,0.238,0.0364,0.068,0.0188,0.0316,0.0092,0.0128,0.0024,0.0036,0.0012,0.0012
Legacy-20,V0_5_RHO090_LEGACY_RLC_SB_T20,9106,2500,1.0,1.0,0.0,0.0,30.1356,5.0,170.0,274.0400000000009,8864,3502,632,1002,0,10.449255751014885,0.9721574721574722,1.5453315290933693,57.91745602165088,30.76707530647986,1949,1142,3091,4.382949932341002,181,4.462075848303393,35.89321357285429,33.89321357285429,0.7472,0.1632,0.2528,0.0516,0.0896,0.024,0.038,0.0092,0.014,0.0032,0.0048,0.0016,0.0016
Legacy-20,V0_5_RHO090_LEGACY_RLC_SB_T20,9107,2500,1.0,1.0,0.0,0.0,26.0892,5.0,151.0,233.01000000000022,8608,3409,589,909,0,10.216508795669824,0.963841059602649,1.4316644113667119,46.640054127198916,26.41304347826087,1996,1058,3054,4.497970230040595,179,4.798679867986799,31.292629262926294,29.292629262926294,0.7644,0.1556,0.2356,0.0448,0.08,0.0272,0.0352,0.0044,0.008,0.0024,0.0036,0.0012,0.0012
Legacy-20,V0_5_RHO090_LEGACY_RLC_SB_T20,9108,2500,0.9996,0.9996,0.0,0.0004,42.17166866746699,7.0,223.0,335.0799999999999,9189,3699,655,1199,1,10.560585885486018,0.9766738116252679,1.6750998668442076,83.62583222370174,41.04451510333863,1916,1258,3174,4.186418109187749,197,4.567973311092577,44.517931609674726,42.517931609674726,0.738,0.1452,0.262,0.0528,0.1168,0.0388,0.064,0.016,0.0252,0.0068,0.0092,0.0024,0.0024
Legacy-15,V0_5_RHO090_LEGACY_RLC_SB_T15,9101,2500,0.9992,0.9988,0.0004,0.0008,53.931918301962355,7.0,289.59999999999945,422.03999999999996,9349,3792,708,1292,2,9.694174757281553,0.9689534301452178,1.6516990291262137,108.31917475728156,59.03967670830272,1949,1361,3310,4.317961165048544,276,4.475232198142415,63.90402476780186,61.90402476780186,0.7168,0.158,0.2832,0.0588,0.1252,0.0372,0.0664,0.0184,0.0292,0.0088,0.0108,0.002,0.002
Legacy-15,V0_5_RHO090_LEGACY_RLC_SB_T15,9102,2500,1.0,0.9996,0.0004,0.0,10.544617847138856,5.0,42.0,92.0,7750,3005,408,505,0,11.108490566037736,0.9473460721868365,1.0770440251572326,11.474842767295597,8.064233576642335,2103,685,2788,4.831761006289308,84,4.6,11.154455445544555,9.154455445544555,0.8368,0.134,0.1632,0.0224,0.0292,0.0048,0.0068,0.0012,0.002,0.0008,0.0008,0.0,0.0
Legacy-15,V0_5_RHO090_LEGACY_RLC_SB_T15,9103,2500,0.9984,0.9984,0.0,0.0016,26.24639423076923,5.0,154.0,251.05000000000018,8778,3469,617,969,4,10.229027962716378,0.9657641239260609,1.459387483355526,49.48468708388815,28.781934306569344,1987,1096,3083,4.495339547270306,190,4.570691434468524,33.90505675954592,31.905056759545925,0.7532,0.166,0.2468,0.0424,0.0808,0.0244,0.0384,0.0096,0.014,0.0012,0.0044,0.0032,0.0032
Legacy-15,V0_5_RHO090_LEGACY_RLC_SB_T15,9104,2500,0.9984,0.9984,0.0,0.0016,67.57652243589743,7.0,338.25,481.2000000000007,9246,3842,721,1342,4,9.68880688806888,0.9648343277897676,1.6838868388683887,141.0479704797048,75.72023374726078,1944,1369,3313,4.132841328413284,271,4.488077496274218,79.03502235469449,77.03502235469449,0.7116,0.1488,0.2884,0.074,0.1396,0.0388,0.0656,0.0148,0.0268,0.0076,0.012,0.0044,0.0044
Legacy-15,V0_5_RHO090_LEGACY_RLC_SB_T15,9105,2500,1.0,1.0,0.0,0.0,29.136,5.0,159.0,285.0100000000002,8681,3457,575,957,0,10.412568306010929,0.9639202309105221,1.4467213114754098,57.12158469945355,33.88385269121813,2018,1059,3077,4.4849726775956285,182,4.458725182863114,38.78683385579937,36.78683385579937,0.77,0.14,0.23,0.0496,0.09,0.0248,0.0404,0.0096,0.0156,0.0052,0.006,0.0008,0.0008
Legacy-15,V0_5_RHO090_LEGACY_RLC_SB_T15,9106,2500,0.9968,0.9968,0.0,0.0032,35.463081861958266,5.0,194.0,328.09000000000015,8943,3603,640,1103,8,10.220607661822985,0.9719529533410882,1.5931307793923382,75.78071334214003,41.53897180762852,1951,1206,3157,4.327608982826948,199,4.641885766092475,46.98640072529465,44.98640072529465,0.744,0.1548,0.256,0.052,0.1012,0.028,0.0492,0.012,0.0212,0.0048,0.0092,0.0044,0.0044
Legacy-15,V0_5_RHO090_LEGACY_RLC_SB_T15,9107,2500,1.0,1.0,0.0,0.0,22.9152,5.0,134.05000000000018,206.01000000000022,8615,3412,575,912,0,10.348837209302326,0.9637805684071381,1.4363885088919288,41.65663474692202,23.98190476190476,2005,1050,3055,4.507523939808482,171,4.357456140350878,28.709429824561404,26.709429824561404,0.77,0.15,0.23,0.04,0.08,0.028,0.04,0.01,0.012,0.0012,0.002,0.0008,0.0008
Legacy-15,V0_5_RHO090_LEGACY_RLC_SB_T15,9108,2500,1.0,1.0,0.0,0.0,37.1676,7.0,191.0,304.0500000000011,9151,3686,650,1186,0,10.860082304526749,0.9739800429455602,1.6927297668038408,77.48285322359396,39.09319286871961,1930,1234,3164,4.193415637860082,175,4.375210792580101,42.357504215851606,40.357504215851606,0.74,0.138,0.26,0.0632,0.122,0.0352,0.0588,0.0156,0.0236,0.006,0.008,0.002,0.002
Fast-CB,V0_5_RHO090_FAST_CB,9101,2500,1.0,0.9996,0.0004,0.0,5.116446578631453,5.0,13.0,19.0,7589,2808,308,308,0,13.551785714285714,0.9358281723547239,0.0,0.0,0.0,2538,0,2538,6.0,12,,,,0.8948,0.09,0.1052,0.0128,0.0152,0.002,0.0024,0.0004,0.0004,0.0,0.0,0.0,0.0
Fast-CB,V0_5_RHO090_FAST_CB,9102,2500,0.8128,0.8128,0.0,0.1872,5.9763779527559056,5.0,15.0,53.0,19555,5670,3638,3170,468,32.646076794657766,0.9749936077729481,0.0,0.0,0.0,2717,0,2717,6.0,47,,,,0.7396,0.0504,0.2604,0.0072,0.21,0.0024,0.2028,0.0008,0.2004,0.0048,0.1996,0.1948,0.1948
Fast-CB,V0_5_RHO090_FAST_CB,9103,2500,0.6188,0.618,0.0008,0.3812,8.950809061488673,5.0,44.59999999999991,55.0,32580,8688,7141,6188,953,53.32242225859247,0.9905156537753222,0.0,0.0,0.0,2789,0,2789,6.0,50,,,,0.5272,0.0544,0.4728,0.0148,0.4184,0.006,0.4036,0.004,0.3976,0.0044,0.3936,0.3892,0.3892
Fast-CB,V0_5_RHO090_FAST_CB,9104,2500,0.1628,0.1624,0.0004,0.8372,19.90394088669951,11.0,55.0,84.89999999999998,62150,15615,15208,13115,2093,104.45378151260505,0.9995655671761866,0.0,0.0,0.0,3038,0,3038,6.0,53,,,,0.0844,0.0324,0.9156,0.0116,0.8832,0.006,0.8716,0.0052,0.8656,0.0108,0.8604,0.8496,0.8496
Fast-CB,V0_5_RHO090_FAST_CB,9105,2500,0.912,0.912,0.0,0.088,6.306140350877193,5.0,15.0,53.0,14176,4338,2058,1838,220,23.548172757475083,0.9647996613995485,0.0,0.0,0.0,2721,0,2721,6.0,52,,,,0.7992,0.0776,0.2008,0.0144,0.1232,0.0056,0.1088,0.0024,0.1032,0.0024,0.1008,0.0984,0.0984
Fast-CB,V0_5_RHO090_FAST_CB,9106,2500,1.0,0.9996,0.0004,0.0,5.287715086034414,5.0,13.099999999999909,23.0,7829,2851,351,351,0,13.856637168141592,0.9315365947119684,0.0,0.0,0.0,2581,0,2581,6.0,7,,,,0.8916,0.0844,0.1084,0.0188,0.024,0.0024,0.0052,0.0028,0.0028,0.0,0.0,0.0,0.0
Fast-CB,V0_5_RHO090_FAST_CB,9107,2500,0.7984,0.7984,0.0,0.2016,6.9579158316633265,5.0,23.0,53.0,21315,6057,4061,3557,504,34.65853658536585,0.9781374618813042,0.0,0.0,0.0,2796,0,2796,6.0,55,,,,0.6868,0.0716,0.3132,0.0192,0.2416,0.0044,0.2224,0.0016,0.218,0.0052,0.2164,0.2112,0.2112
Fast-CB,V0_5_RHO090_FAST_CB,9108,2500,0.5576,0.5572,0.0004,0.4424,8.405599425699927,5.0,42.40000000000009,55.0,36083,9492,8098,6992,1106,59.54290429042904,0.9919075464900369,0.0,0.0,0.0,2868,0,2868,6.0,52,,,,0.4884,0.0468,0.5116,0.0064,0.4648,0.0024,0.4584,0.0004,0.456,0.0052,0.4556,0.4504,0.4504
Fast-SB,V0_5_RHO090_FAST_SB,9101,2500,1.0,0.9996,0.0004,0.0,41.324929971988794,7.0,188.0,234.01999999999998,9262,3274,774,774,0,10.949728260869565,0.9749348554411217,1.6345108695652173,107.4211956521739,65.67996674979219,1899,1203,3102,4.302989130434782,188,,,,0.6904,0.3096,0.3096,0.0,0.0,0.0,0.0,0.0,0.0,0.0,0.0,0.0,0.0
Fast-SB,V0_5_RHO090_FAST_SB,9102,2500,1.0,0.9996,0.0004,0.0,21.558623449379752,5.0,124.0,150.01999999999998,8415,3098,598,598,0,11.194610778443113,0.9622893821877507,1.402694610778443,55.956586826347305,39.732123799359655,1978,937,2915,4.458083832335329,116,,,,0.7608,0.2392,0.2392,0.0,0.0,0.0,0.0,0.0,0.0,0.0,0.0,0.0,0.0
Fast-SB,V0_5_RHO090_FAST_SB,9103,2500,1.0,1.0,0.0,0.0,31.2544,7.0,160.05000000000018,187.0,9071,3231,731,731,0,10.988888888888889,0.9726996966632963,1.6097222222222223,80.38333333333334,49.90422778257118,1891,1159,3050,4.343055555555556,159,,,,0.7076,0.2924,0.2924,0.0,0.0,0.0,0.0,0.0,0.0,0.0,0.0,0.0,0.0
Fast-SB,V0_5_RHO090_FAST_SB,9104,2500,1.0,1.0,0.0,0.0,57.488,7.0,239.05000000000018,316.0500000000011,9214,3256,756,756,0,11.159279778393351,0.9764180215961276,1.6024930747922437,162.48614958448752,96.80034572169404,1876,1157,3033,4.095567867036011,180,,,,0.6976,0.3024,0.3024,0.0,0.0,0.0,0.0,0.0,0.0,0.0,0.0,0.0,0.0
Fast-SB,V0_5_RHO090_FAST_SB,9105,2500,1.0,1.0,0.0,0.0,32.8884,7.0,157.0,191.01000000000022,9176,3243,743,743,0,11.601731601731602,0.9804726368159205,1.6392496392496392,90.7027417027417,53.50704225352113,1861,1136,2997,4.095238095238095,143,,,,0.7028,0.2972,0.2972,0.0,0.0,0.0,0.0,0.0,0.0,0.0,0.0,0.0,0.0
Fast-SB,V0_5_RHO090_FAST_SB,9106,2500,1.0,1.0,0.0,0.0,36.0404,7.0,162.05000000000018,207.01000000000022,9217,3261,761,761,0,11.581896551724139,0.982632427738494,1.660919540229885,100.44396551724138,59.871107266435985,1857,1156,3013,4.114942528735632,138,,,,0.6956,0.3044,0.3044,0.0,0.0,0.0,0.0,0.0,0.0,0.0,0.0,0.0,0.0
Fast-SB,V0_5_RHO090_FAST_SB,9107,2500,1.0,1.0,0.0,0.0,35.7664,7.0,160.0,201.0500000000011,9221,3259,759,759,0,11.23463687150838,0.9802337145698657,1.643854748603352,97.31983240223464,58.16057774001699,1861,1177,3038,4.128491620111732,156,,,,0.6964,0.3036,0.3036,0.0,0.0,0.0,0.0,0.0,0.0,0.0,0.0,0.0,0.0
Fast-SB,V0_5_RHO090_FAST_SB,9108,2500,1.0,1.0,0.0,0.0,40.1496,7.0,164.0,221.01000000000022,9192,3208,708,708,0,11.913362701908957,0.9799087883643535,1.5844346549192365,118.37444933920705,70.22798887859129,1895,1079,2974,4.046989720998532,127,,,,0.7168,0.2832,0.2832,0.0,0.0,0.0,0.0,0.0,0.0,0.0,0.0,0.0,0.0
