policy,rlc_retx_count,packet_fraction
Legacy-20,0,0.7538
Legacy-20,1,0.1578
Legacy-20,2,0.04645
Legacy-20,3,0.02655
Legacy-20,4,0.0101
Legacy-20,5,0.0036999999999999997
Legacy-20,6,0.0015999999999999999
Legacy-15,0,0.7553
Legacy-15,1,0.1487
Legacy-15,2,0.0503
Legacy-15,3,0.02765
Legacy-15,4,0.0114
Legacy-15,5,0.00445
Legacy-15,6,0.0022
Fast-CB,0,0.639
Fast-CB,1,0.06345
Fast-CB,2,0.01315
Fast-CB,3,0.0039
Fast-CB,4,0.0022
Fast-CB,5,0.0041
Fast-CB,6,0.2742
Fast-SB,0,0.7085
Fast-SB,1,0.2915
Fast-SB,2,0.0
Fast-SB,3,0.0
Fast-SB,4,0.0
Fast-SB,5,0.0
Fast-SB,6,0.0
