metric,policy,sample_count,degrees_of_freedom,mean,sample_standard_deviation,standard_error,t_critical_975,ci95_lower,ci95_upper,ci95_half_width
mean_scheduled_queue_length,Legacy-20,8,7,64.877611519724,38.92248339036428,13.761175972973671,2.365,32.33243034364126,97.42279269580673,32.545181176082735
mean_scheduled_queue_length,Legacy-15,8,7,70.29605763753496,40.391218687017826,14.280452316989551,2.365,36.522787907854664,104.06932736721525,33.773269729680294
mean_scheduled_queue_length,Fast-CB,8,7,0.0,0.0,0.0,2.365,0.0,0.0,0.0
mean_scheduled_queue_length,Fast-SB,8,7,101.63603179472085,30.924460715311533,10.933447938166887,2.365,75.77842742095616,127.49363616848554,25.85760437376469
mean_scheduled_queue_wait_slots,Legacy-20,8,7,35.1878010368154,19.510847703909235,6.8981263590661,2.365,18.873732197624072,51.50186987600673,16.31406883919133
mean_scheduled_queue_wait_slots,Legacy-15,8,7,38.76300005853078,20.939090506176257,7.403086444398044,2.365,21.2547006175294,56.271299499532155,17.508299441001377
mean_scheduled_queue_wait_slots,Fast-CB,8,7,0.0,0.0,0.0,2.365,0.0,0.0,0.0
mean_scheduled_queue_wait_slots,Fast-SB,8,7,61.735422523997805,17.009727064059902,6.01384667656455,2.365,47.51267513392264,75.95816991407297,14.222747390075163
scheduled_prb_slots,Legacy-20,8,7,1120.0,166.09721765967578,58.72423447168735,2.365,981.1171854744593,1258.8828145255407,138.8828145255406
scheduled_prb_slots,Legacy-15,8,7,1132.5,219.6250050817139,77.64916520570493,2.365,948.8597242885078,1316.1402757114922,183.6402757114922
scheduled_prb_slots,Fast-CB,8,7,0.0,0.0,0.0,2.365,0.0,0.0,0.0
scheduled_prb_slots,Fast-SB,8,7,1125.5,84.09858160855883,29.733338671791106,2.365,1055.180654041214,1195.819345958786,70.31934595878597
mean_residual_cb_prbs,Legacy-20,8,7,4.423085674063224,0.19410328794285656,0.06862587557749944,2.365,4.260785478322438,4.585385869804011,0.1623001957407862
mean_residual_cb_prbs,Legacy-15,8,7,4.411428035639073,0.22015119275466277,0.07783520064156438,2.365,4.227347786121773,4.595508285156373,0.18408024951729976
mean_residual_cb_prbs,Fast-CB,8,7,6.0,0.0,0.0,2.365,6.0,6.0,0.0
mean_residual_cb_prbs,Fast-SB,8,7,4.198169793805708,0.14894563467213415,0.0526602341524001,2.365,4.073628340035282,4.322711247576135,0.12454145377042625
