source_relative_path,candidate_relative_path,sha256
docs/audits/metric_contract.md,docs/accepted/metric_contract.md,f288306e1784f9573c90d8df93d8e68ab377bd80094d5028929eec9afec63b5b
docs/audits/COMMMAG_PHASE_A_DECISION.md,docs/accepted/COMMMAG_PHASE_A_DECISION.md,a23cea4e973260e2d08a211599d96adc3b209a9373f353a130d627c9e148f427
docs/V0_8_TEST_D_REPORT.md,docs/accepted/V0_8_TEST_D_REPORT.md,269bfc87416967f3be0068d66ceefbbbbd2a0c222d879deaee9fa6c504319fd0
results/commmag_phase_a_audit/accepted_kpi_consistency.csv,data/validation/phase_a/accepted_kpi_consistency.csv,60a75da0fda98d1d07cfa7cffd946b631c8818d3cc1797960dfdc9925691163c
results/commmag_phase_a_audit/audit_manifest.json,data/validation/phase_a/audit_manifest.json,4f2c67f6532e5d40093223ad730cc47ff9bf84339a4e911b7c13b830310b374b
results/commmag_phase_a_audit/figure_source_consistency.csv,data/validation/phase_a/figure_source_consistency.csv,4dc6825a01c4aa718843783e8e93e497d5d93e8f0766708775f4c70b3f35c163
results/commmag_phase_a_audit/harq_semantics_audit.csv,data/validation/phase_a/harq_semantics_audit.csv,429d1777819c8e8028d71c0edc1cf6aefabc21b6651fdaeeb82b4aa30cc2abd0
results/commmag_phase_a_audit/legacy_timing_audit.csv,data/validation/phase_a/legacy_timing_audit.csv,2f93dab60b0ec8b36b77e2a95105ea15f94fda78085da29cac579240a8a54795
results/commmag_phase_a_audit/paired_reanalysis.csv,data/validation/phase_a/paired_reanalysis.csv,5993f30caf712915c215c46a8102b4139bd2c44d0f4e905e6778b8e33a28fe28
results/commmag_phase_a_audit/protocol_integrity_audit.csv,data/validation/phase_a/protocol_integrity_audit.csv,641bae8121444cb320d4f00e605225a12b61c04f18f4670ca2eca90ad67b86c5
results/commmag_phase_a_audit/provenance_inventory.csv,data/validation/phase_a/provenance_inventory.csv,7b05b267501a72b2af20760ea6cca05fc158d069cb689a554a570a89f5dd9b64
results/commmag_phase_a_audit/provenance_run_details.csv,data/validation/phase_a/provenance_run_details.csv,e4e2ba35c68e45adc716fb8e98b823bbb3f82688febfa7df68b6030c97c60e60
results/commmag_phase_a_audit/resource_conservation_summary.csv,data/validation/phase_a/resource_conservation_summary.csv,026710583d587a73aa2c10ecf356f366846815a25fa78f76dd91b020ff65e485
results/commmag_phase_a_audit/retry_accounting_by_scheme.csv,data/validation/phase_a/retry_accounting_by_scheme.csv,097e191162e069d879a49bb62fed43d29e2db68aa79bf46c1dac1959c7fdc053
results/commmag_phase_a_audit/scheduled_workload_aggregate_summary.csv,data/validation/phase_a/scheduled_workload_aggregate_summary.csv,472d7d323207629215105786bcf0494afc84cbc81ed34c6b04e98cfc4c5886f9
results/commmag_phase_a_audit/scheduled_workload_seed_summary.csv,data/validation/phase_a/scheduled_workload_seed_summary.csv,c473a7065d424bad0ef8733dcea67b7fa6bb278e560a4ef9f72a104b45fee929
results/commmag_phase_a_audit/timing_audit.csv,data/validation/phase_a/timing_audit.csv,c691ab0a60462ffcf407fe27b3bd38914d77a50b50d775e7e18cf2ba365405c3
results/commmag_phase_a_audit/work_horizon_aggregate_summary.csv,data/validation/phase_a/work_horizon_aggregate_summary.csv,f16577ff49524bd61f1287b381a074bb5f1574427d8217081d77a68c053acccb
results/commmag_phase_a_audit/work_horizon_seed_summary.csv,data/validation/phase_a/work_horizon_seed_summary.csv,f2c5ab3bb752d51dfe7e58fa2c4c0e4a87082d128e59c772945106a0adbf1417
