path,sha256,bytes,original_sha256,original_bytes,transformation
data/accepted_analysis/high_load_baselines/figure_index.csv,9b8ab39fa33bbdd069f30d3ad2ed681cd7239ed4e2f5cec24079221d2a948f42,834,9b8ab39fa33bbdd069f30d3ad2ed681cd7239ed4e2f5cec24079221d2a948f42,834,
data/accepted_analysis/high_load_baselines/paired_seed_differences.csv,75b05cc961b0e13741212f08b546df54edaa808591761cfdaa9b9daf2cac50d4,46026,75b05cc961b0e13741212f08b546df54edaa808591761cfdaa9b9daf2cac50d4,46026,
data/accepted_analysis/high_load_baselines/paired_statistics.csv,0e1f531bb1d92f9e6f6cd2894f94f381eb399055a71431b210487c624cbb828a,17602,0e1f531bb1d92f9e6f6cd2894f94f381eb399055a71431b210487c624cbb828a,17602,
data/accepted_analysis/high_load_baselines/policy_seed_means.csv,86064ea999ed2c1d80d4f093e9ec14434e9f37ffa5e7f6a1c75b1ccc70d0a78d,2577,86064ea999ed2c1d80d4f093e9ec14434e9f37ffa5e7f6a1c75b1ccc70d0a78d,2577,
data/accepted_analysis/high_load_baselines/run_level_kpis.csv,f5b434b0eb925fbfaacd05a0d9c62684d43ad50b405a5d43840bb9fb21afaa75,12229,f5b434b0eb925fbfaacd05a0d9c62684d43ad50b405a5d43840bb9fb21afaa75,12229,
data/accepted_analysis/high_load_baselines/v0_5_1_completion_source.csv,a0fb212b693ed4e0c9bd5af2e64566ca78deceee482a157a02071c57c79bdf0a,270179,a0fb212b693ed4e0c9bd5af2e64566ca78deceee482a157a02071c57c79bdf0a,270179,
data/accepted_analysis/high_load_baselines/v0_5_2_conditional_latency_source.csv,bd472292318e3e445d7161a5289b7702e8b5771de2b7d27dfac95e3f062f9da8,306416,bd472292318e3e445d7161a5289b7702e8b5771de2b7d27dfac95e3f062f9da8,306416,
data/accepted_analysis/high_load_baselines/v0_5_3_reliability_source.csv,979e7fcbc4312e0cf569e3d1396489d7791a67f3f9bf7e2d191e50e6f600a00d,1344,979e7fcbc4312e0cf569e3d1396489d7791a67f3f9bf7e2d191e50e6f600a00d,1344,
data/accepted_analysis/high_load_baselines/v0_5_4_latency_source.csv,703259087e88d7ee1a1657d16b1c400722335ba46d8d74cb13dbb2451baee774,1392,703259087e88d7ee1a1657d16b1c400722335ba46d8d74cb13dbb2451baee774,1392,
data/accepted_analysis/high_load_baselines/v0_5_5_rlc_retry_distribution_source.csv,fc9214183ed1064bc81b58e25b91220afb18468b9b84eb87cbb05c0663f6903a,562,fc9214183ed1064bc81b58e25b91220afb18468b9b84eb87cbb05c0663f6903a,562,
data/accepted_analysis/high_load_baselines/v0_5_6_legacy_timing_source.csv,cda8850e90142d535c1ed4ccfabec3e5dce1f82196f5302c996d5167937a6d8e,1098,cda8850e90142d535c1ed4ccfabec3e5dce1f82196f5302c996d5167937a6d8e,1098,
data/accepted_analysis/high_load_baselines/v0_5_7_fast_resource_domain_source.csv,f54c93b144e5fca2c62d6dda9f98da823b132596714ce718f07ccf8110ff8674,1283,f54c93b144e5fca2c62d6dda9f98da823b132596714ce718f07ccf8110ff8674,1283,
data/accepted_analysis/high_load_baselines/v0_5_8_scheduled_queue_resource_source.csv,76e83e9599fdd91566718c7eb2d8173951a1decdb56e488a574e8c8ab8d4b362,2248,76e83e9599fdd91566718c7eb2d8173951a1decdb56e488a574e8c8ab8d4b362,2248,
data/accepted_analysis/high_load_baselines/analysis_manifest.json,c9c1f2452ad2b00f88aa59b94193d804ffae79c12c28265de90840f675fd21a1,633,0dc847f689b4a19c25f11e3cd9fe703ebeee741692d0fcac0fe970b0b087d829,672,generation_command interpreter token normalized to python
data/accepted_analysis/scheduled_recovery_after_two_cb_failures/completion_curve_source.csv,b7a9ade37f95c106c52b64f3668edf2897f1b8aa152e535a0ece755fb5de60b4,190250,b7a9ade37f95c106c52b64f3668edf2897f1b8aa152e535a0ece755fb5de60b4,190250,
data/accepted_analysis/scheduled_recovery_after_two_cb_failures/conditional_ecdf_source.csv,98d395ad36e13dfe38f1936641c4b06a236d2d98a6e34936041c946442995d69,207691,98d395ad36e13dfe38f1936641c4b06a236d2d98a6e34936041c946442995d69,207691,
data/accepted_analysis/scheduled_recovery_after_two_cb_failures/max_latency_histories.csv,ffbd55eb91458dd6fed2703d072b906fadcaf0c32c303e576ac0f95bade2991e,14811,ffbd55eb91458dd6fed2703d072b906fadcaf0c32c303e576ac0f95bade2991e,14811,
data/accepted_analysis/scheduled_recovery_after_two_cb_failures/paired_seed_differences.csv,c4170c9d296ef20ad8b74248459235139522379559d1289b7cc2191bf029730b,7690,c4170c9d296ef20ad8b74248459235139522379559d1289b7cc2191bf029730b,7690,
data/accepted_analysis/scheduled_recovery_after_two_cb_failures/paired_statistics.csv,dcf03ab505611fa4cb55a81fdb76d78ba64056a5458a3950a14d7241b0e8c38e,3734,dcf03ab505611fa4cb55a81fdb76d78ba64056a5458a3950a14d7241b0e8c38e,3734,
data/accepted_analysis/scheduled_recovery_after_two_cb_failures/per_seed_tail.csv,ef3003fb0e67be0aeccce7e39dca31c1fad680589396f74a1c0a2dc1bb844e2b,1007,ef3003fb0e67be0aeccce7e39dca31c1fad680589396f74a1c0a2dc1bb844e2b,1007,
data/accepted_analysis/scheduled_recovery_after_two_cb_failures/rlc_retry_distribution.csv,462eb5396ef332621840c0f1fc009e67689c49e886a7a1bbc18643d3b00e7fe6,401,462eb5396ef332621840c0f1fc009e67689c49e886a7a1bbc18643d3b00e7fe6,401,
data/accepted_analysis/scheduled_recovery_after_two_cb_failures/run_level_kpis.csv,ec5ceea65e8e6830a3a56b551a5c81c00743c6db951c8b1c47e082f57e88404e,8269,ec5ceea65e8e6830a3a56b551a5c81c00743c6db951c8b1c47e082f57e88404e,8269,
data/accepted_analysis/scheduled_recovery_after_two_cb_failures/scheme_seed_means.csv,b427dbed4757778c2861d69a035335e628e7e1dfc2f9bb2fe7318f109cdf34b8,1857,b427dbed4757778c2861d69a035335e628e7e1dfc2f9bb2fe7318f109cdf34b8,1857,
data/accepted_analysis/scheduled_recovery_after_two_cb_failures/analysis_manifest.json,6523d1bb876fbc80db78712a346729708bffac0a07fbd2cddada0bb30d177b7c,3619,6523d1bb876fbc80db78712a346729708bffac0a07fbd2cddada0bb30d177b7c,3619,
data/accepted_analysis/harq_continuation_after_three_cb_failures/completion_curve_source.csv,0a3df58aac1d360f28502af0f266cb4b0965ffdf72b373cd92c1c469e92e2e2a,91092,0a3df58aac1d360f28502af0f266cb4b0965ffdf72b373cd92c1c469e92e2e2a,91092,
data/accepted_analysis/harq_continuation_after_three_cb_failures/conditional_ecdf_source.csv,9138a1ffff49c9c0c05cdf7765b8b99c14b5fabd1cd65addc9a6c45a4882583e,88364,9138a1ffff49c9c0c05cdf7765b8b99c14b5fabd1cd65addc9a6c45a4882583e,88364,
data/accepted_analysis/harq_continuation_after_three_cb_failures/max_latency_histories.csv,8bf10a15924e3bdc2f5847686c4025e4007891ede9041907d8618fd29f3b0eb6,15890,8bf10a15924e3bdc2f5847686c4025e4007891ede9041907d8618fd29f3b0eb6,15890,
data/accepted_analysis/harq_continuation_after_three_cb_failures/paired_seed_differences.csv,61c0f9c28c4ee4836ed8fa4c405c4574500a287146054fecad2978f2a8694ae2,10657,61c0f9c28c4ee4836ed8fa4c405c4574500a287146054fecad2978f2a8694ae2,10657,
data/accepted_analysis/harq_continuation_after_three_cb_failures/paired_statistics.csv,917f2040c66b8b559bef29aed1920973eeeca418c47822d04749b3082f229f89,5032,917f2040c66b8b559bef29aed1920973eeeca418c47822d04749b3082f229f89,5032,
data/accepted_analysis/harq_continuation_after_three_cb_failures/per_seed_tail.csv,bd053aefc6551ba46127ac42fe9fd5f801cc667239ce867a37197400ed03b212,989,bd053aefc6551ba46127ac42fe9fd5f801cc667239ce867a37197400ed03b212,989,
data/accepted_analysis/harq_continuation_after_three_cb_failures/rlc_retry_distribution.csv,198872b4fcedd7310f029b2e56935ff1a99bae27337a496c99df681abb2d88fc,481,198872b4fcedd7310f029b2e56935ff1a99bae27337a496c99df681abb2d88fc,481,
data/accepted_analysis/harq_continuation_after_three_cb_failures/run_level_kpis.csv,f10d487097c30a05eb60b9870b004f7dd240af91b65dc71983673bae60fd4153,8967,f10d487097c30a05eb60b9870b004f7dd240af91b65dc71983673bae60fd4153,8967,
data/accepted_analysis/harq_continuation_after_three_cb_failures/scheme_seed_means.csv,702c0a113b542c4fd1335348dd0442dee26dd7b39362e05ed641b42fd86ae773,1916,702c0a113b542c4fd1335348dd0442dee26dd7b39362e05ed641b42fd86ae773,1916,
data/accepted_analysis/harq_continuation_after_three_cb_failures/analysis_manifest.json,d5f5b3b7567c7be06a8dd06431750b3dc8535ec09432f5dd7403407ef78fec8d,3359,d5f5b3b7567c7be06a8dd06431750b3dc8535ec09432f5dd7403407ef78fec8d,3359,
data/accepted_analysis/fresh_harq_after_three_cb_failures/completion_curve_source.csv,d6ea6e969bbc5d38d3408f66e524899d9f3e5b793185d1b5fc8467798473a460,93676,d6ea6e969bbc5d38d3408f66e524899d9f3e5b793185d1b5fc8467798473a460,93676,
data/accepted_analysis/fresh_harq_after_three_cb_failures/first_scheduled_success.csv,7be8710731ce9a8af0f54e063267cec1ff552274aaec34b36a20001c0b96652e,1068,7be8710731ce9a8af0f54e063267cec1ff552274aaec34b36a20001c0b96652e,1068,
data/accepted_analysis/fresh_harq_after_three_cb_failures/max_latency_histories.csv,3588de1ee2703584aeccc461c69ac1ea60fc9da3fd7b5f6425bd02fb65f3aec9,11000,3588de1ee2703584aeccc461c69ac1ea60fc9da3fd7b5f6425bd02fb65f3aec9,11000,
data/accepted_analysis/fresh_harq_after_three_cb_failures/paired_seed_differences.csv,66abbbe3f67f0053311b5f08da2b8edff47a7a07b21716e9c00f17e2c70993fd,8170,66abbbe3f67f0053311b5f08da2b8edff47a7a07b21716e9c00f17e2c70993fd,8170,
data/accepted_analysis/fresh_harq_after_three_cb_failures/paired_statistics.csv,e8fce92a61a977af9f12ceb851a2f4d599a09a24839ce9a34c714d0b6f7da8d0,3749,e8fce92a61a977af9f12ceb851a2f4d599a09a24839ce9a34c714d0b6f7da8d0,3749,
data/accepted_analysis/fresh_harq_after_three_cb_failures/per_seed_tail.csv,3ce2ce213075270839aa05b12d61ae5f63f150ba64e4d05810a196892b41a50f,648,3ce2ce213075270839aa05b12d61ae5f63f150ba64e4d05810a196892b41a50f,648,
data/accepted_analysis/fresh_harq_after_three_cb_failures/rlc_retry_distribution.csv,1fc25b2f488ad2cfec294bd0bbdaec3193d1b9464104682ad887efa1986d0080,360,1fc25b2f488ad2cfec294bd0bbdaec3193d1b9464104682ad887efa1986d0080,360,
data/accepted_analysis/fresh_harq_after_three_cb_failures/run_level_kpis.csv,b94a0307cb6719a4f48e4327bda396ecdff26dcc04fef459fb5bd79f0d8d93da,11715,b94a0307cb6719a4f48e4327bda396ecdff26dcc04fef459fb5bd79f0d8d93da,11715,
data/accepted_analysis/fresh_harq_after_three_cb_failures/scheme_seed_means.csv,98a975523497e94cf4cbafc1f2fec1c8c81df8a9b75352605f12ebfec4aafcc7,2309,98a975523497e94cf4cbafc1f2fec1c8c81df8a9b75352605f12ebfec4aafcc7,2309,
data/accepted_analysis/fresh_harq_after_three_cb_failures/analysis_manifest.json,6a6e42c63dbf3739bbb75de457569dbe97d54b77e132d44067aa6f8fdb3c1cda,3450,6a6e42c63dbf3739bbb75de457569dbe97d54b77e132d44067aa6f8fdb3c1cda,3450,
data/accepted_analysis/lower_load_policy_comparison/completion_curve_source.csv,e5867884ce3fd545175c92619c412a8f120508607aa504d9a684af9d54c74fbb,707395,e5867884ce3fd545175c92619c412a8f120508607aa504d9a684af9d54c74fbb,707395,
data/accepted_analysis/lower_load_policy_comparison/conditional_ecdf_source.csv,6c66d3fd13180a0ea31d36c78d3e6636e7f0f291745ab6881ca9be7b1173cb90,558917,6c66d3fd13180a0ea31d36c78d3e6636e7f0f291745ab6881ca9be7b1173cb90,558917,
data/accepted_analysis/lower_load_policy_comparison/cross_load_descriptive.csv,87c5b7ddcd3d99ba34787ad21eb1857876322b28b627ddbf838adccc024aeee5,145200,87c5b7ddcd3d99ba34787ad21eb1857876322b28b627ddbf838adccc024aeee5,145200,
data/accepted_analysis/lower_load_policy_comparison/cross_load_summary.csv,c5a3ec8bc27e9f2ae7d712d05f6ea018e5598a67ad300c3b5f01058b2a7a38e6,24073,c5a3ec8bc27e9f2ae7d712d05f6ea018e5598a67ad300c3b5f01058b2a7a38e6,24073,
data/accepted_analysis/lower_load_policy_comparison/figure_index.csv,5a0a7d5e329e40b497241af3bb9cac707f35941c28650bb1084b5311414214ea,338,5a0a7d5e329e40b497241af3bb9cac707f35941c28650bb1084b5311414214ea,338,
data/accepted_analysis/lower_load_policy_comparison/harq_rescue_state.csv,39a49b83e5773a03354c9c3b02d65ab2f34040367c4d13dc7fbd7df83247ae5a,2583897,39a49b83e5773a03354c9c3b02d65ab2f34040367c4d13dc7fbd7df83247ae5a,2583897,
data/accepted_analysis/lower_load_policy_comparison/max_latency_histories.csv,84470288f577486942add50c3198274097b983672ad77696336a14799b3199f1,80584,84470288f577486942add50c3198274097b983672ad77696336a14799b3199f1,80584,
data/accepted_analysis/lower_load_policy_comparison/max_latency_summary.csv,a81548d3b2f6a66af1698b48429eb9141324880b97582b0828b4168c41ed20eb,499,a81548d3b2f6a66af1698b48429eb9141324880b97582b0828b4168c41ed20eb,499,
data/accepted_analysis/lower_load_policy_comparison/p99_seed_caution.csv,7011d8ea0dae8134279b6c3d67764aea8f67e8db180741eacba019d97ac936d7,12056,7011d8ea0dae8134279b6c3d67764aea8f67e8db180741eacba019d97ac936d7,12056,
data/accepted_analysis/lower_load_policy_comparison/paired_seed_differences.csv,326b18ab20a0ee19c431104f3d87064164df3109666c9f1dcefec008c8e71290,211930,326b18ab20a0ee19c431104f3d87064164df3109666c9f1dcefec008c8e71290,211930,
data/accepted_analysis/lower_load_policy_comparison/paired_statistics.csv,bebde2fd2d45fbb938adf005c843ca8eb6e3318241faab38aced574e2938f7d5,85852,bebde2fd2d45fbb938adf005c843ca8eb6e3318241faab38aced574e2938f7d5,85852,
data/accepted_analysis/lower_load_policy_comparison/rlc_retry_distribution.csv,fb5a2f6ba5e2a21138bafac34b6f8417cfd722fc237c668af9e0df2e790a74d2,22366,fb5a2f6ba5e2a21138bafac34b6f8417cfd722fc237c668af9e0df2e790a74d2,22366,
data/accepted_analysis/lower_load_policy_comparison/run_level_kpis.csv,feb2e46e84b5612d5170a68bd595f21a36509eb537e9fc439b167e0222ac4499,54601,feb2e46e84b5612d5170a68bd595f21a36509eb537e9fc439b167e0222ac4499,54601,
data/accepted_analysis/lower_load_policy_comparison/scheme_summary.csv,096380375bfb97fd8788c73eac30a595b768f98e17ac35828e044a4c9195226f,60573,096380375bfb97fd8788c73eac30a595b768f98e17ac35828e044a4c9195226f,60573,
data/accepted_analysis/lower_load_policy_comparison/analysis_manifest.json,d9d0773553b100bb58dd501c19590fc22a343086bb50faa7ae927403ff3eb8dd,4047,d9d0773553b100bb58dd501c19590fc22a343086bb50faa7ae927403ff3eb8dd,4047,
data/accepted_analysis/fast_cb_reinjection_backoff/integrity_audit.csv,b36494ec60231f266ca4512bee2d201583025ad7e3dce53206bd71c2f4a9168f,751,b36494ec60231f266ca4512bee2d201583025ad7e3dce53206bd71c2f4a9168f,751,
data/accepted_analysis/fast_cb_reinjection_backoff/packet_delivery_vs_latency.csv,d5caee27864cd25fe9202f68ee124dbf64a66a7ce3d8eef4c226bfe5e9e3d9cb,3555,d5caee27864cd25fe9202f68ee124dbf64a66a7ce3d8eef4c226bfe5e9e3d9cb,3555,
data/accepted_analysis/fast_cb_reinjection_backoff/paired_seed_differences.csv,91491c1e2903277436d453289ef54ed072b4c53c7a00eba2dc362d7a61eeb987,7176,91491c1e2903277436d453289ef54ed072b4c53c7a00eba2dc362d7a61eeb987,7176,
data/accepted_analysis/fast_cb_reinjection_backoff/paired_statistics.csv,8b003df7727fa2359f4f8182270c55a8fe12d3aef6fc6091e071ec27f3a04af4,2202,8b003df7727fa2359f4f8182270c55a8fe12d3aef6fc6091e071ec27f3a04af4,2202,
data/accepted_analysis/fast_cb_reinjection_backoff/run_level_metrics.csv,c26712e5bfdc0e7709e0a04cc5906b35c2d191404634946341d9d285e4ab5875,2938,c26712e5bfdc0e7709e0a04cc5906b35c2d191404634946341d9d285e4ab5875,2938,
data/accepted_analysis/fast_cb_reinjection_backoff/analysis_manifest.json,0a7c1069434077c46f1ac775ea4ac44fb5543e52b7db80219a863ecb4ead66e6,468,0a7c1069434077c46f1ac775ea4ac44fb5543e52b7db80219a863ecb4ead66e6,468,
