claim_id,manuscript_locator,claim_type,expected_printed_value,metric_or_rule,condition,denominator_and_aggregation,accepted_source,raw_group,analysis_code,verification
SET01,Table I; Section III-C,METHOD,700 MHz; 15 kHz; 1 ms,carrier; subcarrier spacing; slot duration,all six campaigns,fixed setting,configs/*.yaml; snapshots/*/src/ul_access,data/raw/*,frozen execution snapshots,exact config/run-manifest match
SET02,Table I; Section III-C,METHOD,TDL-C; 300 ns; 1 Tx / 2 Rx; independent slots; perfect CSI,channel and receiver assumptions,Medium,fixed setting,configs/*.yaml; frozen direct_lls.py,data/raw/*,frozen execution snapshots,exact config/source match
SET03,Table I; Section III-C,METHOD,per-RE joint LMMSE; -8 dBm,receiver and transmit power,Medium,fixed setting,configs/*.yaml; frozen PHY backend,data/raw/*,frozen execution snapshots,exact config/source match
SET04,Table I; Section III-C,METHOD,160 bits; 16-bit CRC; MCS 10; 16-QAM,modeled TB payload and PHY category,all six campaigns,payload excludes separately modeled MAC/RLC headers,configs/*.yaml; frozen PHY backend,data/raw/*,frozen execution snapshots,exact config/source match
SET05,Table I; Section III-C,METHOD,one PRB; 126 data RE; 504 coded bits,PUSCH allocation,all six campaigns,fixed PHY category,configs/*.yaml; frozen PHY backend,data/raw/*,frozen execution snapshots,exact config/source match
SET06,Table I; Section III-A,METHOD,"RV 0,2,3,1; four HARQ attempts",HARQ episode sequence and cap,all six campaigns,per active HARQ episode,configs/*.yaml; frozen protocol source,data/raw/*/*/seed_*/attempts.csv.gz,frozen execution snapshots,exact config and observed RV invariant
SET07,Table I; Section III-B,METHOD,two slots; one-slot feedback,minimum PUSCH spacing and ACK/NACK timing,all six campaigns,slot indexed,configs/*.yaml; frozen protocol source,data/raw/*/*/seed_*/attempts.csv.gz,frozen execution snapshots,exact timing invariant
SET08,Table I; Section III-B; Fig. 1,METHOD,Legacy timer 20/15 ms; SR every ten slots; one processing slot,legacy recovery timing,Legacy-20 and Legacy-15,timer starts at first physical PUSCH of episode,configs/*.yaml; frozen protocol source,data/raw/high_load_baselines; data/raw/lower_load_policy_comparison,frozen execution snapshots,exact source/timing invariant
SET09,Table I; Section III-B,METHOD,K2 one slot; early trigger K=2 or K=3,scheduled recovery eligibility and transmission offset,B/H/F,queue admission alone does not charge PUSCH,configs/*.yaml; frozen protocol source,data/raw/*cb_failures/*,frozen execution snapshots,exact source/timing invariant
SET10,Table I; Section III-B,METHOD,original plus at most six RLC retransmissions,higher-layer retry cap,all six campaigns,F early reset does not increment higher-layer count,configs/*.yaml; frozen protocol source,data/raw/*/*/seed_*/packets.csv.gz,frozen execution snapshots,exact source/retry invariant
SET11,Table I; Section III-A; Fig. 2,METHOD,six shared PRBs; at most two scheduled PUSCH PRBs per slot,Shared-Cap2 actual transmission-slot charge,all schemes,queued request consumes no PUSCH PRB before service,configs/*.yaml; frozen protocol source,data/raw/*/*/seed_*/slot_prb.csv.gz,frozen execution snapshots,exact resource invariant
SET12,Table I; Section III-C,METHOD,3000 UEs; independent Poisson; rho 0.70/0.90,arrival population and offered loads,V0.5-V0.8,normalized to six new-packet opportunities per slot,configs/*.yaml,data/raw/*,frozen execution snapshots,exact config/run-manifest match
SET13,Table I; Section III-C; Fig. 5 caption,METHOD,eight seeds 9101-9108; 500 warm-up; 2500 measured per seed,replication and measured cohort,all six campaigns,only measured packets enter packet KPIs; arrivals stop then terminal drain,configs/*.yaml; data/accepted_analysis/*/analysis_manifest.json,data/raw/*/*/seed_*/run_manifest.json,scripts/release/reanalyze.py,exact 136-cell inventory and cohort counts
SET14,Section III-C; Fig. 3 and Fig. 5 captions,METHOD,one slot = 1 ms; latency arrival to ACK,latency timestamp endpoints,all schemes,completion_slot minus arrival_slot; terminal failures and undetected errors excluded from P99,docs/accepted/metric_contract.md; configs/*.yaml,data/raw/*/*/seed_*/packets.csv.gz,experiments/35_v0_5_rebaseline_analysis.py; experiments/42_v0_6_f3_analysis.py,exact definition and regenerated CSV
SET15,Section III-C; Fig. 4 caption,METHOD,95% Student-t interval over eight paired seeds,paired uncertainty,paired comparisons,unadjusted metric-wise CI over seed-level differences; Fig. 4 bars are ratios of seed means,data/accepted_analysis/*/paired_statistics.csv,data/raw/*,experiments/35_v0_5_rebaseline_analysis.py; experiments/42_v0_6_f3_analysis.py; experiments/46_v0_8_fastcb_backoff_analysis.py,regenerated paired statistics within declared tolerance
SET16,Section III-B,METHOD,"n,n+2,n+4 attempts; n+5 feedback; n+6 H3/F3; n+8 first B fresh recovery",illustrative HARQ timing,immediate admission case,slot example; queue may postpone scheduled service,configs/*.yaml; snapshots/*/src/ul_access/protocol,data/raw/*cb_failures/*,frozen execution snapshots,source/timing invariant
SET17,Section III-B/C,METHOD,H3 one remaining PHY attempt; F3 four new attempts,HARQ continuation versus fresh episode,K=3,not a stored-LLR-only ablation; early F reset does not spend RLC retry,configs/*.yaml; snapshots/*/src/ul_access/protocol,data/raw/harq_continuation_after_three_cb_failures; data/raw/fresh_harq_after_three_cb_failures,frozen execution snapshots,source/HARQ invariant
R01,Abstract; Section III-C; Fig. 3,RESULT,64.2% at rho 0.70; 26.1% at rho 0.90,relative reduction in conditional P99 for B versus Legacy-20,B / Legacy-20 at both loads,100*(Legacy mean P99-B mean P99)/Legacy mean P99; ratio of means,data/accepted_analysis/high_load_baselines/policy_seed_means.csv; data/accepted_analysis/lower_load_policy_comparison/scheme_summary.csv,data/raw/high_load_baselines/*; data/raw/lower_load_policy_comparison/*,experiments/35_v0_5_rebaseline_analysis.py; experiments/44_v0_7_load_robustness_analysis.py,round unrounded ratios to one decimal percent
R02,Section III-C; Fig. 3,FIGURE_DATA,Legacy-20 P99 28.63 at rho 0.70; 288.82 at rho 0.90,conditional P99 packet latency [slots],Legacy-20,arithmetic mean of eight per-seed P99 over correctly delivered packets,data/accepted_analysis/lower_load_policy_comparison/run_level_kpis.csv; data/accepted_analysis/high_load_baselines/run_level_kpis.csv,data/raw/lower_load_policy_comparison/legacy_poll_20_slots/seed_*; data/raw/high_load_baselines/legacy_poll_20_slots/seed_*,experiments/44_v0_7_load_robustness_analysis.py; experiments/35_v0_5_rebaseline_analysis.py; scripts/paper_figures/fig3a_recovery_tail.py,round 28.62625 and 288.82125 to two decimals
R03,Section III-C; Fig. 3,FIGURE_DATA,Fast-CB P99 11.38 at rho 0.70; 49.49 at rho 0.90,conditional P99 packet latency [slots],Fast-CB,arithmetic mean of eight per-seed P99 over correctly delivered packets,data/accepted_analysis/lower_load_policy_comparison/run_level_kpis.csv; data/accepted_analysis/high_load_baselines/run_level_kpis.csv,data/raw/lower_load_policy_comparison/fast_cb/seed_*; data/raw/high_load_baselines/fast_cb/seed_*,experiments/44_v0_7_load_robustness_analysis.py; experiments/35_v0_5_rebaseline_analysis.py; scripts/paper_figures/fig3a_recovery_tail.py,round 11.37625 and 49.4875 to two decimals
R04,Section III-C; Fig. 3,FIGURE_DATA,B P99 10.25 at rho 0.70; 213.40 at rho 0.90,conditional P99 packet latency [slots],B/Fast-SB,arithmetic mean of eight per-seed P99 over correctly delivered packets,data/accepted_analysis/lower_load_policy_comparison/run_level_kpis.csv; data/accepted_analysis/high_load_baselines/run_level_kpis.csv,data/raw/lower_load_policy_comparison/post_termination_scheduled/seed_*; data/raw/high_load_baselines/post_termination_scheduled/seed_*,experiments/44_v0_7_load_robustness_analysis.py; experiments/35_v0_5_rebaseline_analysis.py; scripts/paper_figures/fig3a_recovery_tail.py,round 10.25 and 213.39625 to two decimals
R05,Section III-C; Fig. 3 annotation,RESULT,P_del = 0.73,correct packet delivery probability,immediate Fast-CB at rho 0.90,correctly delivered measured packets / 2500; average across eight seeds,data/accepted_analysis/high_load_baselines/policy_seed_means.csv,data/raw/high_load_baselines/fast_cb/seed_*,experiments/35_v0_5_rebaseline_analysis.py; scripts/paper_figures/fig3a_recovery_tail.py,display 0.7325 to two decimals
R06,Section III-C,RESULT,Fast-CB delivery 0.99995 at rho 0.70; 0.7325 at rho 0.90,correct packet delivery probability,immediate Fast-CB across load,correct deliveries / 2500 per seed; mean of eight seed proportions,data/accepted_analysis/lower_load_policy_comparison/scheme_summary.csv; data/accepted_analysis/high_load_baselines/policy_seed_means.csv,data/raw/lower_load_policy_comparison/fast_cb/seed_*; data/raw/high_load_baselines/fast_cb/seed_*,experiments/44_v0_7_load_robustness_analysis.py; experiments/35_v0_5_rebaseline_analysis.py,exact displayed 0.99995 and 0.7325
R07,Section III-C,RESULT,Fast-CB terminal failure 0.2672 at rho 0.90,protocol terminal failure probability,immediate Fast-CB,terminal drops / 2500 per seed; mean of eight seed proportions,data/accepted_analysis/high_load_baselines/policy_seed_means.csv,data/raw/high_load_baselines/fast_cb/seed_*,experiments/35_v0_5_rebaseline_analysis.py,round to four decimals
R08,Section III-C,RESULT,Fast-CB RLC retransmissions/packet 0.0194 at rho 0.70; 1.776 at rho 0.90,RLC retransmissions per measured exogenous packet,immediate Fast-CB,total higher-layer retransmissions / 2500 per seed; mean of eight seed ratios,data/accepted_analysis/lower_load_policy_comparison/scheme_summary.csv; data/accepted_analysis/high_load_baselines/policy_seed_means.csv,data/raw/lower_load_policy_comparison/fast_cb/seed_*; data/raw/high_load_baselines/fast_cb/seed_*,experiments/44_v0_7_load_robustness_analysis.py; experiments/35_v0_5_rebaseline_analysis.py,round accepted 1.77595 to three decimals; 0.0194 to four
R09,Section III-C,RESULT,Fast-CB/B near-unity delivery at rho 0.70 and B near-unity at rho 0.90,correct packet delivery probability,B and Legacy/Fast-CB comparison,correct deliveries / 2500 per seed; mean of eight seeds,data/accepted_analysis/lower_load_policy_comparison/scheme_summary.csv; data/accepted_analysis/high_load_baselines/policy_seed_means.csv,data/raw/lower_load_policy_comparison/*; data/raw/high_load_baselines/*,experiments/44_v0_7_load_robustness_analysis.py; experiments/35_v0_5_rebaseline_analysis.py,numeric source supports qualitative wording only
R10,Section III-C Test D,METHOD,"U{0,1,2,3} additional eligible CB opportunities at rho 0.90; eight paired seeds",randomized post-termination reinjection offset,Test D versus immediate Fast-CB,backoff applied during warm-up and measurement; original o0 when B=0,configs/fast_cb_reinjection_backoff.yaml; snapshots/fast_cb_reinjection_backoff,data/raw/fast_cb_reinjection_backoff/randomized_reinjection_backoff/seed_*,frozen V0.8 source; experiments/46_v0_8_fastcb_backoff_analysis.py,exact config/source semantics
R11,Section III-C Test D,RESULT,"CB attempts/packet 10.0639 to 5.8483; paired -4.2156; 95% CI [-8.2987,-0.1325]",CB attempts per measured exogenous packet,V0.8 backoff minus V0.5 immediate Fast-CB,CB attempts associated with measured packets / 2500 per seed; eight paired differences,data/accepted_analysis/fast_cb_reinjection_backoff/paired_statistics.csv,data/raw/high_load_baselines/fast_cb/seed_*; data/raw/fast_cb_reinjection_backoff/randomized_reinjection_backoff/seed_*,experiments/46_v0_8_fastcb_backoff_analysis.py,round means/difference/CI to four decimals
R12,Section III-C Test D,RESULT,"delivery 0.7325 to 0.8839; paired +0.1514; 95% CI [-0.0067,0.3095]",correct packet delivery probability,V0.8 backoff minus V0.5 immediate Fast-CB,correct deliveries / 2500 per seed; eight paired differences,data/accepted_analysis/fast_cb_reinjection_backoff/paired_statistics.csv,data/raw/high_load_baselines/fast_cb/seed_*; data/raw/fast_cb_reinjection_backoff/randomized_reinjection_backoff/seed_*,experiments/46_v0_8_fastcb_backoff_analysis.py,round means/difference/CI to four decimals; interval includes zero
R13,Section III-C Test D,RESULT,RLC retransmissions; injection-window CB rate; injection-end backlog decrease with intervals below zero,Test D workload and backlog diagnostics,V0.8 backoff minus V0.5 immediate Fast-CB,per-seed paired differences; injection-window rate includes warm-up attempts,data/accepted_analysis/fast_cb_reinjection_backoff/paired_statistics.csv,data/raw/high_load_baselines/fast_cb/seed_*; data/raw/fast_cb_reinjection_backoff/randomized_reinjection_backoff/seed_*,experiments/46_v0_8_fastcb_backoff_analysis.py,check CI upper bounds < 0 for these three metrics
R14,Section III-C Test D,RESULT,"one of eight seeds worsens in delivery, work and P99",paired seed counterexample,seed 9104,same matched seed in both policies,data/accepted_analysis/fast_cb_reinjection_backoff/run_level_metrics.csv; data/accepted_analysis/fast_cb_reinjection_backoff/paired_seed_differences.csv,data/raw/high_load_baselines/fast_cb/seed_9104; data/raw/fast_cb_reinjection_backoff/randomized_reinjection_backoff/seed_9104,experiments/46_v0_8_fastcb_backoff_analysis.py,check seed 9104 signs; do not generalize to all seeds
R15,Section III-C; Fig. 4,FIGURE_DATA,scheduled-attempt ratio H3/H2 0.818645; F3/F2 0.813347,scheduled attempts per measured packet K3/K2,rho 0.90,eight-seed mean at K3 divided by eight-seed mean at K2; 2500 measured packet denominator,data/figure_inputs/accepted_figure_sources/fig4a_delay_scheduled_recovery_admission_source.csv; data/accepted_analysis/fresh_harq_after_three_cb_failures/run_level_kpis.csv,data/raw/scheduled_recovery_after_two_cb_failures/*; data/raw/harq_continuation_after_three_cb_failures/*; data/raw/fresh_harq_after_three_cb_failures/*,experiments/42_v0_6_f3_analysis.py; scripts/paper_figures/fig4a_trigger_ratio.py,numeric source ratio within 1e-9; no CI on ratio bars
R16,Section III-C; Fig. 4,FIGURE_DATA,mean-queue ratio H3/H2 0.423817; F3/F2 0.583108,mean pre-service slot queue K3/K2,rho 0.90,eight-seed mean at K3 / eight-seed mean at K2; includes drain,data/figure_inputs/accepted_figure_sources/fig4a_delay_scheduled_recovery_admission_source.csv; data/accepted_analysis/fresh_harq_after_three_cb_failures/run_level_kpis.csv,data/raw/scheduled_recovery_after_two_cb_failures/*; data/raw/harq_continuation_after_three_cb_failures/*; data/raw/fresh_harq_after_three_cb_failures/*,experiments/42_v0_6_f3_analysis.py; scripts/paper_figures/fig4a_trigger_ratio.py,numeric source ratio within 1e-9
R17,Section III-C; Fig. 4,FIGURE_DATA,mean-wait ratio H3/H2 0.426757; F3/F2 0.584746,mean scheduled queue-entry-to-PUSCH wait K3/K2,rho 0.90,eight-seed mean at K3 / eight-seed mean at K2,data/figure_inputs/accepted_figure_sources/fig4a_delay_scheduled_recovery_admission_source.csv; data/accepted_analysis/fresh_harq_after_three_cb_failures/run_level_kpis.csv,data/raw/scheduled_recovery_after_two_cb_failures/*; data/raw/harq_continuation_after_three_cb_failures/*; data/raw/fresh_harq_after_three_cb_failures/*,experiments/42_v0_6_f3_analysis.py; scripts/paper_figures/fig4a_trigger_ratio.py,numeric source ratio within 1e-9
R18,Section III-C; Fig. 4,FIGURE_DATA,P99 ratio H3/H2 0.516180; F3/F2 0.612984,conditional packet P99 K3/K2,rho 0.90,eight-seed mean at K3 / eight-seed mean at K2; each P99 conditions on correct delivery,data/figure_inputs/accepted_figure_sources/fig4a_delay_scheduled_recovery_admission_source.csv; data/accepted_analysis/fresh_harq_after_three_cb_failures/run_level_kpis.csv,data/raw/scheduled_recovery_after_two_cb_failures/*; data/raw/harq_continuation_after_three_cb_failures/*; data/raw/fresh_harq_after_three_cb_failures/*,experiments/42_v0_6_f3_analysis.py; scripts/paper_figures/fig4a_trigger_ratio.py,numeric source ratio within 1e-9
R19,Section III-C,RESULT,H2 P99 390.63 to H3 P99 201.64 slots,conditional P99 packet latency,rho 0.90; HARQ-preserving K2 versus K3,arithmetic mean of eight seed-level conditional P99 values,data/accepted_analysis/fresh_harq_after_three_cb_failures/run_level_kpis.csv,data/raw/scheduled_recovery_after_two_cb_failures/harq_preserving/seed_*; data/raw/harq_continuation_after_three_cb_failures/harq_preserving/seed_*,experiments/42_v0_6_f3_analysis.py,round 390.63375 and 201.6375 to two decimals
R20,Section III-C,RESULT,K3 lowers scheduled demand; queue; wait and P99 under H and F at rho 0.90,direction of K3/K2 metrics,rho 0.90,all Fig. 4 ratio bars below 1.0; no ratio-bar paired inference,data/figure_inputs/accepted_figure_sources/fig4a_delay_scheduled_recovery_admission_source.csv,data/raw/scheduled_recovery_after_two_cb_failures/*; data/raw/harq_continuation_after_three_cb_failures/*; data/raw/fresh_harq_after_three_cb_failures/*,experiments/42_v0_6_f3_analysis.py; scripts/paper_figures/fig4a_trigger_ratio.py,check eight ratios < 1.0
R21,Section III-C,RESULT,same K3 directional effect at lower load under H and F,low-load scheduled demand and P99,rho 0.70,descriptive comparison; eight seed means for H2/H3 and F2/F3,data/accepted_analysis/lower_load_policy_comparison/scheme_summary.csv,data/raw/lower_load_policy_comparison/harq_preserving_after_two_cb_failures/seed_*; data/raw/lower_load_policy_comparison/harq_preserving_after_three_cb_failures/seed_*; data/raw/lower_load_policy_comparison/fresh_harq_after_two_cb_failures/seed_*; data/raw/lower_load_policy_comparison/fresh_harq_after_three_cb_failures/seed_*,experiments/44_v0_7_load_robustness_analysis.py,check selected metric directions; do not infer load interaction
R22,Section III-C,RESULT,first scheduled-attempt ACK F3 50.07% to H3 90.82%,first scheduled-attempt ACK probability,rho 0.90; K3 F versus H,ACKed first scheduled PUSCH / unique packets that performed first scheduled PUSCH; mean of eight seed ratios,data/accepted_analysis/fresh_harq_after_three_cb_failures/first_scheduled_success.csv; data/accepted_analysis/fresh_harq_after_three_cb_failures/run_level_kpis.csv,data/raw/harq_continuation_after_three_cb_failures/harq_preserving/seed_*; data/raw/fresh_harq_after_three_cb_failures/fresh_harq/seed_*,experiments/42_v0_6_f3_analysis.py,round 0.500707 and 0.908196 to two percentage decimals
R23,Section III-C,RESULT,"scheduled attempts/scheduled-recovery packet F3 1.5637 to H3 1.1435; paired -0.42016; CI [-0.44240,-0.39792]",scheduled PUSCH service per transmitting recovery packet,rho 0.90; K3 F versus H,scheduled attempts / unique packets with >=1 scheduled PUSCH; mean of eight seed ratios; paired H3-F3 difference,data/accepted_analysis/fresh_harq_after_three_cb_failures/run_level_kpis.csv; data/accepted_analysis/fresh_harq_after_three_cb_failures/paired_statistics.csv,data/raw/harq_continuation_after_three_cb_failures/harq_preserving/seed_*; data/raw/fresh_harq_after_three_cb_failures/fresh_harq/seed_*,experiments/42_v0_6_f3_analysis.py,round means to four and paired difference/CI to five decimals
R24,Section III-C,RESULT,H3 lower queueing and P99 than F3 at both loads,queue and conditional tail comparison,rho 0.70 and 0.90,eight seed means; conditional P99 only correctly delivered packets,data/accepted_analysis/fresh_harq_after_three_cb_failures/scheme_seed_means.csv; data/accepted_analysis/lower_load_policy_comparison/scheme_summary.csv,data/raw/harq_continuation_after_three_cb_failures/*; data/raw/fresh_harq_after_three_cb_failures/*; data/raw/lower_load_policy_comparison/*,experiments/42_v0_6_f3_analysis.py; experiments/44_v0_7_load_robustness_analysis.py,check H3<F3 in selected metrics at both loads
R25,Section III-C,RESULT,high-load conditional P99 B 213.40; H3 201.64; F3 427.03 slots,mean seed-level conditional P99 packet latency,rho 0.90,each seed P99 over correctly delivered packets; arithmetic mean over eight seeds,data/accepted_analysis/high_load_baselines/policy_seed_means.csv; data/accepted_analysis/fresh_harq_after_three_cb_failures/scheme_seed_means.csv,data/raw/high_load_baselines/post_termination_scheduled/seed_*; data/raw/harq_continuation_after_three_cb_failures/*; data/raw/fresh_harq_after_three_cb_failures/*,experiments/35_v0_5_rebaseline_analysis.py; experiments/42_v0_6_f3_analysis.py,round to two decimals
R26,Section III-C,RESULT,low-load H3 P99 9.63; F3 P99 21.25 slots,mean seed-level conditional P99 packet latency,rho 0.70,each seed P99 over correctly delivered packets; arithmetic mean over eight seeds,data/accepted_analysis/lower_load_policy_comparison/scheme_summary.csv,data/raw/lower_load_policy_comparison/harq_preserving_after_three_cb_failures/seed_*; data/raw/lower_load_policy_comparison/fresh_harq_after_three_cb_failures/seed_*,experiments/44_v0_7_load_robustness_analysis.py,round 9.62625 and 21.2525 to two decimals
F03,Fig. 3,FIGURE_FILE,fig3a_recovery_domain_tail.pdf,published recovery-domain P99 graph,rho 0.70 and 0.90,six conditional-P99 points; Fast-CB high-load delivery annotation,figures/fig3a_recovery_domain_tail.pdf; data/figure_inputs/accepted_figure_sources/fig3a_recovery_domain_tail_source.csv,data/raw/high_load_baselines/*; data/raw/lower_load_policy_comparison/*,scripts/paper_figures/fig3a_recovery_tail.py,figure PDF present; regenerated source values agree
F04,Fig. 4,FIGURE_FILE,fig4a_delay_scheduled_recovery_admission.pdf,published K3/K2 ratio graph,rho 0.90,four metrics times H/F ratios of eight-seed means,figures/fig4a_delay_scheduled_recovery_admission.pdf; data/figure_inputs/accepted_figure_sources/fig4a_delay_scheduled_recovery_admission_source.csv,data/raw/scheduled_recovery_after_two_cb_failures/*; data/raw/harq_continuation_after_three_cb_failures/*; data/raw/fresh_harq_after_three_cb_failures/*,scripts/paper_figures/fig4a_trigger_ratio.py,figure PDF present; regenerated source values agree
F05,Fig. 5,FIGURE_FILE,fig5a_high_load_packet_delivery_vs_latency.pdf,published all-population delivery-versus-latency graph,rho 0.90,four curves; failures remain in 2500-packet denominator,figures/fig5a_high_load_packet_delivery_vs_latency.pdf; data/figure_inputs/accepted_figure_sources/fig5a_high_load_packet_delivery_vs_latency_source.csv,data/raw/high_load_baselines/*; data/raw/harq_continuation_after_three_cb_failures/*; data/raw/fresh_harq_after_three_cb_failures/*,scripts/paper_figures/fig5a_delivery_vs_latency.py,figure PDF present; regenerated source values agree
R27,Section III-C; Fig. 5,FIGURE_DATA,Legacy-20 delivery-versus-latency curve,packet delivery probability by latency bound [slots],rho 0.90; Legacy-20,correctly delivered measured packets by bound / all 2500 measured; average eight per-seed curves,data/accepted_analysis/high_load_baselines/v0_5_1_completion_source.csv; data/figure_inputs/accepted_figure_sources/fig5a_high_load_packet_delivery_vs_latency_source.csv,data/raw/high_load_baselines/legacy_poll_20_slots/seed_*,experiments/35_v0_5_rebaseline_analysis.py; scripts/paper_figures/fig5a_delivery_vs_latency.py,compare every source point numerically; old filename retained as historical input
R28,Section III-C; Fig. 5,FIGURE_DATA,B delivery-versus-latency curve,packet delivery probability by latency bound [slots],rho 0.90; B/Fast-SB,correctly delivered measured packets by bound / all 2500 measured; average eight per-seed curves,data/accepted_analysis/fresh_harq_after_three_cb_failures/completion_curve_source.csv; data/figure_inputs/accepted_figure_sources/fig5a_high_load_packet_delivery_vs_latency_source.csv,data/raw/high_load_baselines/post_termination_scheduled/seed_*,experiments/42_v0_6_f3_analysis.py; scripts/paper_figures/fig5a_delivery_vs_latency.py,compare every source point numerically
R29,Section III-C; Fig. 5,FIGURE_DATA,H3 delivery-versus-latency curve,packet delivery probability by latency bound [slots],rho 0.90; H3,correctly delivered measured packets by bound / all 2500 measured; average eight per-seed curves,data/accepted_analysis/fresh_harq_after_three_cb_failures/completion_curve_source.csv; data/figure_inputs/accepted_figure_sources/fig5a_high_load_packet_delivery_vs_latency_source.csv,data/raw/harq_continuation_after_three_cb_failures/harq_preserving/seed_*,experiments/42_v0_6_f3_analysis.py; scripts/paper_figures/fig5a_delivery_vs_latency.py,compare every source point numerically
R30,Section III-C; Fig. 5,FIGURE_DATA,F3 delivery-versus-latency curve,packet delivery probability by latency bound [slots],rho 0.90; F3,correctly delivered measured packets by bound / all 2500 measured; average eight per-seed curves,data/accepted_analysis/fresh_harq_after_three_cb_failures/completion_curve_source.csv; data/figure_inputs/accepted_figure_sources/fig5a_high_load_packet_delivery_vs_latency_source.csv,data/raw/fresh_harq_after_three_cb_failures/fresh_harq/seed_*,experiments/42_v0_6_f3_analysis.py; scripts/paper_figures/fig5a_delivery_vs_latency.py,compare every source point numerically
R31,Fig. 5 caption,METHOD,2500 measured packets per seed; probability axis starts at 0.55,curve denominator and visual axis limit,rho 0.90,all measured packets remain in denominator including terminal failures and undetected errors,data/figure_inputs/accepted_figure_sources/fig5a_high_load_packet_delivery_vs_latency_metadata.json; docs/accepted/metric_contract.md,data/raw/high_load_baselines/*; data/raw/harq_continuation_after_three_cb_failures/*; data/raw/fresh_harq_after_three_cb_failures/*,scripts/paper_figures/fig5a_delivery_vs_latency.py,check metadata and packet counts; axis truncation stated
R32,Section III-C; Fig. 5,RESULT,B and H3 shorter displayed tails than F3 at rho 0.90,delivery by latency bound,rho 0.90,descriptive all-population curves; no claim of universal superiority,data/figure_inputs/accepted_figure_sources/fig5a_high_load_packet_delivery_vs_latency_source.csv,data/raw/high_load_baselines/*; data/raw/harq_continuation_after_three_cb_failures/*; data/raw/fresh_harq_after_three_cb_failures/*,scripts/paper_figures/fig5a_delivery_vs_latency.py,inspect curves; preserve separate conditional P99 estimand
