campaign,original_manifest_relative_path,original_manifest_sha256,public_manifest_relative_path,public_manifest_sha256,transformation,replacement
v0_5,results/raw_v0_5/V0_5_RHO090_FAST_CB/seed_9105/run_manifest.json,2d1843ddf5f01b2802d93d71d9080f8f9108dd6bcb5aad21989bd7aaa1b32bfe,data/raw/high_load_baselines/fast_cb/seed_9105/run_manifest.json,8cb3842e13749f016e9349ff4f8d907dcf73a59b73bc207b5839c46ca0a695e7,replace JSON environment.python_executable value only,<local-python-executable-redacted>
v0_5,results/raw_v0_5/V0_5_RHO090_FAST_CB/seed_9106/run_manifest.json,687d30ef6e8c2f2bca910c8b567e1a57170539e220c7ce983e9a2b1caa5f35d7,data/raw/high_load_baselines/fast_cb/seed_9106/run_manifest.json,9243be09c5484f8bb8af2caf45b50b33bf26f367e331e7f7592bd7832d999f1b,replace JSON environment.python_executable value only,<local-python-executable-redacted>
v0_5,results/raw_v0_5/V0_5_RHO090_FAST_CB/seed_9107/run_manifest.json,24efde417bc475389144ffc0ebce5da4fe3ca8e12c5f6970878e2081322bd4ab,data/raw/high_load_baselines/fast_cb/seed_9107/run_manifest.json,b84a99df2089b4ba63d74f2e879cc2e05593cfa1ee458b5cda4ee6f30aee5f4a,replace JSON environment.python_executable value only,<local-python-executable-redacted>
v0_5,results/raw_v0_5/V0_5_RHO090_FAST_CB/seed_9101/run_manifest.json,5120eb15f59b93ea90264d62ee5bf0a32a471ed5c3688a4eaaa4aa05a3e9224b,data/raw/high_load_baselines/fast_cb/seed_9101/run_manifest.json,16308c8825a779f81e0a27f5c2b44f12a53ce8e7d58f0187d5bf006a44a69563,replace JSON environment.python_executable value only,<local-python-executable-redacted>
v0_5,results/raw_v0_5/V0_5_RHO090_FAST_CB/seed_9103/run_manifest.json,5f2d6974f823cadbd9f893195b6efdd99abb5140df17ee3879a4c84d2011b41d,data/raw/high_load_baselines/fast_cb/seed_9103/run_manifest.json,3ca6363637acc2195937c55c47407a00e51111083dfac9ac46f81d4b00ba64f4,replace JSON environment.python_executable value only,<local-python-executable-redacted>
v0_5,results/raw_v0_5/V0_5_RHO090_FAST_CB/seed_9102/run_manifest.json,272922ab85f4006b52b02b0a2a05562b394a6c568462c81e31a565caa93161cb,data/raw/high_load_baselines/fast_cb/seed_9102/run_manifest.json,18ba6a154412c017b8dbac41a99ab91b47636de0a46be84e43fdeb84e775b7df,replace JSON environment.python_executable value only,<local-python-executable-redacted>
v0_5,results/raw_v0_5/V0_5_RHO090_FAST_CB/seed_9104/run_manifest.json,2b7bf105caaef96f8501b48b991c98f5af39e8e4f3c4fe7bf6f1504994d1fbfd,data/raw/high_load_baselines/fast_cb/seed_9104/run_manifest.json,6d52141ef994df2e79d02fd594879c5c33eb64f5f06f6d2d437682fa5e94741b,replace JSON environment.python_executable value only,<local-python-executable-redacted>
v0_5,results/raw_v0_5/V0_5_RHO090_FAST_CB/seed_9108/run_manifest.json,5f45968665020eb8bb6a402c4018929100a3c3c2c073b5b31cb29abf2057a5c8,data/raw/high_load_baselines/fast_cb/seed_9108/run_manifest.json,bb50447104017e123ea4a8b4cea25e63ac478527ed3313b3e96da63a7abe94f3,replace JSON environment.python_executable value only,<local-python-executable-redacted>
v0_5,results/raw_v0_5/V0_5_RHO090_FAST_SB/seed_9105/run_manifest.json,09817073899978c5a9c5a1ce564e9b8d65dc61c351524a42e6e1b0dfbd88bc93,data/raw/high_load_baselines/post_termination_scheduled/seed_9105/run_manifest.json,80241d0fe6ff38cb31333a6cd12f2aa33c59b62e1be669177015be66f28ddcd2,replace JSON environment.python_executable value only,<local-python-executable-redacted>
v0_5,results/raw_v0_5/V0_5_RHO090_FAST_SB/seed_9106/run_manifest.json,6f8c0beadf07a083851f03574827d51bb93b16a8a481afb4ba828ff1b5db0997,data/raw/high_load_baselines/post_termination_scheduled/seed_9106/run_manifest.json,ceeac4e8264ba324017e45fd10cf66dc54e98aa24fdd62496f87223c0da0dbd1,replace JSON environment.python_executable value only,<local-python-executable-redacted>
v0_5,results/raw_v0_5/V0_5_RHO090_FAST_SB/seed_9107/run_manifest.json,02062c4352e0d2f347c2d3793c354ae8899b8d70a924e5ce65031497519b5e89,data/raw/high_load_baselines/post_termination_scheduled/seed_9107/run_manifest.json,48c05198322f1d273b76b073b5b85d611afb5dedc5e3aa8765bdcfac42e980d0,replace JSON environment.python_executable value only,<local-python-executable-redacted>
v0_5,results/raw_v0_5/V0_5_RHO090_FAST_SB/seed_9101/run_manifest.json,88305dc8436668d93bc857d2c7580dc30c71581cd92f36ab592a5158aad2df38,data/raw/high_load_baselines/post_termination_scheduled/seed_9101/run_manifest.json,58fa85620c6c39d6e0c5be0518a9e2c3f5c4e2c8308662dcae3a981d796990d1,replace JSON environment.python_executable value only,<local-python-executable-redacted>
v0_5,results/raw_v0_5/V0_5_RHO090_FAST_SB/seed_9103/run_manifest.json,a36cd8d67642be91dce10eb5ca5be156fed4680d0a313c41e48c8fdac6223a78,data/raw/high_load_baselines/post_termination_scheduled/seed_9103/run_manifest.json,d89e485c7ce7f7e31cf65c150b81bd76168cf9d2b70502063f3f44f0647e2c28,replace JSON environment.python_executable value only,<local-python-executable-redacted>
v0_5,results/raw_v0_5/V0_5_RHO090_FAST_SB/seed_9102/run_manifest.json,095b038e6eec15a1ae419df5900364213e9f89f57464ca11c782b7febbbef887,data/raw/high_load_baselines/post_termination_scheduled/seed_9102/run_manifest.json,9af02ffbadcb766725347fd0b537f29a6ded1ff2fb6ef4fcdbf9d9f11b6c5aa2,replace JSON environment.python_executable value only,<local-python-executable-redacted>
v0_5,results/raw_v0_5/V0_5_RHO090_FAST_SB/seed_9104/run_manifest.json,d6c07d7814fab0dcb51d9f9f28871a8fa8580f9a8de60f2066a81c29b6522c10,data/raw/high_load_baselines/post_termination_scheduled/seed_9104/run_manifest.json,f25a7c71e2ab26379d16faff78ecdd7527f8e98398f80ed48b1b1ec7014ba1ca,replace JSON environment.python_executable value only,<local-python-executable-redacted>
v0_5,results/raw_v0_5/V0_5_RHO090_FAST_SB/seed_9108/run_manifest.json,faa955d9cee789cb8cf65368beeedf65a1b3a60cf7ac3adca514c1a2b3296879,data/raw/high_load_baselines/post_termination_scheduled/seed_9108/run_manifest.json,560e6c8dd81c96defa2f74edd60f84d743c722dba0683bd82449cccdb2ae3c9c,replace JSON environment.python_executable value only,<local-python-executable-redacted>
v0_5,results/raw_v0_5/V0_5_RHO090_LEGACY_RLC_SB_T15/seed_9105/run_manifest.json,24a05984295c668cad47061025b7e1cac3662b12d3a225e1c382cb54d88571a0,data/raw/high_load_baselines/legacy_poll_15_slots/seed_9105/run_manifest.json,f7ec41fa1103268548fc9f3ea5e897cf9a39a1d6ef01ee4dd19dd46c6101d026,replace JSON environment.python_executable value only,<local-python-executable-redacted>
v0_5,results/raw_v0_5/V0_5_RHO090_LEGACY_RLC_SB_T15/seed_9106/run_manifest.json,937c4f2b5b114ca5fef427b9a85fb316636a77544e937a5d40356fecdf0964a4,data/raw/high_load_baselines/legacy_poll_15_slots/seed_9106/run_manifest.json,c0517ac6f2135ae807d0974b8b80c35024c70cee117472042a96e70aef720f99,replace JSON environment.python_executable value only,<local-python-executable-redacted>
v0_5,results/raw_v0_5/V0_5_RHO090_LEGACY_RLC_SB_T15/seed_9107/run_manifest.json,b95b65ddaaf1ce76dfe2b5be14cdc7e3704f95e6293173e22674c21659020d17,data/raw/high_load_baselines/legacy_poll_15_slots/seed_9107/run_manifest.json,758e5a396070b864bad9f95337d7a474921894c52274cdb156177d331cb974e6,replace JSON environment.python_executable value only,<local-python-executable-redacted>
v0_5,results/raw_v0_5/V0_5_RHO090_LEGACY_RLC_SB_T15/seed_9101/run_manifest.json,65a3cf6fcd15515f3e25e9621e14f31c2aa8e7ab6b6f927c73dc00f16d2e4736,data/raw/high_load_baselines/legacy_poll_15_slots/seed_9101/run_manifest.json,05777c3791679f190a3af12007aec25c0210eab60f0695ba1beb818001fdf88b,replace JSON environment.python_executable value only,<local-python-executable-redacted>
v0_5,results/raw_v0_5/V0_5_RHO090_LEGACY_RLC_SB_T15/seed_9103/run_manifest.json,cd980885691d835e9c30e93021a1df0f247dc60fcac1fe00d88456c87708b9aa,data/raw/high_load_baselines/legacy_poll_15_slots/seed_9103/run_manifest.json,d4e885f9e92bc25b2373b339ccf5c376266270141cabf2f541ae5cf56fb9443f,replace JSON environment.python_executable value only,<local-python-executable-redacted>
v0_5,results/raw_v0_5/V0_5_RHO090_LEGACY_RLC_SB_T15/seed_9102/run_manifest.json,89800dc3fa0c4667d597779e5307544b814054e482feddcdbfefba10dd061089,data/raw/high_load_baselines/legacy_poll_15_slots/seed_9102/run_manifest.json,e3121eac91867dd23469f0b32fb7c84514c87126570af769f7427991783f48bd,replace JSON environment.python_executable value only,<local-python-executable-redacted>
v0_5,results/raw_v0_5/V0_5_RHO090_LEGACY_RLC_SB_T15/seed_9104/run_manifest.json,03e4415bb2f498544274ee6272ba44628e7337916f5a2e9bf15f8363901836fb,data/raw/high_load_baselines/legacy_poll_15_slots/seed_9104/run_manifest.json,3c811da449706c40743b9f035d3a15c8636d657a2618933ed99014bdef4ffd0e,replace JSON environment.python_executable value only,<local-python-executable-redacted>
v0_5,results/raw_v0_5/V0_5_RHO090_LEGACY_RLC_SB_T15/seed_9108/run_manifest.json,cbdab03e431dc73a996a495d0b1b0abaefa1da140d7c9dc561c828e73fee06ef,data/raw/high_load_baselines/legacy_poll_15_slots/seed_9108/run_manifest.json,56ac057a31a980f88db6daa1b2765a05bcbc4b0362b501dcb22300300a109a52,replace JSON environment.python_executable value only,<local-python-executable-redacted>
v0_5,results/raw_v0_5/V0_5_RHO090_LEGACY_RLC_SB_T20/seed_9105/run_manifest.json,8bf6d3dd07a5cf8385f0cd4ed9e6e6ceeff904d18426860d8fba029fc26d4a72,data/raw/high_load_baselines/legacy_poll_20_slots/seed_9105/run_manifest.json,bdef649cb60241c747f47bc3fb31a76c34abeff26dd9a85322faf99a0a609b4c,replace JSON environment.python_executable value only,<local-python-executable-redacted>
v0_5,results/raw_v0_5/V0_5_RHO090_LEGACY_RLC_SB_T20/seed_9106/run_manifest.json,545a156984e440b2dc240730397c74720808a1b9186e815456049e4ef735b8eb,data/raw/high_load_baselines/legacy_poll_20_slots/seed_9106/run_manifest.json,8456574f485c147eff5e8badcf460d353df2bcb3b3668881378e6fbd3454fe08,replace JSON environment.python_executable value only,<local-python-executable-redacted>
v0_5,results/raw_v0_5/V0_5_RHO090_LEGACY_RLC_SB_T20/seed_9107/run_manifest.json,dee4af33ccb1246e69d5ff0821d996498ece290c0f24c660dc140201867e06ae,data/raw/high_load_baselines/legacy_poll_20_slots/seed_9107/run_manifest.json,cff19af0a9266fb9ef578f04a1153726df376cce10a9da33250f174d2d1baadb,replace JSON environment.python_executable value only,<local-python-executable-redacted>
v0_5,results/raw_v0_5/V0_5_RHO090_LEGACY_RLC_SB_T20/seed_9101/run_manifest.json,f5ee51f633056a9ac9c8d989b46e01c7c867d96b3dcf891fbd88e1100679d54a,data/raw/high_load_baselines/legacy_poll_20_slots/seed_9101/run_manifest.json,053cdb054b496a8682ca0fcc02547569accdf567e9fd428254592ad4c697814b,replace JSON environment.python_executable value only,<local-python-executable-redacted>
v0_5,results/raw_v0_5/V0_5_RHO090_LEGACY_RLC_SB_T20/seed_9103/run_manifest.json,99511e83a7c173c50f222f2a0bea41ae42bff1ea6e302316e902df2b10480e58,data/raw/high_load_baselines/legacy_poll_20_slots/seed_9103/run_manifest.json,3a5a690e521baaec9028b5491ed191a3f53ce9327bd21899415d009d2af09036,replace JSON environment.python_executable value only,<local-python-executable-redacted>
v0_5,results/raw_v0_5/V0_5_RHO090_LEGACY_RLC_SB_T20/seed_9102/run_manifest.json,b4096d376c168ccbfe122b399cc0d1ed097277b989f7534a0c0543de2abb3dc6,data/raw/high_load_baselines/legacy_poll_20_slots/seed_9102/run_manifest.json,c0548d0a2296d16460673390d532394ae60207ef90fdb971386f96b00950b3d1,replace JSON environment.python_executable value only,<local-python-executable-redacted>
v0_5,results/raw_v0_5/V0_5_RHO090_LEGACY_RLC_SB_T20/seed_9104/run_manifest.json,c8b6baf238b017de136359d93bf80e47ef12b7a6f1a7fe4b1537000f9fa56682,data/raw/high_load_baselines/legacy_poll_20_slots/seed_9104/run_manifest.json,51dc3fd8f8bbae04e8f034fb9e29da5822a5dacda8ec0925fcf5b68bea5faf93,replace JSON environment.python_executable value only,<local-python-executable-redacted>
v0_5,results/raw_v0_5/V0_5_RHO090_LEGACY_RLC_SB_T20/seed_9108/run_manifest.json,3004bd7609e2c5a078319df482a18123f4391d2545b63e6f3f915a79e311c034,data/raw/high_load_baselines/legacy_poll_20_slots/seed_9108/run_manifest.json,2d622de871b25e22f5210d15c134d5e436eb0d61706d58f19045f8697e2a5e87,replace JSON environment.python_executable value only,<local-python-executable-redacted>
v0_6_p3,results/raw_v0_6_p3/V0_6_RHO090_F_FRESH_HARQ_SHARED_CAP2/seed_9105/run_manifest.json,4220bb3c163e20a55d6130e28da10f6b825bc808997d8bd960fe691e3453ca0b,data/raw/scheduled_recovery_after_two_cb_failures/fresh_harq/seed_9105/run_manifest.json,6220735239c2060aac9af667bce9d92ce073058d8a83bb8f1353e199f2b256a0,replace JSON environment.python_executable value only,<local-python-executable-redacted>
v0_6_p3,results/raw_v0_6_p3/V0_6_RHO090_F_FRESH_HARQ_SHARED_CAP2/seed_9106/run_manifest.json,e230899aa3685c6c80e45b44583285a4cf766822418792d04e2d98c5abad03da,data/raw/scheduled_recovery_after_two_cb_failures/fresh_harq/seed_9106/run_manifest.json,cfe0491b06ddd98b4ae35151d28ff160b0e8b7e38d23c6aff874dd79d6f77bca,replace JSON environment.python_executable value only,<local-python-executable-redacted>
v0_6_p3,results/raw_v0_6_p3/V0_6_RHO090_F_FRESH_HARQ_SHARED_CAP2/seed_9107/run_manifest.json,1744879716078985cbf2ea5063b0a7c2233a2937d1d7528d5409a08680b72cd2,data/raw/scheduled_recovery_after_two_cb_failures/fresh_harq/seed_9107/run_manifest.json,fe0d9bd95adf71fe26a2026c71f564ef58be868fb3751873e5e7e1be5b678ca9,replace JSON environment.python_executable value only,<local-python-executable-redacted>
v0_6_p3,results/raw_v0_6_p3/V0_6_RHO090_F_FRESH_HARQ_SHARED_CAP2/seed_9101/run_manifest.json,de957a72b07034fb705fe8a712f5b4fff293d96534e9a5f441019b7fc20cc25f,data/raw/scheduled_recovery_after_two_cb_failures/fresh_harq/seed_9101/run_manifest.json,88e6b780266e499b320abe72f4f8973dedaaa8b8f1b277272f60bcabe73b08e3,replace JSON environment.python_executable value only,<local-python-executable-redacted>
v0_6_p3,results/raw_v0_6_p3/V0_6_RHO090_F_FRESH_HARQ_SHARED_CAP2/seed_9103/run_manifest.json,b6b589023239993d7fd19fce639e8c24e92f70199228e3c5f5dd8b4ed203500a,data/raw/scheduled_recovery_after_two_cb_failures/fresh_harq/seed_9103/run_manifest.json,049c987c2a2e3a96cf86d3858a76ef319f1a16a9f2c73722ced92d3b85e25390,replace JSON environment.python_executable value only,<local-python-executable-redacted>
v0_6_p3,results/raw_v0_6_p3/V0_6_RHO090_F_FRESH_HARQ_SHARED_CAP2/seed_9102/run_manifest.json,d3db13dbbeabfe97ee7ef63a50623a72ab9fbf2108964bfa3c7e3643839b3d6b,data/raw/scheduled_recovery_after_two_cb_failures/fresh_harq/seed_9102/run_manifest.json,7ee5a566a9005de9eb8884425df83ec50606a3e9f582bd04d03724f92c7fa0c3,replace JSON environment.python_executable value only,<local-python-executable-redacted>
v0_6_p3,results/raw_v0_6_p3/V0_6_RHO090_F_FRESH_HARQ_SHARED_CAP2/seed_9104/run_manifest.json,b509a1b9f440d9bfd27d33610732d7a94c3ebc5c0a0679cf15889364f9c39aa1,data/raw/scheduled_recovery_after_two_cb_failures/fresh_harq/seed_9104/run_manifest.json,b7068c87ce3f0dc42bb180e3c86621974ac59d01350dfd239520b3a4ef2c74cf,replace JSON environment.python_executable value only,<local-python-executable-redacted>
v0_6_p3,results/raw_v0_6_p3/V0_6_RHO090_F_FRESH_HARQ_SHARED_CAP2/seed_9108/run_manifest.json,26f9d74303df586cbf8bed88f8b2517eae6ca3f804f210407385f6cb9c11151c,data/raw/scheduled_recovery_after_two_cb_failures/fresh_harq/seed_9108/run_manifest.json,f2a114c36c303c1dafdbe8b85fbb39134b01244c65368489d633c1db2b30ffd2,replace JSON environment.python_executable value only,<local-python-executable-redacted>
v0_6_p3,results/raw_v0_6_p3/V0_6_RHO090_H_HARQ_PRESERVING_SHARED_CAP2/seed_9105/run_manifest.json,f25f16feb56a8f908d81ae220073c8e1a6405df4ecf1d0d0373ca61a495154e5,data/raw/scheduled_recovery_after_two_cb_failures/harq_preserving/seed_9105/run_manifest.json,29e9276bd4c249ea849a8d35a00a692ea06c5266368f97d57a1e51ab8a49c810,replace JSON environment.python_executable value only,<local-python-executable-redacted>
v0_6_p3,results/raw_v0_6_p3/V0_6_RHO090_H_HARQ_PRESERVING_SHARED_CAP2/seed_9106/run_manifest.json,a35ca18ea6a296030058307497f0edb3e774e6606bb85f4e7a4e561780451dbf,data/raw/scheduled_recovery_after_two_cb_failures/harq_preserving/seed_9106/run_manifest.json,06bce35a01ebcad7c4790a86ca33f051e44ed5a7b2dfa61b44c55a0401d7c0d7,replace JSON environment.python_executable value only,<local-python-executable-redacted>
v0_6_p3,results/raw_v0_6_p3/V0_6_RHO090_H_HARQ_PRESERVING_SHARED_CAP2/seed_9107/run_manifest.json,d57dcd854ffed618431b7725dffc3472d884f73e429c041f69aee3cefd9d9a10,data/raw/scheduled_recovery_after_two_cb_failures/harq_preserving/seed_9107/run_manifest.json,b3032a5a449e7659b161b5dd1b303a0c30b0c4062114f242a0737eda2ea0ef7e,replace JSON environment.python_executable value only,<local-python-executable-redacted>
v0_6_p3,results/raw_v0_6_p3/V0_6_RHO090_H_HARQ_PRESERVING_SHARED_CAP2/seed_9101/run_manifest.json,9da563892504268c8dd0790c0372e1e2f337a12a0d334b3a42779fd70c80bb8f,data/raw/scheduled_recovery_after_two_cb_failures/harq_preserving/seed_9101/run_manifest.json,f7b1d0c68f895350e24b947f6dc12fc5c050f1b22dbc60d5b6391f59d94fc2af,replace JSON environment.python_executable value only,<local-python-executable-redacted>
v0_6_p3,results/raw_v0_6_p3/V0_6_RHO090_H_HARQ_PRESERVING_SHARED_CAP2/seed_9103/run_manifest.json,dfc73443bdfae4928d2ce3afae37f16994ea181af925c555053891bb0f00f1e9,data/raw/scheduled_recovery_after_two_cb_failures/harq_preserving/seed_9103/run_manifest.json,aadfb8c1bc6cb811dc20eee606a2a473fd8ce8877a7da455c6992a7c9589306a,replace JSON environment.python_executable value only,<local-python-executable-redacted>
v0_6_p3,results/raw_v0_6_p3/V0_6_RHO090_H_HARQ_PRESERVING_SHARED_CAP2/seed_9102/run_manifest.json,3cf5fd36f0f0305c5d1e2757b3d29db263bf83920ca27d16f6e856eb50dee76f,data/raw/scheduled_recovery_after_two_cb_failures/harq_preserving/seed_9102/run_manifest.json,15b06416843200d491af99a914c0082b7a75886e2d7951cc736bd1117a34bc26,replace JSON environment.python_executable value only,<local-python-executable-redacted>
v0_6_p3,results/raw_v0_6_p3/V0_6_RHO090_H_HARQ_PRESERVING_SHARED_CAP2/seed_9104/run_manifest.json,ec387a0534f4bf6e300a7690e0f309f19647cdabc7ed389a31e22bd808eeaf59,data/raw/scheduled_recovery_after_two_cb_failures/harq_preserving/seed_9104/run_manifest.json,067aa788dde7a7ee285999640b8a20fe0ec3a7bef1c2dc6ccb97301f3995f520,replace JSON environment.python_executable value only,<local-python-executable-redacted>
v0_6_p3,results/raw_v0_6_p3/V0_6_RHO090_H_HARQ_PRESERVING_SHARED_CAP2/seed_9108/run_manifest.json,18311ee3aeb8f120478f45f3934f45c2114bfab2b9d9e3e035ed049e8ad4d2b0,data/raw/scheduled_recovery_after_two_cb_failures/harq_preserving/seed_9108/run_manifest.json,1318f390a29b5164269c45f513ead6323ce5f69785858f9b5f17b99aa5a0ee4e,replace JSON environment.python_executable value only,<local-python-executable-redacted>
v0_6_k3,results/raw_v0_6_k3/V0_6_RHO090_HK3_HARQ_PRESERVING_SHARED_CAP2/seed_9105/run_manifest.json,0230005b2da619118b923490e197c61b9cf89188bccb9e93df9090391b5cf8b1,data/raw/harq_continuation_after_three_cb_failures/harq_preserving/seed_9105/run_manifest.json,10cd7a2c1b09f34caba89e522da236577e8601fd53bbf14172fe0d090ee602b3,replace JSON environment.python_executable value only,<local-python-executable-redacted>
v0_6_k3,results/raw_v0_6_k3/V0_6_RHO090_HK3_HARQ_PRESERVING_SHARED_CAP2/seed_9106/run_manifest.json,eab0c19d92e266c22548f92fdd03cce889e5ea4a39fadaf63c8c135bbd7198ea,data/raw/harq_continuation_after_three_cb_failures/harq_preserving/seed_9106/run_manifest.json,99aa7f1ef65e27d0a6f67df811b91fe15a0c83781d9d6aa64f4daa94a06afb75,replace JSON environment.python_executable value only,<local-python-executable-redacted>
v0_6_k3,results/raw_v0_6_k3/V0_6_RHO090_HK3_HARQ_PRESERVING_SHARED_CAP2/seed_9107/run_manifest.json,8c852a491a45cd3146123c7bed09373552c2b80f4440761700fb5d14333a0b88,data/raw/harq_continuation_after_three_cb_failures/harq_preserving/seed_9107/run_manifest.json,c0bd61d18317a274611ac5cbb8cb145d0247c3f1be556c87b444dcfef262a040,replace JSON environment.python_executable value only,<local-python-executable-redacted>
v0_6_k3,results/raw_v0_6_k3/V0_6_RHO090_HK3_HARQ_PRESERVING_SHARED_CAP2/seed_9101/run_manifest.json,5ee20e6c86c997b75bb5ee45f2a91eb70ea43352b9b586939b96465c93939056,data/raw/harq_continuation_after_three_cb_failures/harq_preserving/seed_9101/run_manifest.json,288e2cb4800edb1e8adc4c074fb6068cedf54ed3346f7e30c7ae5d654988bd78,replace JSON environment.python_executable value only,<local-python-executable-redacted>
v0_6_k3,results/raw_v0_6_k3/V0_6_RHO090_HK3_HARQ_PRESERVING_SHARED_CAP2/seed_9103/run_manifest.json,8c86624acb97f7c0646ea0b1c17ae23790449d297f521044755e4093a6e35dba,data/raw/harq_continuation_after_three_cb_failures/harq_preserving/seed_9103/run_manifest.json,f85eb8d9ae03195d838c65a642e8b31e6ea1769171c1871124f158318795920a,replace JSON environment.python_executable value only,<local-python-executable-redacted>
v0_6_k3,results/raw_v0_6_k3/V0_6_RHO090_HK3_HARQ_PRESERVING_SHARED_CAP2/seed_9102/run_manifest.json,8e72a08a27e525e236f541036220365cd5db2c02b0b2458a52e8d368f763ffae,data/raw/harq_continuation_after_three_cb_failures/harq_preserving/seed_9102/run_manifest.json,d67e2f6fc6de7b6d29177176a653360ceb0d797497005a2b193d1320a0b1d23f,replace JSON environment.python_executable value only,<local-python-executable-redacted>
v0_6_k3,results/raw_v0_6_k3/V0_6_RHO090_HK3_HARQ_PRESERVING_SHARED_CAP2/seed_9104/run_manifest.json,175f06ae0d8204d486c3ab208f2a93178953d728c329cce4bbe85f8b05f685df,data/raw/harq_continuation_after_three_cb_failures/harq_preserving/seed_9104/run_manifest.json,b75efa4d22ed2a5a930f98937519d7202108e2816faf596ab99490a324284e77,replace JSON environment.python_executable value only,<local-python-executable-redacted>
v0_6_k3,results/raw_v0_6_k3/V0_6_RHO090_HK3_HARQ_PRESERVING_SHARED_CAP2/seed_9108/run_manifest.json,7398f4ab3198fdc00448e48b551c66b66eb2bbf96fca14e47139b31803fc84f5,data/raw/harq_continuation_after_three_cb_failures/harq_preserving/seed_9108/run_manifest.json,bac2688617a8b20723da5795a5e95397e7129b5bfe049178ce1a2d12d192e90d,replace JSON environment.python_executable value only,<local-python-executable-redacted>
v0_6_f3,results/raw_v0_6_f3/V0_6_RHO090_FK3_FRESH_HARQ_SHARED_CAP2/seed_9105/run_manifest.json,326065cd0fcfefb894060f7542962861ea7140473bad70468fe20d668a06c37f,data/raw/fresh_harq_after_three_cb_failures/fresh_harq/seed_9105/run_manifest.json,8d53e5f818d7064ca9168c0e353ab532755286d26a990e1973790ae5ccf51c36,replace JSON environment.python_executable value only,<local-python-executable-redacted>
v0_6_f3,results/raw_v0_6_f3/V0_6_RHO090_FK3_FRESH_HARQ_SHARED_CAP2/seed_9106/run_manifest.json,aff93bd3da6fef5932f728da850aeb91e3ff5e00e83eb20edd1e4b6334badd8b,data/raw/fresh_harq_after_three_cb_failures/fresh_harq/seed_9106/run_manifest.json,a2869e72c18fa3e66594362102898192a08277d5ea1727b4a19c9da6901285ad,replace JSON environment.python_executable value only,<local-python-executable-redacted>
v0_6_f3,results/raw_v0_6_f3/V0_6_RHO090_FK3_FRESH_HARQ_SHARED_CAP2/seed_9107/run_manifest.json,2a005b4eb2f2b426be3dd285d0abdc51a7596f274ed37d4414555fdd0e6a19d1,data/raw/fresh_harq_after_three_cb_failures/fresh_harq/seed_9107/run_manifest.json,dd7fe5eccc3be247091c269b259628f5445b924b08120ffeddd69e530b2166a3,replace JSON environment.python_executable value only,<local-python-executable-redacted>
v0_6_f3,results/raw_v0_6_f3/V0_6_RHO090_FK3_FRESH_HARQ_SHARED_CAP2/seed_9101/run_manifest.json,b8593d9ec80f3c24d06fef2f7948d1f4950d4a076a82acd2c4f020332d950cf0,data/raw/fresh_harq_after_three_cb_failures/fresh_harq/seed_9101/run_manifest.json,fada6393c5189e88302f09dcc8daa47e2deb5caa9abd4d2c924f27b6f51394b6,replace JSON environment.python_executable value only,<local-python-executable-redacted>
v0_6_f3,results/raw_v0_6_f3/V0_6_RHO090_FK3_FRESH_HARQ_SHARED_CAP2/seed_9103/run_manifest.json,38d0f734d9528605374f5e2955f38fd40dd1eecf96fea7fedb8101ad0fccc234,data/raw/fresh_harq_after_three_cb_failures/fresh_harq/seed_9103/run_manifest.json,1e9817ae8a1de970c2abb7686e98e1cfa4e85da597cd6d44c8ce91fa38e2d14e,replace JSON environment.python_executable value only,<local-python-executable-redacted>
v0_6_f3,results/raw_v0_6_f3/V0_6_RHO090_FK3_FRESH_HARQ_SHARED_CAP2/seed_9102/run_manifest.json,8c1b955804cf3917bc1a7ae5a7955cef43138ee97dff38e4bf9714ca82299e9d,data/raw/fresh_harq_after_three_cb_failures/fresh_harq/seed_9102/run_manifest.json,97ad54014117c9821fe1744de379b85c2671166ae2975796349cfe137a11b10e,replace JSON environment.python_executable value only,<local-python-executable-redacted>
v0_6_f3,results/raw_v0_6_f3/V0_6_RHO090_FK3_FRESH_HARQ_SHARED_CAP2/seed_9104/run_manifest.json,2857c2e2040ad75b62fef48aec37c23a46dd0dd826f013f43902344ae2f47663,data/raw/fresh_harq_after_three_cb_failures/fresh_harq/seed_9104/run_manifest.json,c442f097e27be745f564efd3deb6ad5735f909c5f1ebb54a2bb61594ce9a8fa9,replace JSON environment.python_executable value only,<local-python-executable-redacted>
v0_6_f3,results/raw_v0_6_f3/V0_6_RHO090_FK3_FRESH_HARQ_SHARED_CAP2/seed_9108/run_manifest.json,ed7bbcd26a06caea2c7ac9de5973dac764cf45980ef42e8e302e996456abd9f0,data/raw/fresh_harq_after_three_cb_failures/fresh_harq/seed_9108/run_manifest.json,11ba4e780df715d6ded8dd7578abdaa3222782405381c5139bd4e584d86c65e5,replace JSON environment.python_executable value only,<local-python-executable-redacted>
v0_7_rho070,results/raw_v0_7_rho070/V0_7_RHO070_FAST_SB/seed_9105/run_manifest.json,e8d5be3593fc38d21f3b7e76a0f6b8d8f5f07bb2befc44fa474448c2e1e96c10,data/raw/lower_load_policy_comparison/post_termination_scheduled/seed_9105/run_manifest.json,a6e7fd882f02919ce6c67de29c49e463c9295db72b1a949dd74b8560ffe509f8,replace JSON environment.python_executable value only,<local-python-executable-redacted>
v0_7_rho070,results/raw_v0_7_rho070/V0_7_RHO070_FAST_SB/seed_9106/run_manifest.json,a7a6635def376fd6d107a6a8f424f7bd31db1b670e3661fc441ca7eb7f4b0c93,data/raw/lower_load_policy_comparison/post_termination_scheduled/seed_9106/run_manifest.json,06285327109774c0e229caa025a29c620bb1a00469626d25450aeeef0a82c91d,replace JSON environment.python_executable value only,<local-python-executable-redacted>
v0_7_rho070,results/raw_v0_7_rho070/V0_7_RHO070_FAST_SB/seed_9107/run_manifest.json,6a93e013ee4a93b989fd823d5c3baaccca0d62606cf2d2c31233386815e71507,data/raw/lower_load_policy_comparison/post_termination_scheduled/seed_9107/run_manifest.json,50bc375600b401cfe6f0b3e16556fed7faa678ae5d7f5c0d346883cd95d6132d,replace JSON environment.python_executable value only,<local-python-executable-redacted>
v0_7_rho070,results/raw_v0_7_rho070/V0_7_RHO070_FAST_SB/seed_9101/run_manifest.json,d41e38d3ae04ddc12123b41fc2a38326d6bac251e2402cd783193dec58d475d7,data/raw/lower_load_policy_comparison/post_termination_scheduled/seed_9101/run_manifest.json,4974f2ec0883bafc2cc75e70f610de2a73320ae5bd64169de30b34acd8e08c4f,replace JSON environment.python_executable value only,<local-python-executable-redacted>
v0_7_rho070,results/raw_v0_7_rho070/V0_7_RHO070_FAST_SB/seed_9103/run_manifest.json,1e734788a455efa5bbdcdd7cc6bc5b1ff70f0b02ad0081a9465b0600725acf52,data/raw/lower_load_policy_comparison/post_termination_scheduled/seed_9103/run_manifest.json,194d82e7165ddc3806b2fe970b6fe321e4abc235ab5ec2eb1b3b06729dcebd68,replace JSON environment.python_executable value only,<local-python-executable-redacted>
v0_7_rho070,results/raw_v0_7_rho070/V0_7_RHO070_FAST_SB/seed_9102/run_manifest.json,3e2c6ba02ce0e300b4277dcec9d3a9df0b0ae3f60870a62f8557e35a559ee37b,data/raw/lower_load_policy_comparison/post_termination_scheduled/seed_9102/run_manifest.json,cf7117e089078737c2892834c33f08845aa5e4fc50ad017f11494c35b48f9345,replace JSON environment.python_executable value only,<local-python-executable-redacted>
v0_7_rho070,results/raw_v0_7_rho070/V0_7_RHO070_FAST_SB/seed_9104/run_manifest.json,1e81dd0ffed5185ccbce3b11aee6792c833f4efe7425df5368e70a5fc8658e30,data/raw/lower_load_policy_comparison/post_termination_scheduled/seed_9104/run_manifest.json,fd01a2f03e1736fb23b54d82bade44c0cb4788411004b13c664c04c945911464,replace JSON environment.python_executable value only,<local-python-executable-redacted>
v0_7_rho070,results/raw_v0_7_rho070/V0_7_RHO070_FAST_SB/seed_9108/run_manifest.json,a37c0b3e724d20bd714769d96ccb3aa70d990b159eeef398cd192f83f0c03c0b,data/raw/lower_load_policy_comparison/post_termination_scheduled/seed_9108/run_manifest.json,bc41f4fed321fcf9118d650b8dda93a4c0b8d82d69cc25665cb72b813494ba75,replace JSON environment.python_executable value only,<local-python-executable-redacted>
v0_7_rho070,results/raw_v0_7_rho070/V0_7_RHO070_H3_HARQ_PRESERVING_SHARED_CAP2/seed_9105/run_manifest.json,15aa0b72dc543293708ed2a361796a88c24efb9b050a2ed1807e1c55ba722f77,data/raw/lower_load_policy_comparison/harq_preserving_after_three_cb_failures/seed_9105/run_manifest.json,42fbc5711ad25e25b418768aaf86d23810b93268eaca976bffafadc7917e11a6,replace JSON environment.python_executable value only,<local-python-executable-redacted>
v0_7_rho070,results/raw_v0_7_rho070/V0_7_RHO070_H3_HARQ_PRESERVING_SHARED_CAP2/seed_9106/run_manifest.json,39c61c6c9f243574bcc41f19c19e070735be4610299539615cf876819c01f89b,data/raw/lower_load_policy_comparison/harq_preserving_after_three_cb_failures/seed_9106/run_manifest.json,f4c08cd611b8675f7700de1a3f2b451aa936aa3b7182e95d1a441339b58925dd,replace JSON environment.python_executable value only,<local-python-executable-redacted>
v0_7_rho070,results/raw_v0_7_rho070/V0_7_RHO070_H3_HARQ_PRESERVING_SHARED_CAP2/seed_9107/run_manifest.json,eea42e48696bfc3b34f3c8b92367d6d79ed782f0d8be6a0511c535c6d509fd89,data/raw/lower_load_policy_comparison/harq_preserving_after_three_cb_failures/seed_9107/run_manifest.json,60979b8f121d5636aa593e5cc95c640dcfa0f9584e5614954ddf9d7299a30977,replace JSON environment.python_executable value only,<local-python-executable-redacted>
v0_7_rho070,results/raw_v0_7_rho070/V0_7_RHO070_H3_HARQ_PRESERVING_SHARED_CAP2/seed_9101/run_manifest.json,1b67a4ca9ed9bcefee15cb831af6d10bf521141a74e1a559b3bb49835e593b4d,data/raw/lower_load_policy_comparison/harq_preserving_after_three_cb_failures/seed_9101/run_manifest.json,acd7ef52cac1c6cf6a6b4e5d89de1667321984bf1b351935de753e15d8d8742a,replace JSON environment.python_executable value only,<local-python-executable-redacted>
v0_7_rho070,results/raw_v0_7_rho070/V0_7_RHO070_H3_HARQ_PRESERVING_SHARED_CAP2/seed_9103/run_manifest.json,a8127a0a896ce09d11563d35b8bcfb0682de84b8867153df684f3c979c90a009,data/raw/lower_load_policy_comparison/harq_preserving_after_three_cb_failures/seed_9103/run_manifest.json,00e0a3346124c6a5e646905a721569ffa902cdf3450e467431709759d89b07e2,replace JSON environment.python_executable value only,<local-python-executable-redacted>
v0_7_rho070,results/raw_v0_7_rho070/V0_7_RHO070_H3_HARQ_PRESERVING_SHARED_CAP2/seed_9102/run_manifest.json,f920820ffa087d3d4011c058e84ef945e9e6d8c028525834c2346774e4928f4c,data/raw/lower_load_policy_comparison/harq_preserving_after_three_cb_failures/seed_9102/run_manifest.json,1c6ad4899817cb74e2113c49aba38c132e90d6c9c9b12b11327781894b494309,replace JSON environment.python_executable value only,<local-python-executable-redacted>
v0_7_rho070,results/raw_v0_7_rho070/V0_7_RHO070_H3_HARQ_PRESERVING_SHARED_CAP2/seed_9104/run_manifest.json,a4f11b9fca3be3e0523fa6d52ba7c75727cd7862464095e41b0901bcfab85a1b,data/raw/lower_load_policy_comparison/harq_preserving_after_three_cb_failures/seed_9104/run_manifest.json,a589afb1ae02c0b31212202798712026bf576a22d1e073d2f80a02c0e92bf0ea,replace JSON environment.python_executable value only,<local-python-executable-redacted>
v0_7_rho070,results/raw_v0_7_rho070/V0_7_RHO070_H3_HARQ_PRESERVING_SHARED_CAP2/seed_9108/run_manifest.json,b9572e43479f1e7e60d89b8344dabeb5749301183784d2b3e331694a20714d13,data/raw/lower_load_policy_comparison/harq_preserving_after_three_cb_failures/seed_9108/run_manifest.json,9a8a572497c8e5d55a5d6559bf3e7fccf0643a6cedc6e98e0a2bef0b8f1b9d35,replace JSON environment.python_executable value only,<local-python-executable-redacted>
v0_7_rho070,results/raw_v0_7_rho070/V0_7_RHO070_H2_HARQ_PRESERVING_SHARED_CAP2/seed_9105/run_manifest.json,cc64afafb6abfc1055cd287d29b0a7bb8334a4c7330246c08b8ec237260f61fd,data/raw/lower_load_policy_comparison/harq_preserving_after_two_cb_failures/seed_9105/run_manifest.json,48eaff47fda017f346757f9d08f4f50e796a5fc2d531943bbffa473cc2d91892,replace JSON environment.python_executable value only,<local-python-executable-redacted>
v0_7_rho070,results/raw_v0_7_rho070/V0_7_RHO070_H2_HARQ_PRESERVING_SHARED_CAP2/seed_9106/run_manifest.json,48cf8d0a0bd9cc9593ad4e4987a2390d3c4c31779feb44137037cd7f3a381612,data/raw/lower_load_policy_comparison/harq_preserving_after_two_cb_failures/seed_9106/run_manifest.json,058331cbadd77598ae0c4eeb8e9a7138b0edd7cf535dc83abe3567e20237e013,replace JSON environment.python_executable value only,<local-python-executable-redacted>
v0_7_rho070,results/raw_v0_7_rho070/V0_7_RHO070_H2_HARQ_PRESERVING_SHARED_CAP2/seed_9107/run_manifest.json,d34ea5f0706f238a8b2954a70aeb02c03aca2cb356c2bbd140b4ddc6a3a3aafd,data/raw/lower_load_policy_comparison/harq_preserving_after_two_cb_failures/seed_9107/run_manifest.json,15ab54bf64ab0abb42a75e0f9a17fcf00e6008cc4303debbd736eec0e11ed7b5,replace JSON environment.python_executable value only,<local-python-executable-redacted>
v0_7_rho070,results/raw_v0_7_rho070/V0_7_RHO070_H2_HARQ_PRESERVING_SHARED_CAP2/seed_9101/run_manifest.json,445ef38c98a779921fe6e67a73a43bf3a7e30f70a2afeb5c6a1f883344a2b546,data/raw/lower_load_policy_comparison/harq_preserving_after_two_cb_failures/seed_9101/run_manifest.json,9ccd8e86af9df20f7667fbd53606a61edf31bf6f37ea53010343e89816e127f3,replace JSON environment.python_executable value only,<local-python-executable-redacted>
v0_7_rho070,results/raw_v0_7_rho070/V0_7_RHO070_H2_HARQ_PRESERVING_SHARED_CAP2/seed_9103/run_manifest.json,a67c6ed99fbf6a89b3233e64472828d0c0484ec99df51ad9922fde2834676d27,data/raw/lower_load_policy_comparison/harq_preserving_after_two_cb_failures/seed_9103/run_manifest.json,80b113a5d4e9902bfa069bdec5272cf24c2c4ec8d8d65ecfe107d74e1ee8e1ed,replace JSON environment.python_executable value only,<local-python-executable-redacted>
v0_7_rho070,results/raw_v0_7_rho070/V0_7_RHO070_H2_HARQ_PRESERVING_SHARED_CAP2/seed_9102/run_manifest.json,9a9f24536c19d4e22d5638619189401c5e53071e9ad4d9d78a3e326bd2935707,data/raw/lower_load_policy_comparison/harq_preserving_after_two_cb_failures/seed_9102/run_manifest.json,be5bcc69e66511945b868b6962627237e141fbd4dfee58bfa205d495715974e1,replace JSON environment.python_executable value only,<local-python-executable-redacted>
v0_7_rho070,results/raw_v0_7_rho070/V0_7_RHO070_H2_HARQ_PRESERVING_SHARED_CAP2/seed_9104/run_manifest.json,5ce463a38b11173f757e94ddef719b694084aaeb38e0f61918d11f2caed71f6e,data/raw/lower_load_policy_comparison/harq_preserving_after_two_cb_failures/seed_9104/run_manifest.json,fde26ef8bd581d15d7dd1586e59b7309111adebf20087c99af96609fcae5c55f,replace JSON environment.python_executable value only,<local-python-executable-redacted>
v0_7_rho070,results/raw_v0_7_rho070/V0_7_RHO070_H2_HARQ_PRESERVING_SHARED_CAP2/seed_9108/run_manifest.json,e208f5e803b7d90d98f5be5fd4edd9cb90543150abb7674c30a247b94da5f51b,data/raw/lower_load_policy_comparison/harq_preserving_after_two_cb_failures/seed_9108/run_manifest.json,3efb7d24dc829406bb7bf39ad8c8e8b5755c9319ed69ca46cf8300849ca84ff7,replace JSON environment.python_executable value only,<local-python-executable-redacted>
v0_7_rho070,results/raw_v0_7_rho070/V0_7_RHO070_F3_FRESH_HARQ_SHARED_CAP2/seed_9105/run_manifest.json,5140120ca26628585e22fc12e0dcdacbf0322b6d5633f5bc824ee42546421c60,data/raw/lower_load_policy_comparison/fresh_harq_after_three_cb_failures/seed_9105/run_manifest.json,9cc67351e93e0eaf70cd20d869762af8ce107f93fdff5b339fffc09a02488762,replace JSON environment.python_executable value only,<local-python-executable-redacted>
v0_7_rho070,results/raw_v0_7_rho070/V0_7_RHO070_F3_FRESH_HARQ_SHARED_CAP2/seed_9106/run_manifest.json,85b09bd915fc414b0350df8bfba79716d7666302a94e750d83fc74fdfcc57306,data/raw/lower_load_policy_comparison/fresh_harq_after_three_cb_failures/seed_9106/run_manifest.json,06be98048d2b4b781c4d533ada12cc0c4c81943c687e6860b1012fb7d88a037f,replace JSON environment.python_executable value only,<local-python-executable-redacted>
v0_7_rho070,results/raw_v0_7_rho070/V0_7_RHO070_F3_FRESH_HARQ_SHARED_CAP2/seed_9107/run_manifest.json,4c10da0947a90df41b8c46a1d369623a91d26da56d083260758ede33b8c301a0,data/raw/lower_load_policy_comparison/fresh_harq_after_three_cb_failures/seed_9107/run_manifest.json,90d9868403c042a6ce3e40c48bcd02a82cd1db60d1e4caadc071631a0eb9fcbb,replace JSON environment.python_executable value only,<local-python-executable-redacted>
v0_7_rho070,results/raw_v0_7_rho070/V0_7_RHO070_F3_FRESH_HARQ_SHARED_CAP2/seed_9101/run_manifest.json,fe697553f0f87f415bfdb8a67dc04ddf2bafc25f357f2b50673af840514f517e,data/raw/lower_load_policy_comparison/fresh_harq_after_three_cb_failures/seed_9101/run_manifest.json,f47e7e963a71e7ad17c3892245893643ec1d52f91365395e005b18129b79ab88,replace JSON environment.python_executable value only,<local-python-executable-redacted>
v0_7_rho070,results/raw_v0_7_rho070/V0_7_RHO070_F3_FRESH_HARQ_SHARED_CAP2/seed_9103/run_manifest.json,875c542944f5ea1aa19e531b4ebd9edb45647e77507d9ad77c43f35e134d8cb6,data/raw/lower_load_policy_comparison/fresh_harq_after_three_cb_failures/seed_9103/run_manifest.json,dbfa0eaeda290ca50cc62eaade9f90ffc79785f778bf137cafa7019bbcdb6779,replace JSON environment.python_executable value only,<local-python-executable-redacted>
v0_7_rho070,results/raw_v0_7_rho070/V0_7_RHO070_F3_FRESH_HARQ_SHARED_CAP2/seed_9102/run_manifest.json,e87197354af577e9539c533e74598755cfa396048cb7828b641814c65a045715,data/raw/lower_load_policy_comparison/fresh_harq_after_three_cb_failures/seed_9102/run_manifest.json,eb45f5d094483e11590f7434eadcbac27ab1bded4704867e92eb313ba1aa3459,replace JSON environment.python_executable value only,<local-python-executable-redacted>
v0_7_rho070,results/raw_v0_7_rho070/V0_7_RHO070_F3_FRESH_HARQ_SHARED_CAP2/seed_9104/run_manifest.json,dbc2026fa14d55c83778af87c4091242a71f81091b239f37f6c8322ef6a52ce3,data/raw/lower_load_policy_comparison/fresh_harq_after_three_cb_failures/seed_9104/run_manifest.json,8113513adf20c27044a13a0c09a068225c77076dfcd80f53922a7cc5a44548b2,replace JSON environment.python_executable value only,<local-python-executable-redacted>
v0_7_rho070,results/raw_v0_7_rho070/V0_7_RHO070_F3_FRESH_HARQ_SHARED_CAP2/seed_9108/run_manifest.json,9a17624f3fd609fdbb7da550cd4dcfcfa67f33bcf7a4b7fcc2ec784b6d97393a,data/raw/lower_load_policy_comparison/fresh_harq_after_three_cb_failures/seed_9108/run_manifest.json,8e1cd883cdf00a5dbfaa1f423eb4024415fc4478761421d57d169d0671ac5d3d,replace JSON environment.python_executable value only,<local-python-executable-redacted>
v0_7_rho070,results/raw_v0_7_rho070/V0_7_RHO070_LEGACY_RLC_SB_T15/seed_9105/run_manifest.json,f856d44095cb8cd181f72976dea51fdad06ba79840a55fdeb930561d917f2f22,data/raw/lower_load_policy_comparison/legacy_poll_15_slots/seed_9105/run_manifest.json,d72a4198f8491daa9c0e0f880ae9156815086636fab52d0eaf84b5f92c4801c9,replace JSON environment.python_executable value only,<local-python-executable-redacted>
v0_7_rho070,results/raw_v0_7_rho070/V0_7_RHO070_LEGACY_RLC_SB_T15/seed_9106/run_manifest.json,eed09723fe85e9482c20106abb5f02ebd89007b04dc2101d10c3e6bbeeeed61f,data/raw/lower_load_policy_comparison/legacy_poll_15_slots/seed_9106/run_manifest.json,d252ab2eefea7ac02b73dcb5f9560873558f3cb79e201ff88e9df6ae65559ada,replace JSON environment.python_executable value only,<local-python-executable-redacted>
v0_7_rho070,results/raw_v0_7_rho070/V0_7_RHO070_LEGACY_RLC_SB_T15/seed_9107/run_manifest.json,eedf54a244c6c5fdcacb2b8854ce7b27c5655d3069b74bf7e2382b633a57a21a,data/raw/lower_load_policy_comparison/legacy_poll_15_slots/seed_9107/run_manifest.json,0cb2d75981af00291afc943b3c66b8de115a24d9b99f083956c8cc9ef5adcc30,replace JSON environment.python_executable value only,<local-python-executable-redacted>
v0_7_rho070,results/raw_v0_7_rho070/V0_7_RHO070_LEGACY_RLC_SB_T15/seed_9101/run_manifest.json,359fd2494ce9cadd4eb18e8d345d617bf24eb218b8439c0e4bc2f9e604964a25,data/raw/lower_load_policy_comparison/legacy_poll_15_slots/seed_9101/run_manifest.json,503bab0728a631ea4f2a2d28a7fbf0fc1fa5238293943ea768d22a76a986467e,replace JSON environment.python_executable value only,<local-python-executable-redacted>
v0_7_rho070,results/raw_v0_7_rho070/V0_7_RHO070_LEGACY_RLC_SB_T15/seed_9103/run_manifest.json,360b1e9dd2412b3928f9d3618e425ca2d73c09b04e97b52cc6d5b249baf19be2,data/raw/lower_load_policy_comparison/legacy_poll_15_slots/seed_9103/run_manifest.json,df6fcb266520da2ab133db49069847804e7f26f7088c2452f9bed033a24dc761,replace JSON environment.python_executable value only,<local-python-executable-redacted>
v0_7_rho070,results/raw_v0_7_rho070/V0_7_RHO070_LEGACY_RLC_SB_T15/seed_9102/run_manifest.json,a600fcfbb897c8c1b6b61ea935f209c7bdd969b5a68d9878e381f8f422225419,data/raw/lower_load_policy_comparison/legacy_poll_15_slots/seed_9102/run_manifest.json,e69270453fa9606351e8ab9d1772fdb68f058188a63d9a754c87c8beaf2d6dd5,replace JSON environment.python_executable value only,<local-python-executable-redacted>
v0_7_rho070,results/raw_v0_7_rho070/V0_7_RHO070_LEGACY_RLC_SB_T15/seed_9104/run_manifest.json,6ad84b259666cc34f89ca4a370dbe9e49470275689e2e39844e80f20b5c54d10,data/raw/lower_load_policy_comparison/legacy_poll_15_slots/seed_9104/run_manifest.json,860e969bcb5cd633785f5303e35852f0c03f3d2317ce997613bcea856554f684,replace JSON environment.python_executable value only,<local-python-executable-redacted>
v0_7_rho070,results/raw_v0_7_rho070/V0_7_RHO070_LEGACY_RLC_SB_T15/seed_9108/run_manifest.json,e83eb922aa28a4dd6dee8185301ce01c1accbcb74c9a06d857a7cc4ba4beb64d,data/raw/lower_load_policy_comparison/legacy_poll_15_slots/seed_9108/run_manifest.json,21cd8dccbb0acc3b3f465e145545df123d89afbc21f7d0a84c82fde5228f1359,replace JSON environment.python_executable value only,<local-python-executable-redacted>
v0_7_rho070,results/raw_v0_7_rho070/V0_7_RHO070_LEGACY_RLC_SB_T20/seed_9105/run_manifest.json,3d4b1d9a4fcc348ec365a7be292e45d9e87035dcf0ae8ba68febfb2f1fe6743c,data/raw/lower_load_policy_comparison/legacy_poll_20_slots/seed_9105/run_manifest.json,cf3d21907df6c5d666597794dcfbaa325ffbd1ef13cd7841ef7499d122a39098,replace JSON environment.python_executable value only,<local-python-executable-redacted>
v0_7_rho070,results/raw_v0_7_rho070/V0_7_RHO070_LEGACY_RLC_SB_T20/seed_9106/run_manifest.json,36e02c52c94a2f2df6b452d2b7f79569efc046921fbb22ea8b9742c7ed169b7b,data/raw/lower_load_policy_comparison/legacy_poll_20_slots/seed_9106/run_manifest.json,9a0b2fa27421a4a8adc98cbb954063a03a02e0dd874236da39be0dea22926792,replace JSON environment.python_executable value only,<local-python-executable-redacted>
v0_7_rho070,results/raw_v0_7_rho070/V0_7_RHO070_LEGACY_RLC_SB_T20/seed_9107/run_manifest.json,21cd99868beaa3785249ab55d032c1b23116cbad8edcc30f0ed9698f3ab733f4,data/raw/lower_load_policy_comparison/legacy_poll_20_slots/seed_9107/run_manifest.json,46db73535025db23a5226e1f3358e5f314b2f9bb097e2515026048ae0eb89dbf,replace JSON environment.python_executable value only,<local-python-executable-redacted>
v0_7_rho070,results/raw_v0_7_rho070/V0_7_RHO070_LEGACY_RLC_SB_T20/seed_9101/run_manifest.json,c6d03ecfb87f3a21deeb5b0dec073ac96551d736b02c4f3899c77648fefa427a,data/raw/lower_load_policy_comparison/legacy_poll_20_slots/seed_9101/run_manifest.json,8a93a7c01af17c777b5f44143c00cc79534378a9da26d4aa1a4e94ca1d36bb01,replace JSON environment.python_executable value only,<local-python-executable-redacted>
v0_7_rho070,results/raw_v0_7_rho070/V0_7_RHO070_LEGACY_RLC_SB_T20/seed_9103/run_manifest.json,391f09a4b95c5a4a1c0652b156766eaa14b6bee218b286351dbdaef6ce66eff5,data/raw/lower_load_policy_comparison/legacy_poll_20_slots/seed_9103/run_manifest.json,5d4e2044a395b2a8947592d4f19a2b50bf822450f310a33f888da271d065fc74,replace JSON environment.python_executable value only,<local-python-executable-redacted>
v0_7_rho070,results/raw_v0_7_rho070/V0_7_RHO070_LEGACY_RLC_SB_T20/seed_9102/run_manifest.json,500c9149b012f24684b210937ff5f970a284a7552fed58db4a78eae2e14a39d2,data/raw/lower_load_policy_comparison/legacy_poll_20_slots/seed_9102/run_manifest.json,2fde937b27937cada4e3550d233a1334d607558c40da3086156ad26e17785ae9,replace JSON environment.python_executable value only,<local-python-executable-redacted>
v0_7_rho070,results/raw_v0_7_rho070/V0_7_RHO070_LEGACY_RLC_SB_T20/seed_9104/run_manifest.json,6733ad2138126aff388301bac47e9625d54907c35da0590be7fcbaf6d6bfd415,data/raw/lower_load_policy_comparison/legacy_poll_20_slots/seed_9104/run_manifest.json,01ebda29c6e30530041992b6a43229bd7c04ab6f3d9f34f719f593ec046abe05,replace JSON environment.python_executable value only,<local-python-executable-redacted>
v0_7_rho070,results/raw_v0_7_rho070/V0_7_RHO070_LEGACY_RLC_SB_T20/seed_9108/run_manifest.json,afa3096ff7391c65ee9ca5c599374678f4d8d4723440179888024aea3495472e,data/raw/lower_load_policy_comparison/legacy_poll_20_slots/seed_9108/run_manifest.json,50a6c7ea0909fef4fd54cffe18ff1f35823cc09e032ab33ee5559931c234d8bc,replace JSON environment.python_executable value only,<local-python-executable-redacted>
v0_7_rho070,results/raw_v0_7_rho070/V0_7_RHO070_FAST_CB/seed_9105/run_manifest.json,0930a0153dcb184b1cf399ae9000fe7268d6ee1d6d27b5f5e221546546f5d23d,data/raw/lower_load_policy_comparison/fast_cb/seed_9105/run_manifest.json,3c72575861a5305231e0ef2a1789f800885e1179f344051d8b877a1843e3610f,replace JSON environment.python_executable value only,<local-python-executable-redacted>
v0_7_rho070,results/raw_v0_7_rho070/V0_7_RHO070_FAST_CB/seed_9106/run_manifest.json,76685611d2848b531dcf16548c6d0c3573edd0ef32d3743eb49ea76c8f7dd700,data/raw/lower_load_policy_comparison/fast_cb/seed_9106/run_manifest.json,dcab502e2374a71c2a61ca00a0b501b0cbedd798eb22dd068a8957dcb0230455,replace JSON environment.python_executable value only,<local-python-executable-redacted>
v0_7_rho070,results/raw_v0_7_rho070/V0_7_RHO070_FAST_CB/seed_9107/run_manifest.json,fd2290e79c620842d79ba9b4485773b259e383608d85a5e93e0b70ad52a44b31,data/raw/lower_load_policy_comparison/fast_cb/seed_9107/run_manifest.json,8d2754471ea0ad49dd51e5055a08ac38f1629bbaf705a2400c6ce9889f535056,replace JSON environment.python_executable value only,<local-python-executable-redacted>
v0_7_rho070,results/raw_v0_7_rho070/V0_7_RHO070_FAST_CB/seed_9101/run_manifest.json,0475a049b3ab57632680a9af5a0bf1a1a4a7b621651df549b97eaf5540b7c1a0,data/raw/lower_load_policy_comparison/fast_cb/seed_9101/run_manifest.json,d9e4fc23f973a7eb7c48c7c0b2db574f538ae513faefdb9fdce3bdd27b1cae6f,replace JSON environment.python_executable value only,<local-python-executable-redacted>
v0_7_rho070,results/raw_v0_7_rho070/V0_7_RHO070_FAST_CB/seed_9103/run_manifest.json,4d8c7a34a6286bea8c94e921ff14e7ee0cd1042e03885d4b23ae2f488096a257,data/raw/lower_load_policy_comparison/fast_cb/seed_9103/run_manifest.json,291d76cd20ac86999b612e71f9c956c9b03e7eaed5a771093da8cd9bae3c0abd,replace JSON environment.python_executable value only,<local-python-executable-redacted>
v0_7_rho070,results/raw_v0_7_rho070/V0_7_RHO070_FAST_CB/seed_9102/run_manifest.json,a38819eb94da606e20779280b40b4ee24e77f853286da820fbe9b4196467bdf4,data/raw/lower_load_policy_comparison/fast_cb/seed_9102/run_manifest.json,26e387a2ea0fe8345eeee6413b0d155df4ffad62d2cd8f9c65f39b247c370e08,replace JSON environment.python_executable value only,<local-python-executable-redacted>
v0_7_rho070,results/raw_v0_7_rho070/V0_7_RHO070_FAST_CB/seed_9104/run_manifest.json,20969e2ba177854528be5655ce49e9886868dff5d4fbd73c911c00562044c77a,data/raw/lower_load_policy_comparison/fast_cb/seed_9104/run_manifest.json,8c2d0bb47677261ee37bcff0cdf7531cd78b0ba67c4c46832f9d156cf0457337,replace JSON environment.python_executable value only,<local-python-executable-redacted>
v0_7_rho070,results/raw_v0_7_rho070/V0_7_RHO070_FAST_CB/seed_9108/run_manifest.json,f8a9820517a45489884ebfc525c347a480e35b2bfac74e63c9b3b35bcd21a8ad,data/raw/lower_load_policy_comparison/fast_cb/seed_9108/run_manifest.json,26f019e5e4f614f430f1b3ac8009d8196d44806310e06d4658bc20cac09e8a5b,replace JSON environment.python_executable value only,<local-python-executable-redacted>
v0_7_rho070,results/raw_v0_7_rho070/V0_7_RHO070_F2_FRESH_HARQ_SHARED_CAP2/seed_9105/run_manifest.json,bb0b7115846768dfecfacc8dad9a857f574bf38af0d025421dd0f4e967b3e244,data/raw/lower_load_policy_comparison/fresh_harq_after_two_cb_failures/seed_9105/run_manifest.json,f4b4610568b30a220f6c524e56dd5e7077f62bef5ef531f39a7c52477c66db7f,replace JSON environment.python_executable value only,<local-python-executable-redacted>
v0_7_rho070,results/raw_v0_7_rho070/V0_7_RHO070_F2_FRESH_HARQ_SHARED_CAP2/seed_9106/run_manifest.json,2a64bf271a4cabcf483ba9abba2678ed0a73e3989c428a2c1297d821803dba2d,data/raw/lower_load_policy_comparison/fresh_harq_after_two_cb_failures/seed_9106/run_manifest.json,ab35732d9021171ac0cbb4595fe6a170490b9a8f66a44efd9a97f90733e650be,replace JSON environment.python_executable value only,<local-python-executable-redacted>
v0_7_rho070,results/raw_v0_7_rho070/V0_7_RHO070_F2_FRESH_HARQ_SHARED_CAP2/seed_9107/run_manifest.json,503b20c12e969bdceadbc111e0aca3a4d884ed4078c79c73cbf9377c61015572,data/raw/lower_load_policy_comparison/fresh_harq_after_two_cb_failures/seed_9107/run_manifest.json,537de4199bcd4a5ed0cda98241d1d0a68afda23b8d8df39641f75af43c6e0b82,replace JSON environment.python_executable value only,<local-python-executable-redacted>
v0_7_rho070,results/raw_v0_7_rho070/V0_7_RHO070_F2_FRESH_HARQ_SHARED_CAP2/seed_9101/run_manifest.json,a29519d85a361b430e17ec2c57c05dd654a4836bb6aa2df3a884b5cb933fde35,data/raw/lower_load_policy_comparison/fresh_harq_after_two_cb_failures/seed_9101/run_manifest.json,7d89d4779e19efaf90ab7265848a58b423d6b75b47ccfd8594b0cfb9889c95e0,replace JSON environment.python_executable value only,<local-python-executable-redacted>
v0_7_rho070,results/raw_v0_7_rho070/V0_7_RHO070_F2_FRESH_HARQ_SHARED_CAP2/seed_9103/run_manifest.json,ea53f2af49d7bcaf14961feedc823cdc47f82d414eb507cb7561cfbc24cc88f7,data/raw/lower_load_policy_comparison/fresh_harq_after_two_cb_failures/seed_9103/run_manifest.json,5cd66b4def825a6b42014fa1ec48c0301a7807c38ef2165423701f07fbc905c3,replace JSON environment.python_executable value only,<local-python-executable-redacted>
v0_7_rho070,results/raw_v0_7_rho070/V0_7_RHO070_F2_FRESH_HARQ_SHARED_CAP2/seed_9102/run_manifest.json,6a033c5b4b95c527e1a7611ee02f072ab16145316ae1576f39ea5452d3308f7f,data/raw/lower_load_policy_comparison/fresh_harq_after_two_cb_failures/seed_9102/run_manifest.json,7e3c4cbe4343559507a9879a39081106100de4090f56aee010b285403d640d92,replace JSON environment.python_executable value only,<local-python-executable-redacted>
v0_7_rho070,results/raw_v0_7_rho070/V0_7_RHO070_F2_FRESH_HARQ_SHARED_CAP2/seed_9104/run_manifest.json,e78fc3adbfe2fbc96c76f5cd96b7336a426e7be017ff596640947221a98cad77,data/raw/lower_load_policy_comparison/fresh_harq_after_two_cb_failures/seed_9104/run_manifest.json,7b69b97d55479f74507b0d1627c17f7efed07a1e17ac61e714354bab1aa3bc9b,replace JSON environment.python_executable value only,<local-python-executable-redacted>
v0_7_rho070,results/raw_v0_7_rho070/V0_7_RHO070_F2_FRESH_HARQ_SHARED_CAP2/seed_9108/run_manifest.json,43853c400a181a8ba9ace3489c1337b880e9fd5f4e2e91360f3101efbc73512b,data/raw/lower_load_policy_comparison/fresh_harq_after_two_cb_failures/seed_9108/run_manifest.json,5a1f8a69a88bc144ba973e6f51982a83ee4a25b8b535b82f71e6e430986ce599,replace JSON environment.python_executable value only,<local-python-executable-redacted>
v0_8_test_d,results/raw_v0_8_test_d/V0_8_RHO090_FAST_CB_U0_3/seed_9105/run_manifest.json,d695f2010b7171e177aace67fc6ab5946f4e73b1ab4127aedfa1ce75f5bf775d,data/raw/fast_cb_reinjection_backoff/randomized_reinjection_backoff/seed_9105/run_manifest.json,3709488ddfa993301f7a0916c375496c91237cf66a294d95a623dd84029bf6a9,replace JSON environment.python_executable value only,<local-python-executable-redacted>
v0_8_test_d,results/raw_v0_8_test_d/V0_8_RHO090_FAST_CB_U0_3/seed_9106/run_manifest.json,df27a5ae751fb1d420fc3e25547fb11a2e1731fa7c289cf50ee3d91c97d5dd7c,data/raw/fast_cb_reinjection_backoff/randomized_reinjection_backoff/seed_9106/run_manifest.json,7f0f44f8c7b3b38d254149193fb87ebffb57cd101bf623666cb522a46a49b430,replace JSON environment.python_executable value only,<local-python-executable-redacted>
v0_8_test_d,results/raw_v0_8_test_d/V0_8_RHO090_FAST_CB_U0_3/seed_9107/run_manifest.json,e0a77ab432a0697407082aeccfc5fba013e6f01572710cf9e11bd3a1b1170e26,data/raw/fast_cb_reinjection_backoff/randomized_reinjection_backoff/seed_9107/run_manifest.json,4fe43564a02ca537438e2d26f95b6081e1661d04a8f2e79be83a19331871a3a5,replace JSON environment.python_executable value only,<local-python-executable-redacted>
v0_8_test_d,results/raw_v0_8_test_d/V0_8_RHO090_FAST_CB_U0_3/seed_9101/run_manifest.json,4dfe1f1706e74f35eb4fcec3597d81d677edb8a088dd9f6a545492e8723553cb,data/raw/fast_cb_reinjection_backoff/randomized_reinjection_backoff/seed_9101/run_manifest.json,d3d0d975b3be078e636782b313d0dcdedde35d7ca9d2230cb69c6249af9dbf26,replace JSON environment.python_executable value only,<local-python-executable-redacted>
v0_8_test_d,results/raw_v0_8_test_d/V0_8_RHO090_FAST_CB_U0_3/seed_9103/run_manifest.json,d9754318033ce608b3549737233ef9861115722f69f0ef314f7032550d55d42f,data/raw/fast_cb_reinjection_backoff/randomized_reinjection_backoff/seed_9103/run_manifest.json,c4182edb2bd9306e9fd816e021c60acf862b99cfca1da46b208d9a21765db00a,replace JSON environment.python_executable value only,<local-python-executable-redacted>
v0_8_test_d,results/raw_v0_8_test_d/V0_8_RHO090_FAST_CB_U0_3/seed_9102/run_manifest.json,9b55d55b302eb010af41f9b6419232e30acd5f846f37febc4ac6ea01b10d5114,data/raw/fast_cb_reinjection_backoff/randomized_reinjection_backoff/seed_9102/run_manifest.json,8856734f45fe949c4f5189e40afedd5b3b4f8283b9945bc80a99ab39b0a3d021,replace JSON environment.python_executable value only,<local-python-executable-redacted>
v0_8_test_d,results/raw_v0_8_test_d/V0_8_RHO090_FAST_CB_U0_3/seed_9104/run_manifest.json,caac11793ff819ebbc259040eab36e82a48050996eb6c2c2e26e3f8f3f365032,data/raw/fast_cb_reinjection_backoff/randomized_reinjection_backoff/seed_9104/run_manifest.json,ad7072375d31c08fdae2c5eb2b03e11e92d8da0f23c6dabc8e83ba575adaad4d,replace JSON environment.python_executable value only,<local-python-executable-redacted>
v0_8_test_d,results/raw_v0_8_test_d/V0_8_RHO090_FAST_CB_U0_3/seed_9108/run_manifest.json,e9af859b7dd13cc345561e6f38e1f176ff3c6d284fb1567afce8898ea8f79448,data/raw/fast_cb_reinjection_backoff/randomized_reinjection_backoff/seed_9108/run_manifest.json,200dbddd6cd8a171fcc6424c3679f1e72d369eee62a55c43007f3898f73c48d2,replace JSON environment.python_executable value only,<local-python-executable-redacted>
